sku_id,date,demand,forecast
SKU0005,2025-10-01,10,12.872363639219428
SKU0005,2025-10-02,20,13.282122546351232
SKU0005,2025-10-03,8,13.848442967749726
SKU0005,2025-10-04,14,13.250642496586778
SKU0005,2025-10-05,5,13.526404361386035
SKU0005,2025-10-06,10,13.254825378210603
SKU0005,2025-10-07,12,13.38378208839342
SKU0005,2025-10-08,21,13.171256849557192
SKU0005,2025-10-09,20,13.405667096391308
SKU0005,2025-10-10,5,13.777023752121643
SKU0005,2025-10-11,15,13.33154689300126
SKU0005,2025-10-12,10,12.885686649161366
SKU0005,2025-10-13,8,12.655849500235725
SKU0005,2025-10-14,11,12.702918717357841
SKU0005,2025-10-15,12,12.834281745176037
SKU0005,2025-10-16,16,13.243785254902184
SKU0005,2025-10-17,8,12.66744733748707
SKU0005,2025-10-18,6,12.56014782530619
SKU0005,2025-10-19,5,12.472572749513501
SKU0005,2025-10-20,11,12.492718320488855
SKU0005,2025-10-21,19,12.051956071081694
SKU0005,2025-10-22,18,12.165466947295634
SKU0005,2025-10-23,13,12.478427685501888
SKU0005,2025-10-24,23,12.357400131094911
SKU0005,2025-10-25,10,12.405983565512736
SKU0005,2025-10-26,13,12.777865922269587
SKU0005,2025-10-27,10,12.54774808422038
SKU0005,2025-10-28,10,12.602701597606526
SKU0005,2025-10-29,15,12.296395681468455
SKU0005,2025-10-30,10,12.521836136873283
SKU0005,2025-10-31,14,12.32176572959863
SKU0005,2025-11-01,11,13.916122951661142
SKU0005,2025-11-02,10,13.650093266325321
SKU0005,2025-11-03,9,13.659278021997158
SKU0005,2025-11-04,24,13.49161141533517
SKU0005,2025-11-05,9,13.888658043021984
SKU0005,2025-11-06,13,14.26674514690268
SKU0005,2025-11-07,7,14.094507700389974
SKU0005,2025-11-08,14,13.968075901679917
SKU0005,2025-11-09,19,13.734404869459134
SKU0005,2025-11-10,17,13.944605814869995
SKU0005,2025-11-11,21,14.125401432706695
SKU0005,2025-11-12,15,14.359417468700226
SKU0005,2025-11-13,20,14.916874671882235
SKU0005,2025-11-14,8,15.420260934827787
SKU0005,2025-11-15,25,15.350015451897955
SKU0005,2025-11-16,12,14.794454714641718
SKU0005,2025-11-17,18,15.16275633936853
SKU0005,2025-11-18,18,14.880513000950364
SKU0005,2025-11-19,22,15.311879980946749
SKU0005,2025-11-20,14,15.83300574399678
SKU0005,2025-11-21,20,15.68445476630439
SKU0005,2025-11-22,33,15.794219578377946
SKU0005,2025-11-23,11,16.93075743761894
SKU0005,2025-11-24,22,16.44384282858486
SKU0005,2025-11-25,17,17.2405479337702
SKU0005,2025-11-26,15,17.00640248473076
SKU0005,2025-11-27,10,17.399976029046286
SKU0005,2025-11-28,10,17.495733308089967
SKU0005,2025-11-29,9,16.628541047146555
SKU0005,2025-11-30,16,16.039595972232462
SKU0005,2025-12-01,10,16.26447155113664
SKU0005,2025-12-02,19,16.33671483560633
SKU0005,2025-12-03,15,16.385840120449572
SKU0005,2025-12-04,15,16.87143578809974
SKU0005,2025-12-05,20,17.15721128478268
SKU0005,2025-12-06,12,17.335253322560227
SKU0005,2025-12-07,22,17.909172675003546
SKU0005,2025-12-08,19,17.60426865298422
SKU0005,2025-12-09,22,17.35745335884648
SKU0005,2025-12-10,16,18.06157676434109
SKU0005,2025-12-11,19,18.235557574779847
SKU0005,2025-12-12,28,18.498291709906994
SKU0005,2025-12-13,17,18.969237238581155
SKU0005,2025-12-14,25,18.965032496104374
SKU0005,2025-12-15,23,18.735586638840502
SKU0005,2025-12-16,10,19.25818233623978
SKU0005,2025-12-17,14,19.662382055891303
SKU0005,2025-12-18,21,19.407163361838876
SKU0005,2025-12-19,28,19.341811432597947
SKU0005,2025-12-20,18,19.41389819756868
SKU0005,2025-12-21,23,19.7675611487565
SKU0005,2025-12-22,18,19.651993249533724
SKU0005,2025-12-23,23,19.411772505617854
SKU0005,2025-12-24,21,19.811186424085328
SKU0005,2025-12-25,11,19.829844570322102
SKU0005,2025-12-26,20,20.12647010157743
SKU0005,2025-12-27,20,19.778521834172558
SKU0005,2025-12-28,15,19.6792512468248
SKU0005,2025-12-29,16,19.96452210834527
SKU0005,2025-12-30,28,19.974414482373987
SKU0005,2025-12-31,29,20.074373364553004
SKU0006,2025-10-01,14,11.03492877897467
SKU0006,2025-10-02,6,10.9705240935894
SKU0006,2025-10-03,7,10.605465153891688
SKU0006,2025-10-04,5,10.458771061231088
SKU0006,2025-10-05,12,10.422010854697636
SKU0006,2025-10-06,16,10.334459882968709
SKU0006,2025-10-07,11,10.626166690037316
SKU0006,2025-10-08,6,10.546510458938755
SKU0006,2025-10-09,7,10.465741878928608
SKU0006,2025-10-10,9,10.268064469826578
SKU0006,2025-10-11,9,10.208348801663126
SKU0006,2025-10-12,8,10.198933337240291
SKU0006,2025-10-13,10,10.186689282110759
SKU0006,2025-10-14,12,10.131818997929857
SKU0006,2025-10-15,10,10.195715127207967
SKU0006,2025-10-16,11,10.14996690920288
SKU0006,2025-10-17,17,10.379586883188113
SKU0006,2025-10-18,6,10.303997659191458
SKU0006,2025-10-19,9,10.420532570131218
SKU0006,2025-10-20,16,10.145071950806221
SKU0006,2025-10-21,9,10.14661088014151
SKU0006,2025-10-22,9,10.316359341401913
SKU0006,2025-10-23,10,10.363349891994059
SKU0006,2025-10-24,15,10.372172366060175
SKU0006,2025-10-25,10,10.266690252205203
SKU0006,2025-10-26,12,10.374546139392184
SKU0006,2025-10-27,8,10.398031855078685
SKU0006,2025-10-28,1,10.332742778949683
SKU0006,2025-10-29,11,9.835230000985653
SKU0006,2025-10-30,8,9.731907038665833
SKU0006,2025-10-31,17,9.772148892187325
SKU0006,2025-11-01,10,10.958246532033606
SKU0006,2025-11-02,6,11.127042233991071
SKU0006,2025-11-03,11,10.714925678985725
SKU0006,2025-11-04,10,10.866089283233958
SKU0006,2025-11-05,11,11.043810766748033
SKU0006,2025-11-06,9,11.316950419976067
SKU0006,2025-11-07,11,11.082363257706549
SKU0006,2025-11-08,1,11.323101274873935
SKU0006,2025-11-09,14,10.676678326893992
SKU0006,2025-11-10,9,10.985855024957239
SKU0006,2025-11-11,20,10.843741581830052
SKU0006,2025-11-12,9,11.119574560059457
SKU0006,2025-11-13,6,11.449252198841942
SKU0006,2025-11-14,9,10.967446405214181
SKU0006,2025-11-15,5,10.98597102028409
SKU0006,2025-11-16,28,10.864999807855813
SKU0006,2025-11-17,14,11.223790189714066
SKU0006,2025-11-18,9,11.491085017385934
SKU0006,2025-11-19,12,11.601272991395104
SKU0006,2025-11-20,11,11.458096722462273
SKU0006,2025-11-21,5,11.51324507064891
SKU0006,2025-11-22,7,11.335822334278525
SKU0006,2025-11-23,14,11.173676809422133
SKU0006,2025-11-24,8,11.338808449668994
SKU0006,2025-11-25,17,11.14210151649159
SKU0006,2025-11-26,4,11.292754479788927
SKU0006,2025-11-27,8,11.24246451576431
SKU0006,2025-11-28,18,11.000190782763388
SKU0006,2025-11-29,18,11.34358935528731
SKU0006,2025-11-30,20,11.416571441573488
SKU0006,2025-12-01,9,12.84023857440114
SKU0006,2025-12-02,9,12.71205829594198
SKU0006,2025-12-03,14,12.812799928045902
SKU0006,2025-12-04,10,12.93373930414938
SKU0006,2025-12-05,12,13.012418947184715
SKU0006,2025-12-06,13,12.955052595721854
SKU0006,2025-12-07,20,13.064078672214494
SKU0006,2025-12-08,17,13.255474796532804
SKU0006,2025-12-09,9,13.8733370672896
SKU0006,2025-12-10,11,13.659636499824824
SKU0006,2025-12-11,16,13.65784043065124
SKU0006,2025-12-12,19,13.67867353726584
SKU0006,2025-12-13,4,14.486061992094195
SKU0006,2025-12-14,9,13.789523389861456
SKU0006,2025-12-15,19,13.72119183378205
SKU0006,2025-12-16,14,13.90410625328367
SKU0006,2025-12-17,19,13.881496945480741
SKU0006,2025-12-18,22,14.563780481796739
SKU0006,2025-12-19,11,14.731405533450811
SKU0006,2025-12-20,16,14.837252797968686
SKU0006,2025-12-21,17,14.82299972688821
SKU0006,2025-12-22,17,15.107132415611972
SKU0006,2025-12-23,16,15.304918537875253
SKU0006,2025-12-24,12,15.284353524306189
SKU0006,2025-12-25,24,15.544395134392918
SKU0006,2025-12-26,17,15.827705769191692
SKU0006,2025-12-27,22,15.683063387937654
SKU0006,2025-12-28,16,16.26685525186724
SKU0006,2025-12-29,17,16.249448530555394
SKU0006,2025-12-30,12,16.304977288780083
SKU0006,2025-12-31,11,15.984334760000781
SKU0007,2025-10-01,18,17.33450793868446
SKU0007,2025-10-02,18,16.828311972335328
SKU0007,2025-10-03,30,16.947489102845815
SKU0007,2025-10-04,17,16.298523692620247
SKU0007,2025-10-05,33,16.628418241419574
SKU0007,2025-10-06,27,16.161057546618416
SKU0007,2025-10-07,17,15.864459886092229
SKU0007,2025-10-08,37,17.541244601271664
SKU0007,2025-10-09,18,16.94579530072228
SKU0007,2025-10-10,13,16.736187083602378
SKU0007,2025-10-11,29,17.619034002943717
SKU0007,2025-10-12,22,16.893612525301556
SKU0007,2025-10-13,18,17.601704598485593
SKU0007,2025-10-14,13,17.367214886079672
SKU0007,2025-10-15,16,17.476714526886074
SKU0007,2025-10-16,15,17.77493650308205
SKU0007,2025-10-17,26,18.054024121487934
SKU0007,2025-10-18,21,17.759836707145325
SKU0007,2025-10-19,6,17.24896226907098
SKU0007,2025-10-20,14,18.297216541610936
SKU0007,2025-10-21,13,18.221456362007647
SKU0007,2025-10-22,20,17.391733992109423
SKU0007,2025-10-23,11,18.234004601826065
SKU0007,2025-10-24,16,18.119259112287306
SKU0007,2025-10-25,13,17.75432013162861
SKU0007,2025-10-26,12,17.64022886100987
SKU0007,2025-10-27,10,17.234982019075538
SKU0007,2025-10-28,16,16.79579222719785
SKU0007,2025-10-29,26,17.058199958425256
SKU0007,2025-10-30,14,17.802669875176345
SKU0007,2025-10-31,12,17.39571045484539
SKU0007,2025-11-01,25,19.43463648298987
SKU0007,2025-11-02,26,18.537849276900747
SKU0007,2025-11-03,14,18.76915039907793
SKU0007,2025-11-04,29,19.117184478294075
SKU0007,2025-11-05,24,19.544921251381712
SKU0007,2025-11-06,18,19.904329365457297
SKU0007,2025-11-07,17,20.905896346719487
SKU0007,2025-11-08,23,19.89921228758902
SKU0007,2025-11-09,12,20.70420840013656
SKU0007,2025-11-10,22,20.465721831634472
SKU0007,2025-11-11,41,19.52041892405092
SKU0007,2025-11-12,14,18.630659298395976
SKU0007,2025-11-13,9,19.481512332303204
SKU0007,2025-11-14,20,19.842633389567734
SKU0007,2025-11-15,38,19.369880052069433
SKU0007,2025-11-16,35,20.33579737137772
SKU0007,2025-11-17,20,21.035010488051046
SKU0007,2025-11-18,14,20.866858828047484
SKU0007,2025-11-19,31,22.442933382511637
SKU0007,2025-11-20,24,21.213043433250988
SKU0007,2025-11-21,25,21.11406403948457
SKU0007,2025-11-22,27,21.998785391084173
SKU0007,2025-11-23,20,22.484931169328053
SKU0007,2025-11-24,32,22.788674866198225
SKU0007,2025-11-25,35,22.071374932399113
SKU0007,2025-11-26,24,22.88687722211269
SKU0007,2025-11-27,23,23.44706137987912
SKU0007,2025-11-28,24,22.663489152111882
SKU0007,2025-11-29,45,22.440961816890926
SKU0007,2025-11-30,13,21.82712336236101
SKU0007,2025-12-01,20,25.267106117655164
SKU0007,2025-12-02,27,25.672715417373016
SKU0007,2025-12-03,26,24.099737174240225
SKU0007,2025-12-04,13,24.604363200545414
SKU0007,2025-12-05,24,25.28750507659674
SKU0007,2025-12-06,7,24.48318572208294
SKU0007,2025-12-07,37,25.265734144748976
SKU0007,2025-12-08,30,22.70452926005294
SKU0007,2025-12-09,16,23.152258398950174
SKU0007,2025-12-10,17,23.917491699086735
SKU0007,2025-12-11,29,24.604190245813133
SKU0007,2025-12-12,22,24.04860350609687
SKU0007,2025-12-13,11,24.100076167958044
SKU0007,2025-12-14,24,25.54503641944594
SKU0007,2025-12-15,29,24.35345196270193
SKU0007,2025-12-16,28,23.77088667167116
SKU0007,2025-12-17,22,24.06967921356209
SKU0007,2025-12-18,29,25.05528121056363
SKU0007,2025-12-19,22,24.69818054710803
SKU0007,2025-12-20,20,25.388138280603545
SKU0007,2025-12-21,27,24.971501395283514
SKU0007,2025-12-22,36,24.35890712622199
SKU0007,2025-12-23,16,25.81264336182547
SKU0007,2025-12-24,29,26.351521462813814
SKU0007,2025-12-25,28,25.295734679652515
SKU0007,2025-12-26,40,26.28351302365564
SKU0007,2025-12-27,28,26.053085653525184
SKU0007,2025-12-28,37,26.44050413447764
SKU0007,2025-12-29,36,25.53557893746555
SKU0007,2025-12-30,26,26.563692831114555
SKU0007,2025-12-31,28,27.252539137919587
SKU0010,2025-10-01,3,12.6882025923984
SKU0010,2025-10-02,7,12.719822720503167
SKU0010,2025-10-03,17,12.220984902520046
SKU0010,2025-10-04,15,12.182648808470526
SKU0010,2025-10-05,8,12.445492550573737
SKU0010,2025-10-06,6,12.559921409672114
SKU0010,2025-10-07,3,12.412770400878577
SKU0010,2025-10-08,6,12.260270793465072
SKU0010,2025-10-09,7,12.175803032802804
SKU0010,2025-10-10,10,11.840316288518952
SKU0010,2025-10-11,12,11.653346521913711
SKU0010,2025-10-12,5,11.591337426186946
SKU0010,2025-10-13,20,11.541536105251247
SKU0010,2025-10-14,10,11.662403968222225
SKU0010,2025-10-15,10,11.95376051048281
SKU0010,2025-10-16,26,11.77025658618162
SKU0010,2025-10-17,8,11.976267960838099
SKU0010,2025-10-18,29,12.05429424850894
SKU0010,2025-10-19,11,12.36599957342515
SKU0010,2025-10-20,4,12.817480392676858
SKU0010,2025-10-21,9,12.495727302080336
SKU0010,2025-10-22,13,12.47150340397128
SKU0010,2025-10-23,12,12.516102638857314
SKU0010,2025-10-24,1,12.531272139407521
SKU0010,2025-10-25,8,12.03086802511588
SKU0010,2025-10-26,21,11.74053247306843
SKU0010,2025-10-27,19,12.049246156200402
SKU0010,2025-10-28,18,12.624079215362062
SKU0010,2025-10-29,21,12.528299178508478
SKU0010,2025-10-30,12,12.581196202891855
SKU0010,2025-10-31,13,13.018396952664492
SKU0010,2025-11-01,17,13.72753613306656
SKU0010,2025-11-02,8,13.944025542143534
SKU0010,2025-11-03,14,13.61928931718707
SKU0010,2025-11-04,13,13.789314298291657
SKU0010,2025-11-05,7,13.655210694934327
SKU0010,2025-11-06,21,13.632152491850071
SKU0010,2025-11-07,18,13.789069843480126
SKU0010,2025-11-08,12,14.322587549961092
SKU0010,2025-11-09,14,14.302911093163228
SKU0010,2025-11-10,18,14.384692905711848
SKU0010,2025-11-11,18,14.73349139775994
SKU0010,2025-11-12,16,14.894199538098293
SKU0010,2025-11-13,14,14.761090419865512
SKU0010,2025-11-14,11,15.099235472942055
SKU0010,2025-11-15,14,14.9382323057545
SKU0010,2025-11-16,33,14.668488187101072
SKU0010,2025-11-17,15,14.825154031390054
SKU0010,2025-11-18,21,15.374500970917035
SKU0010,2025-11-19,12,15.39663665046309
SKU0010,2025-11-20,12,15.732989712380787
SKU0010,2025-11-21,17,15.821865364603442
SKU0010,2025-11-22,12,15.672775606542572
SKU0010,2025-11-23,17,15.50914893090926
SKU0010,2025-11-24,21,16.054785593502146
SKU0010,2025-11-25,20,16.406658631904893
SKU0010,2025-11-26,17,16.65618009237028
SKU0010,2025-11-27,20,17.138028996047243
SKU0010,2025-11-28,25,16.837021627377045
SKU0010,2025-11-29,23,17.0291778519163
SKU0010,2025-11-30,22,17.115452869115906
SKU0010,2025-12-01,19,17.866019660016917
SKU0010,2025-12-02,16,18.30347608735939
SKU0010,2025-12-03,19,18.25393040268543
SKU0010,2025-12-04,25,18.22927802019332
SKU0010,2025-12-05,20,18.27975946936653
SKU0010,2025-12-06,17,18.784142134592894
SKU0010,2025-12-07,24,19.03738127821948
SKU0010,2025-12-08,17,18.985293571322437
SKU0010,2025-12-09,27,19.35076689699594
SKU0010,2025-12-10,28,18.995363310568344
SKU0010,2025-12-11,29,19.4706482559689
SKU0010,2025-12-12,38,19.822109903193514
SKU0010,2025-12-13,22,20.05316504488456
SKU0010,2025-12-14,23,20.292111654477655
SKU0010,2025-12-15,10,20.29231856965954
SKU0010,2025-12-16,13,20.75643987559433
SKU0010,2025-12-17,17,20.509998706732798
SKU0010,2025-12-18,6,19.93207653142359
SKU0010,2025-12-19,23,19.504415895054752
SKU0010,2025-12-20,21,19.615697400115565
SKU0010,2025-12-21,24,19.77727811672008
SKU0010,2025-12-22,28,19.902051045601404
SKU0010,2025-12-23,10,20.778259807710487
SKU0010,2025-12-24,29,20.999653474803708
SKU0010,2025-12-25,24,20.486594257778837
SKU0010,2025-12-26,11,20.347067529444693
SKU0010,2025-12-27,14,21.359760153382368
SKU0010,2025-12-28,25,20.712568027685865
SKU0010,2025-12-29,18,20.646627803378706
SKU0010,2025-12-30,24,20.63444102388029
SKU0010,2025-12-31,27,20.813601287267876
SKU0012,2025-10-01,20,18.361260254674487
SKU0012,2025-10-02,16,17.82069822100466
SKU0012,2025-10-03,10,17.727950237715117
SKU0012,2025-10-04,15,17.978444861437268
SKU0012,2025-10-05,23,17.429132993258573
SKU0012,2025-10-06,11,17.133152496623755
SKU0012,2025-10-07,23,17.31216391653489
SKU0012,2025-10-08,29,17.279217020447696
SKU0012,2025-10-09,19,17.389019317736018
SKU0012,2025-10-10,6,16.948158967819783
SKU0012,2025-10-11,23,17.49366814192924
SKU0012,2025-10-12,22,17.14576526144749
SKU0012,2025-10-13,14,16.55240396164795
SKU0012,2025-10-14,28,16.889443114497357
SKU0012,2025-10-15,18,17.031254326289755
SKU0012,2025-10-16,39,17.30227484947875
SKU0012,2025-10-17,18,17.173472232579194
SKU0012,2025-10-18,20,17.4701969239614
SKU0012,2025-10-19,27,17.7267171720264
SKU0012,2025-10-20,31,17.96389504249186
SKU0012,2025-10-21,17,17.071578964593783
SKU0012,2025-10-22,21,17.68509040264308
SKU0012,2025-10-23,10,17.918925369174662
SKU0012,2025-10-24,21,17.98351198344532
SKU0012,2025-10-25,10,17.423659778465737
SKU0012,2025-10-26,17,17.767936941326816
SKU0012,2025-10-27,13,17.475954837198547
SKU0012,2025-10-28,17,17.343816671899024
SKU0012,2025-10-29,23,17.56251714547887
SKU0012,2025-10-30,20,16.48640512329506
SKU0012,2025-10-31,5,17.616026136747326
SKU0012,2025-11-01,8,18.70509163994176
SKU0012,2025-11-02,21,18.037316421988105
SKU0012,2025-11-03,18,18.014272640729494
SKU0012,2025-11-04,28,19.160267552663246
SKU0012,2025-11-05,10,18.795016295153417
SKU0012,2025-11-06,12,20.026763366540468
SKU0012,2025-11-07,23,19.546145626771413
SKU0012,2025-11-08,12,18.94379730120508
SKU0012,2025-11-09,13,19.0381904913213
SKU0012,2025-11-10,29,19.58281687252109
SKU0012,2025-11-11,22,18.55355198679573
SKU0012,2025-11-12,13,18.76442362571653
SKU0012,2025-11-13,20,20.299994188038717
SKU0012,2025-11-14,24,19.80281658610421
SKU0012,2025-11-15,11,19.789322953515217
SKU0012,2025-11-16,0,19.714889348622616
SKU0012,2025-11-17,12,18.23897207373165
SKU0012,2025-11-18,9,18.628929563364252
SKU0012,2025-11-19,29,18.708106289394735
SKU0012,2025-11-20,23,18.2425105560438
SKU0012,2025-11-21,37,18.25391220869075
SKU0012,2025-11-22,25,18.842508630363064
SKU0012,2025-11-23,23,18.918098848720675
SKU0012,2025-11-24,15,19.031961528021114
SKU0012,2025-11-25,10,19.92651540471813
SKU0012,2025-11-26,9,20.899452235300913
SKU0012,2025-11-27,34,20.182261090234405
SKU0012,2025-11-28,27,20.15178862783594
SKU0012,2025-11-29,23,20.27314793944412
SKU0012,2025-11-30,26,20.977343317062168
SKU0012,2025-12-01,38,22.787353607482196
SKU0012,2025-12-02,16,23.5986695240858
SKU0012,2025-12-03,24,23.569658862564456
SKU0012,2025-12-04,23,23.74080122692884
SKU0012,2025-12-05,30,23.03550143652311
SKU0012,2025-12-06,25,23.672676607246096
SKU0012,2025-12-07,15,24.29494509849133
SKU0012,2025-12-08,25,24.519118007635743
SKU0012,2025-12-09,27,24.377740946730377
SKU0012,2025-12-10,41,25.062067492845134
SKU0012,2025-12-11,26,25.18291033027827
SKU0012,2025-12-12,21,25.01064484207761
SKU0012,2025-12-13,30,24.99028008573249
SKU0012,2025-12-14,28,25.43644167938392
SKU0012,2025-12-15,41,24.5436200258608
SKU0012,2025-12-16,31,24.43863320105746
SKU0012,2025-12-17,27,25.260634114443747
SKU0012,2025-12-18,25,25.49462925358611
SKU0012,2025-12-19,28,25.3042770470337
SKU0012,2025-12-20,29,25.711019211647656
SKU0012,2025-12-21,40,25.58103354819718
SKU0012,2025-12-22,38,25.940453909117725
SKU0012,2025-12-23,34,26.34830217581462
SKU0012,2025-12-24,31,25.930086919343637
SKU0012,2025-12-25,23,25.57564689445317
SKU0012,2025-12-26,34,26.388880315549233
SKU0012,2025-12-27,32,26.034131350388957
SKU0012,2025-12-28,20,26.047028015553497
SKU0012,2025-12-29,43,25.673933472835078
SKU0012,2025-12-30,17,25.878029785665174
SKU0012,2025-12-31,37,26.510198774913913
SKU0014,2025-10-01,5,13.611345765338267
SKU0014,2025-10-02,7,13.397862958495937
SKU0014,2025-10-03,13,12.734580120275558
SKU0014,2025-10-04,12,12.933527672006635
SKU0014,2025-10-05,9,12.965362853866493
SKU0014,2025-10-06,7,13.026600176976896
SKU0014,2025-10-07,12,12.828653706260358
SKU0014,2025-10-08,26,12.902482342196619
SKU0014,2025-10-09,28,13.221543386225147
SKU0014,2025-10-10,6,13.311842985380165
SKU0014,2025-10-11,23,13.498456029827622
SKU0014,2025-10-12,12,13.431559763456702
SKU0014,2025-10-13,14,13.37975075051096
SKU0014,2025-10-14,22,13.323886702663694
SKU0014,2025-10-15,19,13.117650912896709
SKU0014,2025-10-16,18,13.455812674405744
SKU0014,2025-10-17,12,13.509915553327858
SKU0014,2025-10-18,19,13.622551201748099
SKU0014,2025-10-19,15,13.373489988529933
SKU0014,2025-10-20,4,13.44568487886781
SKU0014,2025-10-21,19,13.211470316273823
SKU0014,2025-10-22,19,13.266779910658254
SKU0014,2025-10-23,17,13.587404361756516
SKU0014,2025-10-24,10,13.753683315873788
SKU0014,2025-10-25,13,13.492480904470447
SKU0014,2025-10-26,23,13.429729331210666
SKU0014,2025-10-27,15,13.867885632135314
SKU0014,2025-10-28,8,13.812589291528578
SKU0014,2025-10-29,16,13.561955532725683
SKU0014,2025-10-30,20,13.629586352668232
SKU0014,2025-10-31,13,13.834491455180249
SKU0014,2025-11-01,20,15.288930304062314
SKU0014,2025-11-02,8,15.742010049396216
SKU0014,2025-11-03,17,15.430856433331007
SKU0014,2025-11-04,8,15.625516893628973
SKU0014,2025-11-05,8,15.649350706836394
SKU0014,2025-11-06,15,15.749901256636065
SKU0014,2025-11-07,26,15.558587885017632
SKU0014,2025-11-08,12,15.997936447981985
SKU0014,2025-11-09,18,15.304809631030093
SKU0014,2025-11-10,23,16.011485489824437
SKU0014,2025-11-11,15,16.261371125561144
SKU0014,2025-11-12,9,16.320288813225297
SKU0014,2025-11-13,9,16.265449678721172
SKU0014,2025-11-14,12,15.39300805588888
SKU0014,2025-11-15,18,15.038006981885463
SKU0014,2025-11-16,15,14.853136152465979
SKU0014,2025-11-17,15,15.251418041171982
SKU0014,2025-11-18,16,15.37195421384128
SKU0014,2025-11-19,15,15.560313738066636
SKU0014,2025-11-20,17,16.339470464761924
SKU0014,2025-11-21,34,16.25583213523223
SKU0014,2025-11-22,12,17.72253427768569
SKU0014,2025-11-23,16,17.6402632935763
SKU0014,2025-11-24,18,16.69895291150961
SKU0014,2025-11-25,17,17.588789439683804
SKU0014,2025-11-26,7,18.035594715081487
SKU0014,2025-11-27,9,17.22889247055722
SKU0014,2025-11-28,27,16.506665693560123
SKU0014,2025-11-29,10,17.494370814438938
SKU0014,2025-11-30,13,17.4227888640621
SKU0014,2025-12-01,18,17.940004407517502
SKU0014,2025-12-02,21,18.13111974044875
SKU0014,2025-12-03,10,18.63670745108942
SKU0014,2025-12-04,20,18.59533876454137
SKU0014,2025-12-05,10,18.412041062699686
SKU0014,2025-12-06,6,18.73125949145005
SKU0014,2025-12-07,23,18.034568184728023
SKU0014,2025-12-08,20,18.444716940381717
SKU0014,2025-12-09,15,18.834243434684605
SKU0014,2025-12-10,7,18.992628969227564
SKU0014,2025-12-11,12,18.031002778372518
SKU0014,2025-12-12,19,17.578818886053607
SKU0014,2025-12-13,32,18.61123720461027
SKU0014,2025-12-14,24,19.048215452705275
SKU0014,2025-12-15,29,19.858254280667147
SKU0014,2025-12-16,13,20.25997377533202
SKU0014,2025-12-17,24,20.613064487887765
SKU0014,2025-12-18,29,20.18123132469744
SKU0014,2025-12-19,20,20.43256882996894
SKU0014,2025-12-20,15,20.52267257324545
SKU0014,2025-12-21,18,20.466084168360037
SKU0014,2025-12-22,18,19.80609087515774
SKU0014,2025-12-23,24,19.904850051573586
SKU0014,2025-12-24,20,20.36993482323999
SKU0014,2025-12-25,21,20.774182292208593
SKU0014,2025-12-26,27,20.710917688476858
SKU0014,2025-12-27,25,20.490597998207868
SKU0014,2025-12-28,21,20.977541903050298
SKU0014,2025-12-29,21,20.952998126789343
SKU0014,2025-12-30,20,21.127365481909482
SKU0014,2025-12-31,24,21.45472785271903
SKU0015,2025-10-01,6,10.210310131767132
SKU0015,2025-10-02,10,10.233421027393614
SKU0015,2025-10-03,7,10.324833455993156
SKU0015,2025-10-04,5,10.240132430014308
SKU0015,2025-10-05,17,9.992323423228475
SKU0015,2025-10-06,11,9.970356368291656
SKU0015,2025-10-07,9,10.165102717731745
SKU0015,2025-10-08,13,9.98656843015394
SKU0015,2025-10-09,13,9.94869538733499
SKU0015,2025-10-10,2,10.266460606793954
SKU0015,2025-10-11,15,10.13655981396638
SKU0015,2025-10-12,13,10.309659828115192
SKU0015,2025-10-13,10,10.202859656951945
SKU0015,2025-10-14,8,10.005152960476302
SKU0015,2025-10-15,17,10.12377595227693
SKU0015,2025-10-16,10,10.021658470611946
SKU0015,2025-10-17,13,10.062176364059123
SKU0015,2025-10-18,8,10.114513977972438
SKU0015,2025-10-19,7,10.2583160935038
SKU0015,2025-10-20,8,9.936946852666285
SKU0015,2025-10-21,21,9.76685826852696
SKU0015,2025-10-22,16,10.024778119730813
SKU0015,2025-10-23,17,10.497877089736662
SKU0015,2025-10-24,17,10.736036226855624
SKU0015,2025-10-25,16,11.273231339381931
SKU0015,2025-10-26,24,11.263785083356831
SKU0015,2025-10-27,17,11.48147338387936
SKU0015,2025-10-28,9,11.315835797120595
SKU0015,2025-10-29,12,11.397055227677436
SKU0015,2025-10-30,13,11.24138447583721
SKU0015,2025-10-31,16,11.422345193011713
SKU0015,2025-11-01,12,12.803170056018303
SKU0015,2025-11-02,9,12.790577390659731
SKU0015,2025-11-03,14,12.816900054802337
SKU0015,2025-11-04,7,12.932206973870661
SKU0015,2025-11-05,12,12.933370866107442
SKU0015,2025-11-06,16,12.94873698643922
SKU0015,2025-11-07,21,13.001636426566707
SKU0015,2025-11-08,13,13.477111989738539
SKU0015,2025-11-09,10,13.5164781677382
SKU0015,2025-11-10,16,13.871058223575787
SKU0015,2025-11-11,5,13.811358015665828
SKU0015,2025-11-12,7,13.606467252818398
SKU0015,2025-11-13,27,13.445396353000689
SKU0015,2025-11-14,19,14.103391357266128
SKU0015,2025-11-15,8,14.654757615663788
SKU0015,2025-11-16,13,14.616501215950441
SKU0015,2025-11-17,10,14.484998958232353
SKU0015,2025-11-18,9,14.532617331063314
SKU0015,2025-11-19,6,14.363056401078477
SKU0015,2025-11-20,13,14.22421243684545
SKU0015,2025-11-21,15,14.350927313004515
SKU0015,2025-11-22,20,14.283651331707695
SKU0015,2025-11-23,13,14.422650970459054
SKU0015,2025-11-24,10,14.36338430719574
SKU0015,2025-11-25,8,14.157214929385868
SKU0015,2025-11-26,15,13.909868758615772
SKU0015,2025-11-27,8,13.573482771680144
SKU0015,2025-11-28,22,13.823091373621436
SKU0015,2025-11-29,7,13.746509427834058
SKU0015,2025-11-30,23,13.981153477637468
SKU0015,2025-12-01,16,14.577698558528589
SKU0015,2025-12-02,18,14.575330660081542
SKU0015,2025-12-03,15,14.827899478363571
SKU0015,2025-12-04,15,15.28651340350554
SKU0015,2025-12-05,14,15.336034404205154
SKU0015,2025-12-06,18,15.64664428368546
SKU0015,2025-12-07,16,15.233679159345636
SKU0015,2025-12-08,11,15.514268170952352
SKU0015,2025-12-09,10,15.482679680218471
SKU0015,2025-12-10,15,15.255250120870526
SKU0015,2025-12-11,16,15.239461042748951
SKU0015,2025-12-12,17,15.35828331691778
SKU0015,2025-12-13,19,15.964116093347823
SKU0015,2025-12-14,16,15.789215633552939
SKU0015,2025-12-15,21,15.700413387929236
SKU0015,2025-12-16,11,16.211312654863814
SKU0015,2025-12-17,15,16.312863857724153
SKU0015,2025-12-18,17,16.35991657471641
SKU0015,2025-12-19,10,16.239018514042012
SKU0015,2025-12-20,16,16.432518125751855
SKU0015,2025-12-21,29,16.334363234305307
SKU0015,2025-12-22,17,16.55865728221714
SKU0015,2025-12-23,18,17.089723742989175
SKU0015,2025-12-24,7,17.215008011225688
SKU0015,2025-12-25,26,17.10895261921523
SKU0015,2025-12-26,23,17.211817707189415
SKU0015,2025-12-27,18,17.19746805820484
SKU0015,2025-12-28,13,17.435803784142657
SKU0015,2025-12-29,20,17.446298400279783
SKU0015,2025-12-30,13,17.12725539131534
SKU0015,2025-12-31,13,17.55312417137421
SKU0021,2025-10-01,4,5.60748623446147
SKU0021,2025-10-02,4,5.450381429870825
SKU0021,2025-10-03,9,5.498587581659177
SKU0021,2025-10-04,0,5.884436724260602
SKU0021,2025-10-05,10,5.618031989446104
SKU0021,2025-10-06,6,5.408061605923371
SKU0021,2025-10-07,5,5.460857651118264
SKU0021,2025-10-08,3,5.535489104663058
SKU0021,2025-10-09,3,5.584121093621194
SKU0021,2025-10-10,12,5.551435003037674
SKU0021,2025-10-11,5,5.796113521980268
SKU0021,2025-10-12,10,5.519529319311936
SKU0021,2025-10-13,4,5.69238108330934
SKU0021,2025-10-14,3,5.550063710340537
SKU0021,2025-10-15,2,5.304679159236332
SKU0021,2025-10-16,4,5.360811089898968
SKU0021,2025-10-17,3,5.46320471698594
SKU0021,2025-10-18,8,5.463214999583076
SKU0021,2025-10-19,4,5.4418030268202005
SKU0021,2025-10-20,1,5.372454344812648
SKU0021,2025-10-21,6,5.3846183392221985
SKU0021,2025-10-22,6,5.276125894991215
SKU0021,2025-10-23,6,5.186292692865244
SKU0021,2025-10-24,9,5.310610450672553
SKU0021,2025-10-25,12,5.464791279585059
SKU0021,2025-10-26,9,5.575870987179913
SKU0021,2025-10-27,5,5.5741102353652945
SKU0021,2025-10-28,3,5.472434291732314
SKU0021,2025-10-29,9,5.241368623615155
SKU0021,2025-10-30,8,5.376941587906159
SKU0021,2025-10-31,1,5.613182796814331
SKU0021,2025-11-01,6,5.968546503678644
SKU0021,2025-11-02,7,5.925840909835241
SKU0021,2025-11-03,0,5.836308046185263
SKU0021,2025-11-04,6,5.958090883072836
SKU0021,2025-11-05,10,6.040676754518558
SKU0021,2025-11-06,6,6.1680561907666185
SKU0021,2025-11-07,4,6.209073880822131
SKU0021,2025-11-08,5,6.055507845180811
SKU0021,2025-11-09,5,6.151065014959901
SKU0021,2025-11-10,6,6.037859972747076
SKU0021,2025-11-11,5,5.954901265785231
SKU0021,2025-11-12,6,6.083242789385089
SKU0021,2025-11-13,6,6.016521232501775
SKU0021,2025-11-14,10,5.78207694245655
SKU0021,2025-11-15,10,6.20226105122866
SKU0021,2025-11-16,3,6.465175141533209
SKU0021,2025-11-17,9,6.324955522440287
SKU0021,2025-11-18,8,6.509144997497954
SKU0021,2025-11-19,7,6.557782330074503
SKU0021,2025-11-20,5,6.8246111384908605
SKU0021,2025-11-21,4,6.7832963469378145
SKU0021,2025-11-22,6,6.621210142312759
SKU0021,2025-11-23,6,6.593803777284577
SKU0021,2025-11-24,8,6.333516798204724
SKU0021,2025-11-25,4,6.546444692884537
SKU0021,2025-11-26,14,6.320885828988294
SKU0021,2025-11-27,5,6.532600563433112
SKU0021,2025-11-28,5,6.916622628400687
SKU0021,2025-11-29,9,6.468747083540719
SKU0021,2025-11-30,6,6.357474179716765
SKU0021,2025-12-01,10,7.050869611148826
SKU0021,2025-12-02,2,7.094676439013422
SKU0021,2025-12-03,7,6.940001361564786
SKU0021,2025-12-04,9,7.0885366911283345
SKU0021,2025-12-05,7,7.335033261042557
SKU0021,2025-12-06,10,7.230107313949643
SKU0021,2025-12-07,3,7.423244036589821
SKU0021,2025-12-08,10,7.47725961431461
SKU0021,2025-12-09,9,7.416003349964555
SKU0021,2025-12-10,13,7.630786710438324
SKU0021,2025-12-11,6,7.992448921245452
SKU0021,2025-12-12,10,7.754564739106293
SKU0021,2025-12-13,8,7.80582256624732
SKU0021,2025-12-14,9,7.8000396510915
SKU0021,2025-12-15,14,7.844121085565778
SKU0021,2025-12-16,9,8.316635490688757
SKU0021,2025-12-17,4,8.403112322773069
SKU0021,2025-12-18,8,7.830498546977521
SKU0021,2025-12-19,12,7.921326536861591
SKU0021,2025-12-20,8,8.124405894992194
SKU0021,2025-12-21,4,7.954753148999455
SKU0021,2025-12-22,3,8.11646717568181
SKU0021,2025-12-23,9,7.945524875330565
SKU0021,2025-12-24,13,7.987391177683624
SKU0021,2025-12-25,7,8.357202415958998
SKU0021,2025-12-26,15,8.542682413083911
SKU0021,2025-12-27,3,9.024922964173971
SKU0021,2025-12-28,11,8.479076669625671
SKU0021,2025-12-29,5,8.532765506051676
SKU0021,2025-12-30,8,8.309384642374308
SKU0021,2025-12-31,2,8.49016932457883
SKU0024,2025-10-01,6,8.409564754665519
SKU0024,2025-10-02,9,8.52486576948516
SKU0024,2025-10-03,14,8.492169585724534
SKU0024,2025-10-04,16,8.844740833092052
SKU0024,2025-10-05,17,9.033167825906343
SKU0024,2025-10-06,3,8.992765002221798
SKU0024,2025-10-07,8,8.830483288920739
SKU0024,2025-10-08,2,9.030839985777218
SKU0024,2025-10-09,13,8.471166707542398
SKU0024,2025-10-10,4,8.458125620540967
SKU0024,2025-10-11,2,8.280984093700916
SKU0024,2025-10-12,7,8.140656025589381
SKU0024,2025-10-13,4,7.93251010763899
SKU0024,2025-10-14,12,8.131499018454285
SKU0024,2025-10-15,7,8.164998945778159
SKU0024,2025-10-16,12,8.320610210380414
SKU0024,2025-10-17,7,8.316588813618484
SKU0024,2025-10-18,9,8.140708392308339
SKU0024,2025-10-19,4,8.039273172367425
SKU0024,2025-10-20,13,7.478351017025567
SKU0024,2025-10-21,6,7.970281616449945
SKU0024,2025-10-22,1,7.356042753721999
SKU0024,2025-10-23,8,7.452543649163137
SKU0024,2025-10-24,8,7.772133958606117
SKU0024,2025-10-25,9,7.435803979794916
SKU0024,2025-10-26,16,7.554058236933584
SKU0024,2025-10-27,2,8.165113866297318
SKU0024,2025-10-28,10,7.805322947738077
SKU0024,2025-10-29,16,7.693231159970747
SKU0024,2025-10-30,3,8.569779330254008
SKU0024,2025-10-31,10,8.015810352149138
SKU0024,2025-11-01,10,8.810010527948641
SKU0024,2025-11-02,11,8.822426495288925
SKU0024,2025-11-03,16,9.232374317356015
SKU0024,2025-11-04,16,9.389875805946312
SKU0024,2025-11-05,6,9.127699905151463
SKU0024,2025-11-06,10,9.667021501614768
SKU0024,2025-11-07,13,9.72362790901874
SKU0024,2025-11-08,9,9.940543307050346
SKU0024,2025-11-09,10,9.81899935591031
SKU0024,2025-11-10,8,9.703939353779317
SKU0024,2025-11-11,15,10.107327940861978
SKU0024,2025-11-12,11,10.41060620753187
SKU0024,2025-11-13,17,10.455013242171956
SKU0024,2025-11-14,13,10.604089231118714
SKU0024,2025-11-15,9,10.821791273698416
SKU0024,2025-11-16,12,10.665809246031682
SKU0024,2025-11-17,6,10.709339608636885
SKU0024,2025-11-18,14,10.697046320556558
SKU0024,2025-11-19,12,10.565516090992729
SKU0024,2025-11-20,8,10.871307034334592
SKU0024,2025-11-21,11,10.7359465999819
SKU0024,2025-11-22,18,10.915884579899593
SKU0024,2025-11-23,15,11.045184896851337
SKU0024,2025-11-24,8,12.03125968392533
SKU0024,2025-11-25,10,12.104779430121182
SKU0024,2025-11-26,11,11.258234424255289
SKU0024,2025-11-27,12,12.140253416174726
SKU0024,2025-11-28,15,12.182684956091387
SKU0024,2025-11-29,9,12.118412230237999
SKU0024,2025-11-30,10,12.428979043528733
SKU0024,2025-12-01,11,12.375317381464862
SKU0024,2025-12-02,13,12.379408161680894
SKU0024,2025-12-03,17,12.324506553556235
SKU0024,2025-12-04,9,12.225674343897799
SKU0024,2025-12-05,16,12.415740823060792
SKU0024,2025-12-06,7,12.559458148762483
SKU0024,2025-12-07,6,12.731735364871126
SKU0024,2025-12-08,17,12.436933536038094
SKU0024,2025-12-09,18,12.49574874216854
SKU0024,2025-12-10,8,12.999741731097574
SKU0024,2025-12-11,16,13.126814592825278
SKU0024,2025-12-12,10,13.012162113295872
SKU0024,2025-12-13,12,13.25561122815477
SKU0024,2025-12-14,8,13.048770819476125
SKU0024,2025-12-15,12,13.00132183240656
SKU0024,2025-12-16,9,13.094127111701438
SKU0024,2025-12-17,11,12.936354071308536
SKU0024,2025-12-18,18,13.11842376502082
SKU0024,2025-12-19,10,13.018163517475628
SKU0024,2025-12-20,18,13.235732143710576
SKU0024,2025-12-21,11,13.418087323601165
SKU0024,2025-12-22,9,13.518495940468398
SKU0024,2025-12-23,13,13.45739988972016
SKU0024,2025-12-24,18,13.267863403174246
SKU0024,2025-12-25,14,13.558328017243449
SKU0024,2025-12-26,20,13.719714183653469
SKU0024,2025-12-27,16,14.406316331003268
SKU0024,2025-12-28,14,14.400371214823204
SKU0024,2025-12-29,12,14.492932798921798
SKU0024,2025-12-30,18,14.111360090462222
SKU0024,2025-12-31,14,14.58472828241866
SKU0026,2025-10-01,4,7.328394282644485
SKU0026,2025-10-02,2,7.333513850657269
SKU0026,2025-10-03,7,6.923990042846081
SKU0026,2025-10-04,2,6.843187050275218
SKU0026,2025-10-05,2,6.967301155436779
SKU0026,2025-10-06,9,6.768639946473057
SKU0026,2025-10-07,10,6.631858507639801
SKU0026,2025-10-08,9,6.818833057994847
SKU0026,2025-10-09,9,7.126581292475711
SKU0026,2025-10-10,9,7.111432266650705
SKU0026,2025-10-11,7,6.839192988590008
SKU0026,2025-10-12,3,7.141092840696472
SKU0026,2025-10-13,10,6.9890862184715905
SKU0026,2025-10-14,6,7.1062215018442245
SKU0026,2025-10-15,4,6.8154336177898776
SKU0026,2025-10-16,14,6.86014818470925
SKU0026,2025-10-17,9,6.9380152341446015
SKU0026,2025-10-18,7,6.7978371972314156
SKU0026,2025-10-19,12,6.749791442358183
SKU0026,2025-10-20,16,7.133155631924122
SKU0026,2025-10-21,14,7.499344653424137
SKU0026,2025-10-22,8,7.684298398095204
SKU0026,2025-10-23,8,7.982688115496648
SKU0026,2025-10-24,9,7.753208836225943
SKU0026,2025-10-25,9,8.075451963479496
SKU0026,2025-10-26,10,7.876219690292637
SKU0026,2025-10-27,9,7.582309145670019
SKU0026,2025-10-28,1,7.950031583305723
SKU0026,2025-10-29,9,7.492367616746706
SKU0026,2025-10-30,1,7.6269396176000175
SKU0026,2025-10-31,7,6.880856055862262
SKU0026,2025-11-01,9,7.540135235520878
SKU0026,2025-11-02,15,8.147141777672214
SKU0026,2025-11-03,6,8.496202088271628
SKU0026,2025-11-04,14,8.615898632290627
SKU0026,2025-11-05,13,8.923775673303448
SKU0026,2025-11-06,3,9.352057002764044
SKU0026,2025-11-07,11,8.837261648638023
SKU0026,2025-11-08,8,9.047332658196126
SKU0026,2025-11-09,13,9.007176829475842
SKU0026,2025-11-10,5,9.567331754421021
SKU0026,2025-11-11,5,8.735370740735288
SKU0026,2025-11-12,7,8.87663873321782
SKU0026,2025-11-13,9,8.65947001069813
SKU0026,2025-11-14,10,8.72804210991114
SKU0026,2025-11-15,13,9.20801794229482
SKU0026,2025-11-16,9,9.16380926019698
SKU0026,2025-11-17,8,9.050983913261623
SKU0026,2025-11-18,5,9.199609978111994
SKU0026,2025-11-19,11,8.972156826703879
SKU0026,2025-11-20,2,8.98776307000867
SKU0026,2025-11-21,8,8.804673435488086
SKU0026,2025-11-22,16,8.707329555520365
SKU0026,2025-11-23,7,9.240592925156575
SKU0026,2025-11-24,7,9.134985472289005
SKU0026,2025-11-25,9,9.057853743495405
SKU0026,2025-11-26,5,8.97472451049732
SKU0026,2025-11-27,8,8.95586863707726
SKU0026,2025-11-28,8,9.134757745104164
SKU0026,2025-11-29,13,9.090355925662534
SKU0026,2025-11-30,2,9.158458263635291
SKU0026,2025-12-01,12,9.323482060801405
SKU0026,2025-12-02,13,9.39144417621752
SKU0026,2025-12-03,9,9.718709584165909
SKU0026,2025-12-04,10,9.651390962374046
SKU0026,2025-12-05,14,9.93183565067779
SKU0026,2025-12-06,15,10.213436852996967
SKU0026,2025-12-07,5,10.601394400740624
SKU0026,2025-12-08,8,10.162686918620006
SKU0026,2025-12-09,2,10.229109551570442
SKU0026,2025-12-10,10,9.589034043641309
SKU0026,2025-12-11,13,9.652453672074472
SKU0026,2025-12-12,7,10.137469429200832
SKU0026,2025-12-13,21,9.915287150052563
SKU0026,2025-12-14,12,10.186178609654744
SKU0026,2025-12-15,14,10.949460604156979
SKU0026,2025-12-16,14,10.774848147485114
SKU0026,2025-12-17,15,10.7444064385293
SKU0026,2025-12-18,10,11.034250563009932
SKU0026,2025-12-19,8,11.260878137128126
SKU0026,2025-12-20,20,11.05927659540971
SKU0026,2025-12-21,15,11.137381764213222
SKU0026,2025-12-22,9,11.686364698450504
SKU0026,2025-12-23,12,11.165883845115868
SKU0026,2025-12-24,8,11.643137872409694
SKU0026,2025-12-25,8,11.637043314247839
SKU0026,2025-12-26,16,11.527752879985183
SKU0026,2025-12-27,20,11.38727094695832
SKU0026,2025-12-28,15,12.294253391691816
SKU0026,2025-12-29,4,12.676568335196999
SKU0026,2025-12-30,11,12.284325569740115
SKU0026,2025-12-31,16,12.406550892561516
SKU0027,2025-10-01,19,11.143712794254494
SKU0027,2025-10-02,8,11.300822394939836
SKU0027,2025-10-03,7,11.077162222980249
SKU0027,2025-10-04,5,11.170879257303566
SKU0027,2025-10-05,6,10.684179946799825
SKU0027,2025-10-06,13,10.474543265422941
SKU0027,2025-10-07,9,10.36807037354131
SKU0027,2025-10-08,10,10.382259795338621
SKU0027,2025-10-09,23,10.309102263567791
SKU0027,2025-10-10,4,10.750042494840182
SKU0027,2025-10-11,9,10.59323490087775
SKU0027,2025-10-12,17,10.466672944527321
SKU0027,2025-10-13,15,10.295143051411333
SKU0027,2025-10-14,19,10.369577582862018
SKU0027,2025-10-15,7,11.068850924453422
SKU0027,2025-10-16,16,10.671012183033033
SKU0027,2025-10-17,22,10.481669991607014
SKU0027,2025-10-18,9,11.161592324367136
SKU0027,2025-10-19,7,10.752106787533721
SKU0027,2025-10-20,4,10.605282148193668
SKU0027,2025-10-21,17,10.519360925470076
SKU0027,2025-10-22,14,10.408579074849651
SKU0027,2025-10-23,9,10.45672716433742
SKU0027,2025-10-24,7,10.418014387379365
SKU0027,2025-10-25,6,10.431140052600849
SKU0027,2025-10-26,12,10.225622617250853
SKU0027,2025-10-27,9,10.31240794571335
SKU0027,2025-10-28,11,10.35655726982289
SKU0027,2025-10-29,18,10.228578342365873
SKU0027,2025-10-30,15,10.280770310285288
SKU0027,2025-10-31,8,11.11206498243406
SKU0027,2025-11-01,10,12.469636496767633
SKU0027,2025-11-02,16,12.511115834165977
SKU0027,2025-11-03,8,12.37440720802863
SKU0027,2025-11-04,17,12.708828883217132
SKU0027,2025-11-05,19,12.918450541480624
SKU0027,2025-11-06,22,13.222265824612503
SKU0027,2025-11-07,10,13.453678494255042
SKU0027,2025-11-08,10,13.837549829194897
SKU0027,2025-11-09,11,13.192121037958003
SKU0027,2025-11-10,14,13.303901959393645
SKU0027,2025-11-11,13,13.328167660996527
SKU0027,2025-11-12,4,13.518903002001368
SKU0027,2025-11-13,15,13.307709988097347
SKU0027,2025-11-14,15,13.091378203307771
SKU0027,2025-11-15,4,13.107275197944636
SKU0027,2025-11-16,12,13.100869659680527
SKU0027,2025-11-17,16,12.818267959991934
SKU0027,2025-11-18,9,12.598632668336105
SKU0027,2025-11-19,12,13.03047234286136
SKU0027,2025-11-20,7,13.183472739674217
SKU0027,2025-11-21,19,12.910435964469727
SKU0027,2025-11-22,10,12.665926634591901
SKU0027,2025-11-23,16,13.086218974076882
SKU0027,2025-11-24,15,13.043652385469274
SKU0027,2025-11-25,13,13.626238739454871
SKU0027,2025-11-26,8,13.555393833720714
SKU0027,2025-11-27,13,13.58926386733128
SKU0027,2025-11-28,12,13.551511182274227
SKU0027,2025-11-29,23,13.505249265908393
SKU0027,2025-11-30,6,14.05640872555401
SKU0027,2025-12-01,15,14.205372067346193
SKU0027,2025-12-02,14,14.194960753683976
SKU0027,2025-12-03,15,14.572556556391842
SKU0027,2025-12-04,7,14.689035335834745
SKU0027,2025-12-05,9,14.758046013822469
SKU0027,2025-12-06,8,14.392441356386373
SKU0027,2025-12-07,13,14.079921910053548
SKU0027,2025-12-08,18,14.190486183847675
SKU0027,2025-12-09,20,14.177535389986286
SKU0027,2025-12-10,11,15.251081557201733
SKU0027,2025-12-11,10,14.993899756586812
SKU0027,2025-12-12,13,14.40647407217577
SKU0027,2025-12-13,20,14.599510987525857
SKU0027,2025-12-14,17,15.156279269951629
SKU0027,2025-12-15,14,15.170382987992149
SKU0027,2025-12-16,17,15.497315804823728
SKU0027,2025-12-17,18,15.571195356256675
SKU0027,2025-12-18,17,15.682910909684223
SKU0027,2025-12-19,14,15.951719555782326
SKU0027,2025-12-20,22,16.30070305384871
SKU0027,2025-12-21,19,16.53289455457319
SKU0027,2025-12-22,24,16.6755474332228
SKU0027,2025-12-23,13,16.55567771917962
SKU0027,2025-12-24,26,16.79644877491134
SKU0027,2025-12-25,21,17.0278984033353
SKU0027,2025-12-26,25,17.329606643838073
SKU0027,2025-12-27,18,17.797383358322154
SKU0027,2025-12-28,22,18.019431316170945
SKU0027,2025-12-29,25,17.435261945099846
SKU0027,2025-12-30,23,18.273467920959636
SKU0027,2025-12-31,20,18.09922535963989
SKU0028,2025-10-01,17,17.055165061595762
SKU0028,2025-10-02,12,17.902329200950163
SKU0028,2025-10-03,13,18.297501406092913
SKU0028,2025-10-04,24,18.356328498966526
SKU0028,2025-10-05,25,17.893111951298394
SKU0028,2025-10-06,11,17.426627366246223
SKU0028,2025-10-07,14,18.245852083891148
SKU0028,2025-10-08,17,18.433221490717354
SKU0028,2025-10-09,12,18.211026757186158
SKU0028,2025-10-10,12,18.28280031648182
SKU0028,2025-10-11,15,18.111991046456186
SKU0028,2025-10-12,13,17.91292609220581
SKU0028,2025-10-13,22,17.540917564281784
SKU0028,2025-10-14,9,17.210700677169523
SKU0028,2025-10-15,8,17.091712387637333
SKU0028,2025-10-16,12,16.885111362480643
SKU0028,2025-10-17,13,16.739224571462888
SKU0028,2025-10-18,27,17.068837836838487
SKU0028,2025-10-19,3,16.51487104534837
SKU0028,2025-10-20,16,16.61347986535412
SKU0028,2025-10-21,31,16.619664740943865
SKU0028,2025-10-22,16,16.158833212945776
SKU0028,2025-10-23,27,16.83068574279978
SKU0028,2025-10-24,18,16.665649689997593
SKU0028,2025-10-25,4,16.52951121807494
SKU0028,2025-10-26,19,17.16900720833669
SKU0028,2025-10-27,23,17.357478265888748
SKU0028,2025-10-28,16,16.819602296813784
SKU0028,2025-10-29,13,16.614032080286
SKU0028,2025-10-30,8,17.063994295940347
SKU0028,2025-10-31,22,16.83251648559778
SKU0028,2025-11-01,14,17.11440801620646
SKU0028,2025-11-02,14,17.475663805745604
SKU0028,2025-11-03,22,17.655251962379847
SKU0028,2025-11-04,25,17.02914967095527
SKU0028,2025-11-05,16,17.03152084037115
SKU0028,2025-11-06,33,17.24444463070894
SKU0028,2025-11-07,19,18.103812416412133
SKU0028,2025-11-08,15,17.820234727135382
SKU0028,2025-11-09,32,17.95141738415453
SKU0028,2025-11-10,31,18.223118757685814
SKU0028,2025-11-11,25,18.110838905230647
SKU0028,2025-11-12,41,18.87023379113103
SKU0028,2025-11-13,10,19.285399910281264
SKU0028,2025-11-14,32,19.621890852516618
SKU0028,2025-11-15,18,19.710522517631293
SKU0028,2025-11-16,19,19.588518404226935
SKU0028,2025-11-17,30,21.03557729650263
SKU0028,2025-11-18,28,20.085870963170024
SKU0028,2025-11-19,12,20.947967527497624
SKU0028,2025-11-20,23,20.938531837254434
SKU0028,2025-11-21,33,20.7228530978524
SKU0028,2025-11-22,18,20.924359060419935
SKU0028,2025-11-23,23,20.771168779690527
SKU0028,2025-11-24,19,21.653157735834476
SKU0028,2025-11-25,26,22.26655222935648
SKU0028,2025-11-26,22,22.011529986356088
SKU0028,2025-11-27,22,23.546583781042017
SKU0028,2025-11-28,18,22.649226015371656
SKU0028,2025-11-29,32,22.999843593119753
SKU0028,2025-11-30,27,22.40592255471899
SKU0028,2025-12-01,8,23.785880687212877
SKU0028,2025-12-02,30,24.552599561331274
SKU0028,2025-12-03,18,24.50733113444297
SKU0028,2025-12-04,31,24.40069390436677
SKU0028,2025-12-05,23,24.543529279608325
SKU0028,2025-12-06,17,24.981565521575998
SKU0028,2025-12-07,13,25.257723424979474
SKU0028,2025-12-08,40,25.126982288206513
SKU0028,2025-12-09,23,25.39384784742968
SKU0028,2025-12-10,25,26.05666721248597
SKU0028,2025-12-11,23,26.819458576656587
SKU0028,2025-12-12,36,26.650335823169883
SKU0028,2025-12-13,23,26.4105134844261
SKU0028,2025-12-14,24,26.671987492765574
SKU0028,2025-12-15,25,26.509587288217283
SKU0028,2025-12-16,28,26.07157596666627
SKU0028,2025-12-17,38,26.62852570957612
SKU0028,2025-12-18,36,26.9256456435852
SKU0028,2025-12-19,22,26.587823885429525
SKU0028,2025-12-20,20,27.009535661937004
SKU0028,2025-12-21,15,27.17268559524155
SKU0028,2025-12-22,30,26.42661516973888
SKU0028,2025-12-23,15,26.918205795255997
SKU0028,2025-12-24,19,27.259708619747872
SKU0028,2025-12-25,35,26.746643096103703
SKU0028,2025-12-26,27,26.69990803258359
SKU0028,2025-12-27,38,27.43793861327948
SKU0028,2025-12-28,21,27.374448551966335
SKU0028,2025-12-29,26,27.271678489284028
SKU0028,2025-12-30,28,27.1774450332622
SKU0028,2025-12-31,30,27.059362471958288
SKU0029,2025-10-01,2,9.537190483408928
SKU0029,2025-10-02,3,9.357616802710146
SKU0029,2025-10-03,8,9.163801627604922
SKU0029,2025-10-04,6,9.184434122914269
SKU0029,2025-10-05,7,9.193744232498377
SKU0029,2025-10-06,4,9.346276368674461
SKU0029,2025-10-07,10,9.069129026466278
SKU0029,2025-10-08,4,9.351862745991605
SKU0029,2025-10-09,12,9.470749996032536
SKU0029,2025-10-10,4,9.393867375267028
SKU0029,2025-10-11,17,9.149823903938433
SKU0029,2025-10-12,10,9.039817362811196
SKU0029,2025-10-13,5,9.140306799224197
SKU0029,2025-10-14,3,9.041756158948687
SKU0029,2025-10-15,5,8.946699626259838
SKU0029,2025-10-16,15,8.989141686643071
SKU0029,2025-10-17,13,9.044519376633483
SKU0029,2025-10-18,10,9.453205148023077
SKU0029,2025-10-19,6,9.370514857563926
SKU0029,2025-10-20,10,8.965891296258066
SKU0029,2025-10-21,13,9.001594078956026
SKU0029,2025-10-22,11,9.030254639147794
SKU0029,2025-10-23,11,9.435192667714333
SKU0029,2025-10-24,16,9.301252145898813
SKU0029,2025-10-25,9,9.291025401945937
SKU0029,2025-10-26,11,9.43131276440614
SKU0029,2025-10-27,12,9.395136521304323
SKU0029,2025-10-28,20,9.233565526540712
SKU0029,2025-10-29,13,9.278076249808137
SKU0029,2025-10-30,11,9.793994933642795
SKU0029,2025-10-31,8,9.566268543532479
SKU0029,2025-11-01,5,10.510943172235724
SKU0029,2025-11-02,7,10.267919779818016
SKU0029,2025-11-03,6,9.989129033936555
SKU0029,2025-11-04,13,9.98059257176804
SKU0029,2025-11-05,17,10.347123376495722
SKU0029,2025-11-06,13,10.706327987875339
SKU0029,2025-11-07,3,11.041700153810464
SKU0029,2025-11-08,10,10.900551354431752
SKU0029,2025-11-09,11,10.78870483750829
SKU0029,2025-11-10,11,10.831390684322367
SKU0029,2025-11-11,7,10.818726875728652
SKU0029,2025-11-12,15,10.519846882248132
SKU0029,2025-11-13,8,10.90291229190221
SKU0029,2025-11-14,9,11.161788120286321
SKU0029,2025-11-15,17,11.174962838893348
SKU0029,2025-11-16,11,11.093964147975502
SKU0029,2025-11-17,10,11.306353193721627
SKU0029,2025-11-18,7,11.272161355613907
SKU0029,2025-11-19,10,11.119535953538954
SKU0029,2025-11-20,5,11.083398455581884
SKU0029,2025-11-21,8,10.536199444681651
SKU0029,2025-11-22,9,10.570996764297446
SKU0029,2025-11-23,11,10.563680298812434
SKU0029,2025-11-24,18,10.483354984985542
SKU0029,2025-11-25,7,10.688492548761982
SKU0029,2025-11-26,7,11.029484398551158
SKU0029,2025-11-27,4,10.751921372996852
SKU0029,2025-11-28,12,10.273250954975104
SKU0029,2025-11-29,14,10.340337589935507
SKU0029,2025-11-30,15,10.699544872884656
SKU0029,2025-12-01,2,11.211950874232095
SKU0029,2025-12-02,13,10.963137256904128
SKU0029,2025-12-03,13,11.280512998875581
SKU0029,2025-12-04,6,11.493241208792352
SKU0029,2025-12-05,16,11.483670510161028
SKU0029,2025-12-06,11,11.473321700556832
SKU0029,2025-12-07,11,11.604559934512942
SKU0029,2025-12-08,11,11.722067676381599
SKU0029,2025-12-09,8,11.694131061606189
SKU0029,2025-12-10,13,11.751666487961145
SKU0029,2025-12-11,14,11.598577659758465
SKU0029,2025-12-12,19,11.963861836255179
SKU0029,2025-12-13,15,12.012702155092326
SKU0029,2025-12-14,16,12.547926914339666
SKU0029,2025-12-15,11,13.035911185527587
SKU0029,2025-12-16,15,12.573814672370707
SKU0029,2025-12-17,11,12.389942392440416
SKU0029,2025-12-18,9,12.778644086345915
SKU0029,2025-12-19,7,12.763365903349666
SKU0029,2025-12-20,9,12.361860063743974
SKU0029,2025-12-21,15,12.783173154386064
SKU0029,2025-12-22,24,12.956012854356834
SKU0029,2025-12-23,7,13.663398748587708
SKU0029,2025-12-24,11,13.44792460619834
SKU0029,2025-12-25,14,13.272833306077379
SKU0029,2025-12-26,17,13.24071721156477
SKU0029,2025-12-27,23,13.414847231066982
SKU0029,2025-12-28,12,14.148945808166639
SKU0029,2025-12-29,15,14.230128563871485
SKU0029,2025-12-30,22,14.208569556593725
SKU0029,2025-12-31,22,14.266347208867074
SKU0033,2025-10-01,6,6.219709834444301
SKU0033,2025-10-02,5,6.001790363828678
SKU0033,2025-10-03,11,5.78116474355387
SKU0033,2025-10-04,10,6.15248343368528
SKU0033,2025-10-05,5,6.228105593586494
SKU0033,2025-10-06,6,6.038530769408991
SKU0033,2025-10-07,11,6.302674023736276
SKU0033,2025-10-08,6,6.265562658432994
SKU0033,2025-10-09,8,6.243535569451297
SKU0033,2025-10-10,6,6.378556815388821
SKU0033,2025-10-11,15,6.27027786391284
SKU0033,2025-10-12,11,6.887393992834511
SKU0033,2025-10-13,2,6.678036265781305
SKU0033,2025-10-14,3,6.3892134271243455
SKU0033,2025-10-15,6,6.210281859246227
SKU0033,2025-10-16,4,6.304235881506458
SKU0033,2025-10-17,9,6.225352681581901
SKU0033,2025-10-18,10,6.5854160964550115
SKU0033,2025-10-19,1,6.589084513336719
SKU0033,2025-10-20,5,6.332479520908775
SKU0033,2025-10-21,13,6.267856021021632
SKU0033,2025-10-22,11,6.661641600754963
SKU0033,2025-10-23,1,6.904008218638598
SKU0033,2025-10-24,5,6.60617185277325
SKU0033,2025-10-25,7,6.39936234086182
SKU0033,2025-10-26,7,6.5928887172087025
SKU0033,2025-10-27,4,6.366797973123523
SKU0033,2025-10-28,6,6.423399230172046
SKU0033,2025-10-29,2,6.313689013598472
SKU0033,2025-10-30,11,6.277672615971519
SKU0033,2025-10-31,3,6.457678467264664
SKU0033,2025-11-01,6,6.691037557478569
SKU0033,2025-11-02,8,6.710058651314999
SKU0033,2025-11-03,8,6.977495087691828
SKU0033,2025-11-04,5,6.974462682416825
SKU0033,2025-11-05,12,6.881615226831355
SKU0033,2025-11-06,7,7.154791444862739
SKU0033,2025-11-07,16,7.035295289384982
SKU0033,2025-11-08,3,7.979630367029058
SKU0033,2025-11-09,5,7.322581150321566
SKU0033,2025-11-10,4,7.271964352819257
SKU0033,2025-11-11,10,6.889806006279956
SKU0033,2025-11-12,4,6.827662601918651
SKU0033,2025-11-13,8,6.696472431050472
SKU0033,2025-11-14,6,7.068614474902362
SKU0033,2025-11-15,9,7.069163362040209
SKU0033,2025-11-16,3,7.041275931375665
SKU0033,2025-11-17,6,6.705772682825881
SKU0033,2025-11-18,5,6.462101354932611
SKU0033,2025-11-19,6,6.713442311206538
SKU0033,2025-11-20,7,6.78578145894784
SKU0033,2025-11-21,4,6.832588718223783
SKU0033,2025-11-22,10,6.613039442976084
SKU0033,2025-11-23,6,6.9372212143644045
SKU0033,2025-11-24,7,7.17465865885875
SKU0033,2025-11-25,2,7.222314284409139
SKU0033,2025-11-26,6,6.621895537719857
SKU0033,2025-11-27,12,6.744563505308909
SKU0033,2025-11-28,9,7.155790305297949
SKU0033,2025-11-29,8,7.571332979947093
SKU0033,2025-11-30,6,7.246141664335133
SKU0033,2025-12-01,9,7.734017395327771
SKU0033,2025-12-02,10,7.729134313711288
SKU0033,2025-12-03,10,7.708334744732156
SKU0033,2025-12-04,12,7.79278967994901
SKU0033,2025-12-05,8,8.316960764012883
SKU0033,2025-12-06,6,8.210085493170919
SKU0033,2025-12-07,10,8.023615964063335
SKU0033,2025-12-08,3,7.891567890220997
SKU0033,2025-12-09,9,7.788329424783256
SKU0033,2025-12-10,10,7.930155039972544
SKU0033,2025-12-11,10,8.038393460064151
SKU0033,2025-12-12,14,7.978523184776673
SKU0033,2025-12-13,15,8.843746707280392
SKU0033,2025-12-14,7,9.289061660633894
SKU0033,2025-12-15,4,9.379782392709844
SKU0033,2025-12-16,7,8.220411735360754
SKU0033,2025-12-17,6,8.591526413130522
SKU0033,2025-12-18,11,8.654496687544729
SKU0033,2025-12-19,6,8.668933075451887
SKU0033,2025-12-20,2,8.651629333281168
SKU0033,2025-12-21,11,8.233637990861018
SKU0033,2025-12-22,4,8.747489859481444
SKU0033,2025-12-23,12,8.514805265761142
SKU0033,2025-12-24,10,8.790757771034134
SKU0033,2025-12-25,5,8.917115215287952
SKU0033,2025-12-26,12,9.019300700481413
SKU0033,2025-12-27,13,9.130453168234013
SKU0033,2025-12-28,11,9.799733950056376
SKU0033,2025-12-29,11,9.793214238395182
SKU0033,2025-12-30,11,9.890443868873254
SKU0033,2025-12-31,8,9.862527084208127
SKU0037,2025-10-01,5,13.933780256067992
SKU0037,2025-10-02,25,13.81865976268332
SKU0037,2025-10-03,10,14.003820386857388
SKU0037,2025-10-04,8,14.051979309165477
SKU0037,2025-10-05,6,13.6940718143868
SKU0037,2025-10-06,15,13.733959172074117
SKU0037,2025-10-07,10,13.476276372513356
SKU0037,2025-10-08,19,13.10615647648481
SKU0037,2025-10-09,22,13.390857093558855
SKU0037,2025-10-10,14,13.69200784070367
SKU0037,2025-10-11,15,13.683686197129653
SKU0037,2025-10-12,18,13.630758474631046
SKU0037,2025-10-13,7,13.297069825557754
SKU0037,2025-10-14,16,13.428065677920566
SKU0037,2025-10-15,14,13.413408121200808
SKU0037,2025-10-16,19,13.168537188652639
SKU0037,2025-10-17,18,13.596450580527776
SKU0037,2025-10-18,12,13.291230339025022
SKU0037,2025-10-19,11,13.401320484183564
SKU0037,2025-10-20,20,13.387359314137528
SKU0037,2025-10-21,13,13.464158448622895
SKU0037,2025-10-22,12,13.745282773766021
SKU0037,2025-10-23,14,13.556225187454586
SKU0037,2025-10-24,13,13.358844622207368
SKU0037,2025-10-25,7,13.27392931819282
SKU0037,2025-10-26,11,13.169968817429856
SKU0037,2025-10-27,7,13.190506961540702
SKU0037,2025-10-28,19,12.798158439085286
SKU0037,2025-10-29,14,12.819108726778945
SKU0037,2025-10-30,11,12.748088137159778
SKU0037,2025-10-31,10,12.866540280154169
SKU0037,2025-11-01,17,14.185931006760393
SKU0037,2025-11-02,18,13.799975847558184
SKU0037,2025-11-03,10,14.331960690284081
SKU0037,2025-11-04,12,14.333157646637096
SKU0037,2025-11-05,24,14.635208234137105
SKU0037,2025-11-06,11,15.085046316363378
SKU0037,2025-11-07,10,15.247639345591853
SKU0037,2025-11-08,8,14.72067807905767
SKU0037,2025-11-09,17,14.41162346160851
SKU0037,2025-11-10,16,14.074562237897611
SKU0037,2025-11-11,14,14.294244978952094
SKU0037,2025-11-12,13,14.295238841528182
SKU0037,2025-11-13,8,14.671858787779222
SKU0037,2025-11-14,21,14.405746490543978
SKU0037,2025-11-15,7,14.496334868997186
SKU0037,2025-11-16,20,14.243836883404997
SKU0037,2025-11-17,10,14.334912521818453
SKU0037,2025-11-18,17,14.216357408958649
SKU0037,2025-11-19,24,14.10371707418513
SKU0037,2025-11-20,17,14.921154355970819
SKU0037,2025-11-21,20,14.798690966190286
SKU0037,2025-11-22,12,15.16808438101495
SKU0037,2025-11-23,23,14.870420437201135
SKU0037,2025-11-24,25,15.582857242665003
SKU0037,2025-11-25,19,16.31650477499429
SKU0037,2025-11-26,25,16.339082597639763
SKU0037,2025-11-27,22,17.944086606808696
SKU0037,2025-11-28,26,17.620128901282307
SKU0037,2025-11-29,29,18.270143185088674
SKU0037,2025-11-30,24,17.931843820310192
SKU0037,2025-12-01,23,19.522476499986663
SKU0037,2025-12-02,10,19.478617614325486
SKU0037,2025-12-03,10,18.93019687880581
SKU0037,2025-12-04,19,19.32390986587571
SKU0037,2025-12-05,17,18.978490049869855
SKU0037,2025-12-06,28,18.923058831403132
SKU0037,2025-12-07,10,19.225156821275153
SKU0037,2025-12-08,20,19.32014253005488
SKU0037,2025-12-09,20,19.242095787057067
SKU0037,2025-12-10,16,19.226462952616743
SKU0037,2025-12-11,14,19.57547140027048
SKU0037,2025-12-12,13,19.708828006592324
SKU0037,2025-12-13,21,19.558158368447916
SKU0037,2025-12-14,18,19.470536395605595
SKU0037,2025-12-15,14,19.46781736026056
SKU0037,2025-12-16,18,19.847337037221894
SKU0037,2025-12-17,18,19.615706570577217
SKU0037,2025-12-18,18,19.766150095762963
SKU0037,2025-12-19,30,19.66029656980545
SKU0037,2025-12-20,21,19.445487626409708
SKU0037,2025-12-21,15,20.00582392841261
SKU0037,2025-12-22,17,20.325388676181035
SKU0037,2025-12-23,37,20.350325661091087
SKU0037,2025-12-24,18,20.619594668203916
SKU0037,2025-12-25,23,20.954447865944747
SKU0037,2025-12-26,27,21.4161001626636
SKU0037,2025-12-27,28,21.342289354654298
SKU0037,2025-12-28,14,21.438158915821234
SKU0037,2025-12-29,22,21.477801792599728
SKU0037,2025-12-30,22,21.153442896589212
SKU0037,2025-12-31,25,21.22740278684605
SKU0042,2025-10-01,10,13.328175311362955
SKU0042,2025-10-02,9,13.145715924407154
SKU0042,2025-10-03,12,12.589507295278317
SKU0042,2025-10-04,19,12.438254265461907
SKU0042,2025-10-05,24,12.510242675887183
SKU0042,2025-10-06,10,13.288926838173754
SKU0042,2025-10-07,12,13.29803772701243
SKU0042,2025-10-08,24,13.019112953833808
SKU0042,2025-10-09,25,13.333572101891518
SKU0042,2025-10-10,29,13.221474518369902
SKU0042,2025-10-11,14,15.285846106310812
SKU0042,2025-10-12,18,15.111666934045513
SKU0042,2025-10-13,11,14.701996008643526
SKU0042,2025-10-14,18,15.297182936175696
SKU0042,2025-10-15,9,15.52931482298115
SKU0042,2025-10-16,9,15.047073617419981
SKU0042,2025-10-17,16,14.363448309612538
SKU0042,2025-10-18,12,14.35185746027134
SKU0042,2025-10-19,34,14.27326677487733
SKU0042,2025-10-20,10,15.207159807678547
SKU0042,2025-10-21,13,15.281710788899211
SKU0042,2025-10-22,1,15.252338547043262
SKU0042,2025-10-23,17,14.096231536982934
SKU0042,2025-10-24,19,14.116287682828455
SKU0042,2025-10-25,11,15.22719157644397
SKU0042,2025-10-26,9,14.97317141679063
SKU0042,2025-10-27,17,14.308161030738471
SKU0042,2025-10-28,7,14.72382304889405
SKU0042,2025-10-29,14,14.011749394516857
SKU0042,2025-10-30,17,13.818730234730511
SKU0042,2025-10-31,19,14.397919340538655
SKU0042,2025-11-01,16,16.138339810024327
SKU0042,2025-11-02,16,15.373940167375732
SKU0042,2025-11-03,16,15.884318622509438
SKU0042,2025-11-04,14,15.965624390478334
SKU0042,2025-11-05,21,15.85189687286075
SKU0042,2025-11-06,14,16.722340130879694
SKU0042,2025-11-07,22,17.121566129929526
SKU0042,2025-11-08,8,17.174352134860072
SKU0042,2025-11-09,15,16.741213034438772
SKU0042,2025-11-10,6,16.17826274046931
SKU0042,2025-11-11,24,15.769455367916287
SKU0042,2025-11-12,14,15.99123805743423
SKU0042,2025-11-13,21,16.11655809029581
SKU0042,2025-11-14,20,16.09749491911192
SKU0042,2025-11-15,15,16.59492660790872
SKU0042,2025-11-16,14,17.085555175643634
SKU0042,2025-11-17,21,17.02157496000761
SKU0042,2025-11-18,29,17.290430766638078
SKU0042,2025-11-19,15,17.582868113419078
SKU0042,2025-11-20,10,17.60963042274063
SKU0042,2025-11-21,27,17.254221702063774
SKU0042,2025-11-22,10,17.943885291046396
SKU0042,2025-11-23,5,17.894458187351287
SKU0042,2025-11-24,21,16.79692626828803
SKU0042,2025-11-25,12,17.14679222526637
SKU0042,2025-11-26,17,17.2436128749807
SKU0042,2025-11-27,17,17.219367471816714
SKU0042,2025-11-28,21,17.68800248552478
SKU0042,2025-11-29,12,17.58272054730387
SKU0042,2025-11-30,10,17.86118686438731
SKU0042,2025-12-01,13,17.802939617318653
SKU0042,2025-12-02,30,17.568993826585082
SKU0042,2025-12-03,33,18.461435179148083
SKU0042,2025-12-04,16,19.538980629127114
SKU0042,2025-12-05,26,18.907569644567534
SKU0042,2025-12-06,19,19.79891783391923
SKU0042,2025-12-07,24,19.29244789751708
SKU0042,2025-12-08,21,19.453079181084867
SKU0042,2025-12-09,27,19.693779095069186
SKU0042,2025-12-10,25,19.952860566774643
SKU0042,2025-12-11,29,19.63197718806417
SKU0042,2025-12-12,22,19.869285330389385
SKU0042,2025-12-13,20,20.305149283685
SKU0042,2025-12-14,22,20.050923431859555
SKU0042,2025-12-15,24,20.616275418713702
SKU0042,2025-12-16,21,20.292652412954375
SKU0042,2025-12-17,10,19.98335539108981
SKU0042,2025-12-18,22,20.851781373452248
SKU0042,2025-12-19,28,20.31938133240743
SKU0042,2025-12-20,29,20.286466495086575
SKU0042,2025-12-21,30,20.692639867507832
SKU0042,2025-12-22,10,21.030490272313635
SKU0042,2025-12-23,31,21.34337829521125
SKU0042,2025-12-24,26,21.252174119903398
SKU0042,2025-12-25,23,21.89444537241599
SKU0042,2025-12-26,22,22.50529538403352
SKU0042,2025-12-27,16,22.76405516966596
SKU0042,2025-12-28,17,22.739250405778126
SKU0042,2025-12-29,31,21.9673829638472
SKU0042,2025-12-30,25,23.09371116647997
SKU0042,2025-12-31,19,23.18606684008781
SKU0046,2025-10-01,7,11.803944490588396
SKU0046,2025-10-02,5,11.6979244832246
SKU0046,2025-10-03,17,11.581571919741712
SKU0046,2025-10-04,2,11.548982962953357
SKU0046,2025-10-05,17,11.621399472090557
SKU0046,2025-10-06,8,12.024027828621083
SKU0046,2025-10-07,0,11.824422561064067
SKU0046,2025-10-08,9,11.599504609627912
SKU0046,2025-10-09,15,11.245959427379697
SKU0046,2025-10-10,11,11.184780796511937
SKU0046,2025-10-11,15,11.294612817931949
SKU0046,2025-10-12,15,11.38012975532479
SKU0046,2025-10-13,8,11.615892091183518
SKU0046,2025-10-14,7,11.463185735646235
SKU0046,2025-10-15,17,11.43241424750112
SKU0046,2025-10-16,8,11.796065204604329
SKU0046,2025-10-17,13,11.589023830367696
SKU0046,2025-10-18,13,11.551885735606392
SKU0046,2025-10-19,4,11.6311783605193
SKU0046,2025-10-20,4,11.336230455544023
SKU0046,2025-10-21,18,11.360147272149995
SKU0046,2025-10-22,11,11.104645268211117
SKU0046,2025-10-23,13,11.236140604781903
SKU0046,2025-10-24,6,11.09551448529583
SKU0046,2025-10-25,9,11.126214907347737
SKU0046,2025-10-26,8,11.009864757345609
SKU0046,2025-10-27,15,10.828927119311606
SKU0046,2025-10-28,18,10.971904292627565
SKU0046,2025-10-29,14,10.931152825170027
SKU0046,2025-10-30,9,11.023950976430921
SKU0046,2025-10-31,15,10.979022398665125
SKU0046,2025-11-01,15,12.00917247181009
SKU0046,2025-11-02,11,12.44300062667605
SKU0046,2025-11-03,13,11.985057139475575
SKU0046,2025-11-04,8,12.67460037567682
SKU0046,2025-11-05,21,12.121027998169534
SKU0046,2025-11-06,4,12.83562523125238
SKU0046,2025-11-07,11,12.997577426123062
SKU0046,2025-11-08,9,12.984220413971915
SKU0046,2025-11-09,20,12.72471907545009
SKU0046,2025-11-10,11,12.848418358788777
SKU0046,2025-11-11,16,13.08057850624856
SKU0046,2025-11-12,6,12.956371784319739
SKU0046,2025-11-13,17,13.01536474703129
SKU0046,2025-11-14,16,13.226366063791293
SKU0046,2025-11-15,16,13.236317305028813
SKU0046,2025-11-16,17,13.507873972394481
SKU0046,2025-11-17,12,13.76681534509244
SKU0046,2025-11-18,13,13.58098099939671
SKU0046,2025-11-19,13,13.761766114167466
SKU0046,2025-11-20,14,14.064626451594103
SKU0046,2025-11-21,11,13.887511167359774
SKU0046,2025-11-22,22,13.882141531056437
SKU0046,2025-11-23,21,14.096706764508063
SKU0046,2025-11-24,13,14.399199974721498
SKU0046,2025-11-25,5,14.553731916830797
SKU0046,2025-11-26,17,14.293268264430175
SKU0046,2025-11-27,14,14.22750316870863
SKU0046,2025-11-28,18,14.231743135271001
SKU0046,2025-11-29,20,14.33809467930247
SKU0046,2025-11-30,5,14.406934905447121
SKU0046,2025-12-01,19,14.805971859199166
SKU0046,2025-12-02,17,15.347558302428856
SKU0046,2025-12-03,10,15.466590160664776
SKU0046,2025-12-04,18,15.495692779659075
SKU0046,2025-12-05,17,15.890688979876835
SKU0046,2025-12-06,15,15.94792920644949
SKU0046,2025-12-07,19,16.79213899147818
SKU0046,2025-12-08,9,16.56376152962269
SKU0046,2025-12-09,16,16.54802354512366
SKU0046,2025-12-10,15,16.55108864608618
SKU0046,2025-12-11,18,16.777943959622363
SKU0046,2025-12-12,22,16.589549667465377
SKU0046,2025-12-13,12,17.607155755130275
SKU0046,2025-12-14,15,17.429708844346248
SKU0046,2025-12-15,23,17.477758867597792
SKU0046,2025-12-16,16,17.800928829804054
SKU0046,2025-12-17,4,17.626879333036968
SKU0046,2025-12-18,6,16.715039754160127
SKU0046,2025-12-19,29,16.242526369808946
SKU0046,2025-12-20,11,17.374235576822034
SKU0046,2025-12-21,10,17.409244301099054
SKU0046,2025-12-22,9,16.89673158200896
SKU0046,2025-12-23,12,16.234849497668687
SKU0046,2025-12-24,21,16.096692584772985
SKU0046,2025-12-25,28,16.79530332499715
SKU0046,2025-12-26,14,17.258558446187664
SKU0046,2025-12-27,20,17.95621745382646
SKU0046,2025-12-28,13,17.926303294180066
SKU0046,2025-12-29,17,17.67653664550535
SKU0046,2025-12-30,14,17.52702145900824
SKU0046,2025-12-31,10,17.70133586394406
SKU0049,2025-10-01,3,10.072206396355117
SKU0049,2025-10-02,10,9.756280960479062
SKU0049,2025-10-03,12,9.654366040398166
SKU0049,2025-10-04,6,9.697319174537851
SKU0049,2025-10-05,5,9.776605051306657
SKU0049,2025-10-06,10,9.66563256462726
SKU0049,2025-10-07,10,9.553729295428617
SKU0049,2025-10-08,7,9.588188092097532
SKU0049,2025-10-09,9,9.580803901158424
SKU0049,2025-10-10,12,9.4146874738532
SKU0049,2025-10-11,10,9.751896466991719
SKU0049,2025-10-12,7,9.709535155721628
SKU0049,2025-10-13,3,9.436680773289757
SKU0049,2025-10-14,10,9.574757247391796
SKU0049,2025-10-15,15,9.201532708520947
SKU0049,2025-10-16,6,9.713037123962764
SKU0049,2025-10-17,17,9.503547913600565
SKU0049,2025-10-18,7,9.49788850415917
SKU0049,2025-10-19,6,9.517808501848464
SKU0049,2025-10-20,2,9.314204693241198
SKU0049,2025-10-21,14,9.279763581453649
SKU0049,2025-10-22,10,9.201002904999887
SKU0049,2025-10-23,6,9.264565317059509
SKU0049,2025-10-24,8,9.375362165103155
SKU0049,2025-10-25,15,9.140162225130933
SKU0049,2025-10-26,3,9.416981694275808
SKU0049,2025-10-27,7,9.030374359857918
SKU0049,2025-10-28,14,9.091544548144881
SKU0049,2025-10-29,6,9.244898481435117
SKU0049,2025-10-30,4,9.060237458645926
SKU0049,2025-10-31,17,9.129203987143327
SKU0049,2025-11-01,10,9.738683308715823
SKU0049,2025-11-02,15,9.900439975068641
SKU0049,2025-11-03,9,9.896585060657122
SKU0049,2025-11-04,11,10.432436899227339
SKU0049,2025-11-05,1,10.688446149994142
SKU0049,2025-11-06,12,10.082726418850413
SKU0049,2025-11-07,8,10.042269699749287
SKU0049,2025-11-08,24,10.055182665985761
SKU0049,2025-11-09,24,10.56302093168612
SKU0049,2025-11-10,15,11.492500558121362
SKU0049,2025-11-11,21,11.701058681047847
SKU0049,2025-11-12,15,12.058320467646567
SKU0049,2025-11-13,15,12.31835186997499
SKU0049,2025-11-14,10,13.15970337553213
SKU0049,2025-11-15,5,12.545012880398527
SKU0049,2025-11-16,14,11.839806311337568
SKU0049,2025-11-17,10,11.781269963056324
SKU0049,2025-11-18,9,11.630544843975695
SKU0049,2025-11-19,14,11.80880416288766
SKU0049,2025-11-20,12,12.506800589586492
SKU0049,2025-11-21,14,12.437924604131863
SKU0049,2025-11-22,17,12.317973394920429
SKU0049,2025-11-23,12,12.5125648730665
SKU0049,2025-11-24,7,12.895369022443179
SKU0049,2025-11-25,8,12.538046442941162
SKU0049,2025-11-26,19,12.901046584867668
SKU0049,2025-11-27,14,12.812451765457448
SKU0049,2025-11-28,12,12.999431202153108
SKU0049,2025-11-29,19,13.013688393857766
SKU0049,2025-11-30,15,13.492771823541567
SKU0049,2025-12-01,8,14.355975263197678
SKU0049,2025-12-02,13,13.705157906579338
SKU0049,2025-12-03,20,13.585827576586338
SKU0049,2025-12-04,21,14.36824302877934
SKU0049,2025-12-05,12,14.733386426968579
SKU0049,2025-12-06,15,15.30371832805278
SKU0049,2025-12-07,18,15.552485428771112
SKU0049,2025-12-08,29,15.196712356608689
SKU0049,2025-12-09,20,15.069327642576374
SKU0049,2025-12-10,10,15.195358644409655
SKU0049,2025-12-11,16,16.088229028961745
SKU0049,2025-12-12,11,16.124642924363272
SKU0049,2025-12-13,13,15.96596674194065
SKU0049,2025-12-14,22,15.48625340073713
SKU0049,2025-12-15,5,15.755874647539153
SKU0049,2025-12-16,13,15.460653909999284
SKU0049,2025-12-17,18,15.462924824644732
SKU0049,2025-12-18,14,15.449896339234646
SKU0049,2025-12-19,19,15.662895537895896
SKU0049,2025-12-20,21,16.077380197706447
SKU0049,2025-12-21,17,16.277214622585795
SKU0049,2025-12-22,24,16.374601495448246
SKU0049,2025-12-23,14,16.758232528645774
SKU0049,2025-12-24,25,17.301093698887588
SKU0049,2025-12-25,16,16.677112489845317
SKU0049,2025-12-26,15,17.467048072206012
SKU0049,2025-12-27,15,17.52691028220124
SKU0049,2025-12-28,11,17.639230104906826
SKU0049,2025-12-29,18,17.32267227218974
SKU0049,2025-12-30,16,17.427589544003016
SKU0049,2025-12-31,21,17.479515754970574
SKU0050,2025-10-01,35,17.5482695914007
SKU0050,2025-10-02,16,17.276724351353327
SKU0050,2025-10-03,16,15.946070804656577
SKU0050,2025-10-04,11,16.663249639390063
SKU0050,2025-10-05,22,17.153081798474453
SKU0050,2025-10-06,31,16.61932116160972
SKU0050,2025-10-07,24,17.370752960111176
SKU0050,2025-10-08,16,16.775677847228103
SKU0050,2025-10-09,14,16.946701864875838
SKU0050,2025-10-10,20,16.816683212673134
SKU0050,2025-10-11,36,16.289571452562335
SKU0050,2025-10-12,23,16.36396165713075
SKU0050,2025-10-13,21,16.55025677866418
SKU0050,2025-10-14,10,17.101074559145886
SKU0050,2025-10-15,20,16.188150456586666
SKU0050,2025-10-16,23,16.491243712822488
SKU0050,2025-10-17,12,16.92389396498631
SKU0050,2025-10-18,27,15.853134904354775
SKU0050,2025-10-19,12,16.85602476093352
SKU0050,2025-10-20,29,15.976457809061188
SKU0050,2025-10-21,22,16.173387762559063
SKU0050,2025-10-22,14,16.458026114418804
SKU0050,2025-10-23,13,16.573337606353114
SKU0050,2025-10-24,11,16.865374819582232
SKU0050,2025-10-25,22,16.791292465579854
SKU0050,2025-10-26,25,16.430135982739483
SKU0050,2025-10-27,20,16.55743184006085
SKU0050,2025-10-28,5,17.029650979991573
SKU0050,2025-10-29,20,18.00206775230777
SKU0050,2025-10-30,21,17.205318407368512
SKU0050,2025-10-31,6,17.540352364924132
SKU0050,2025-11-01,19,18.203514019509626
SKU0050,2025-11-02,16,17.974134013038633
SKU0050,2025-11-03,13,17.489021792221962
SKU0050,2025-11-04,18,18.548827492832146
SKU0050,2025-11-05,13,18.32044010400453
SKU0050,2025-11-06,0,18.042721108483665
SKU0050,2025-11-07,22,17.81883994742707
SKU0050,2025-11-08,25,17.595869556150475
SKU0050,2025-11-09,14,17.39041833779151
SKU0050,2025-11-10,20,17.562425660570693
SKU0050,2025-11-11,18,17.233670464737568
SKU0050,2025-11-12,13,17.070599200053728
SKU0050,2025-11-13,13,17.793734963114854
SKU0050,2025-11-14,27,18.024591156662552
SKU0050,2025-11-15,19,17.411123079326533
SKU0050,2025-11-16,35,17.35340244214149
SKU0050,2025-11-17,34,17.96799360712703
SKU0050,2025-11-18,21,18.54661347796972
SKU0050,2025-11-19,38,20.009047224448974
SKU0050,2025-11-20,11,20.632401846488715
SKU0050,2025-11-21,16,20.019477225046586
SKU0050,2025-11-22,27,19.980526629724018
SKU0050,2025-11-23,40,20.121284770040496
SKU0050,2025-11-24,45,19.646506488625022
SKU0050,2025-11-25,37,22.794508874622736
SKU0050,2025-11-26,5,23.895486552032168
SKU0050,2025-11-27,8,23.078402473034608
SKU0050,2025-11-28,26,23.83924340481229
SKU0050,2025-11-29,12,23.160360926841747
SKU0050,2025-11-30,26,22.45678099395926
SKU0050,2025-12-01,13,23.188579290535802
SKU0050,2025-12-02,22,23.00778347349876
SKU0050,2025-12-03,23,22.865810830742753
SKU0050,2025-12-04,24,23.988638464860813
SKU0050,2025-12-05,32,24.38748903170745
SKU0050,2025-12-06,36,24.19295200432418
SKU0050,2025-12-07,29,24.706700612127158
SKU0050,2025-12-08,28,23.86751333810152
SKU0050,2025-12-09,33,24.21032674810959
SKU0050,2025-12-10,12,24.80859586675398
SKU0050,2025-12-11,34,24.652192779151214
SKU0050,2025-12-12,31,24.85645126209352
SKU0050,2025-12-13,18,25.025529023169234
SKU0050,2025-12-14,16,24.845714219993837
SKU0050,2025-12-15,17,25.114025900056657
SKU0050,2025-12-16,36,24.659762057685224
SKU0050,2025-12-17,32,24.938730993024855
SKU0050,2025-12-18,25,24.961674617179856
SKU0050,2025-12-19,46,25.708891869496227
SKU0050,2025-12-20,24,25.76383100964972
SKU0050,2025-12-21,32,25.195362120859205
SKU0050,2025-12-22,31,25.329128041743203
SKU0050,2025-12-23,17,25.311779848948824
SKU0050,2025-12-24,27,27.004451534758
SKU0050,2025-12-25,28,25.976125887966106
SKU0050,2025-12-26,30,25.968206547968553
SKU0050,2025-12-27,25,25.963635648736595
SKU0050,2025-12-28,39,26.644333617655867
SKU0050,2025-12-29,49,26.636472025590248
SKU0050,2025-12-30,28,26.750811353902407
SKU0050,2025-12-31,30,26.52995629056638
SKU0051,2025-10-01,14,19.239317291714205
SKU0051,2025-10-02,21,19.356804406692028
SKU0051,2025-10-03,19,18.840651832828595
SKU0051,2025-10-04,12,19.202585167393682
SKU0051,2025-10-05,18,18.943468115103993
SKU0051,2025-10-06,14,18.444407468950708
SKU0051,2025-10-07,18,18.56827266688467
SKU0051,2025-10-08,26,18.24996182170662
SKU0051,2025-10-09,17,17.691411593659172
SKU0051,2025-10-10,39,17.712513825150225
SKU0051,2025-10-11,28,17.485836158575786
SKU0051,2025-10-12,9,17.966787391554234
SKU0051,2025-10-13,20,18.747227718919234
SKU0051,2025-10-14,31,18.41406520060122
SKU0051,2025-10-15,16,18.402594376825892
SKU0051,2025-10-16,27,18.651133261006745
SKU0051,2025-10-17,25,18.09949823305146
SKU0051,2025-10-18,21,18.397559268195366
SKU0051,2025-10-19,45,18.216518961829614
SKU0051,2025-10-20,14,17.547079069572714
SKU0051,2025-10-21,15,18.306360413649493
SKU0051,2025-10-22,10,18.27911428656713
SKU0051,2025-10-23,28,18.93737881095033
SKU0051,2025-10-24,7,17.477730541049077
SKU0051,2025-10-25,6,18.62305105176018
SKU0051,2025-10-26,13,16.497159822918782
SKU0051,2025-10-27,25,17.616161284855163
SKU0051,2025-10-28,42,17.274938813936195
SKU0051,2025-10-29,11,17.020419817405866
SKU0051,2025-10-30,17,18.16327468187296
SKU0051,2025-10-31,11,17.701997189030973
SKU0051,2025-11-01,19,20.101505283421975
SKU0051,2025-11-02,26,18.74574485438073
SKU0051,2025-11-03,20,18.08486834177761
SKU0051,2025-11-04,15,18.346578622455098
SKU0051,2025-11-05,26,19.32513470341547
SKU0051,2025-11-06,14,19.901937791296145
SKU0051,2025-11-07,25,20.045091849375357
SKU0051,2025-11-08,35,19.29862167311265
SKU0051,2025-11-09,27,20.14715569923675
SKU0051,2025-11-10,13,18.97942925343842
SKU0051,2025-11-11,25,19.45848977017805
SKU0051,2025-11-12,11,19.77669070107655
SKU0051,2025-11-13,10,19.87509538565741
SKU0051,2025-11-14,19,19.635946783470374
SKU0051,2025-11-15,17,19.034926606171407
SKU0051,2025-11-16,15,18.993307287149587
SKU0051,2025-11-17,30,19.465675812029954
SKU0051,2025-11-18,23,18.79064297665244
SKU0051,2025-11-19,31,18.485008852266745
SKU0051,2025-11-20,9,18.614832207018388
SKU0051,2025-11-21,38,20.267507865351114
SKU0051,2025-11-22,21,19.306130815668038
SKU0051,2025-11-23,23,19.77982838586764
SKU0051,2025-11-24,16,21.996844201869212
SKU0051,2025-11-25,18,21.57781834247422
SKU0051,2025-11-26,31,22.039768514814714
SKU0051,2025-11-27,24,21.50794785943916
SKU0051,2025-11-28,15,20.923333979494714
SKU0051,2025-11-29,19,21.63643569403025
SKU0051,2025-11-30,23,21.741346031883804
SKU0051,2025-12-01,16,23.345350780068692
SKU0051,2025-12-02,16,23.858394219332244
SKU0051,2025-12-03,40,23.25490033174093
SKU0051,2025-12-04,25,24.100647185671733
SKU0051,2025-12-05,19,24.54366792064016
SKU0051,2025-12-06,40,24.850478287593276
SKU0051,2025-12-07,27,25.0848309138094
SKU0051,2025-12-08,21,25.724604333948335
SKU0051,2025-12-09,29,25.507474477294576
SKU0051,2025-12-10,41,25.333444630561264
SKU0051,2025-12-11,26,25.92966771429326
SKU0051,2025-12-12,27,27.137862801977285
SKU0051,2025-12-13,13,26.192567891144776
SKU0051,2025-12-14,30,26.777619576979564
SKU0051,2025-12-15,37,25.735683758402452
SKU0051,2025-12-16,37,26.41914080333291
SKU0051,2025-12-17,51,25.691423983311626
SKU0051,2025-12-18,31,27.03939340530311
SKU0051,2025-12-19,17,26.604088500720575
SKU0051,2025-12-20,24,26.28225633655748
SKU0051,2025-12-21,22,25.27474503195441
SKU0051,2025-12-22,29,26.405669970307088
SKU0051,2025-12-23,37,25.700659529820506
SKU0051,2025-12-24,23,26.318600445426547
SKU0051,2025-12-25,42,27.222863936754408
SKU0051,2025-12-26,47,26.28954907593369
SKU0051,2025-12-27,46,28.80198696405493
SKU0051,2025-12-28,28,27.66733229419184
SKU0051,2025-12-29,14,27.9406497492684
SKU0051,2025-12-30,38,26.765831842659708
SKU0051,2025-12-31,28,25.716769947552603
SKU0052,2025-10-01,4,5.529753152024489
SKU0052,2025-10-02,3,5.557209499146306
SKU0052,2025-10-03,6,5.526399492735065
SKU0052,2025-10-04,4,5.5834192922035735
SKU0052,2025-10-05,5,5.692984282794293
SKU0052,2025-10-06,7,5.6008663878138085
SKU0052,2025-10-07,0,5.523187571911914
SKU0052,2025-10-08,7,5.750536876155
SKU0052,2025-10-09,3,5.771589920948012
SKU0052,2025-10-10,9,5.849229586464136
SKU0052,2025-10-11,2,5.818883662297974
SKU0052,2025-10-12,5,5.871589886162898
SKU0052,2025-10-13,11,5.795623947240983
SKU0052,2025-10-14,6,5.859164007526098
SKU0052,2025-10-15,9,5.870968330503726
SKU0052,2025-10-16,3,5.851699061848679
SKU0052,2025-10-17,8,5.692320383969891
SKU0052,2025-10-18,6,5.773099094384053
SKU0052,2025-10-19,2,5.738260540975285
SKU0052,2025-10-20,6,5.595079359110944
SKU0052,2025-10-21,8,5.463962282168194
SKU0052,2025-10-22,1,5.751726532647191
SKU0052,2025-10-23,6,5.5159169312684115
SKU0052,2025-10-24,1,5.712865319724106
SKU0052,2025-10-25,10,5.553534831804903
SKU0052,2025-10-26,2,5.572645557569283
SKU0052,2025-10-27,5,5.542965321016786
SKU0052,2025-10-28,8,5.600743066242162
SKU0052,2025-10-29,5,5.574231062618348
SKU0052,2025-10-30,6,5.56559322851707
SKU0052,2025-10-31,2,5.4743991101889335
SKU0052,2025-11-01,7,5.801310755589442
SKU0052,2025-11-02,9,5.731833066581298
SKU0052,2025-11-03,2,5.926799823477721
SKU0052,2025-11-04,6,5.8136772679173845
SKU0052,2025-11-05,9,5.7865974851828295
SKU0052,2025-11-06,6,6.037223171713799
SKU0052,2025-11-07,6,6.007299055416202
SKU0052,2025-11-08,10,6.054139682297675
SKU0052,2025-11-09,6,6.176481078029279
SKU0052,2025-11-10,6,6.0364762185164516
SKU0052,2025-11-11,4,6.205137991938747
SKU0052,2025-11-12,9,6.067321219032982
SKU0052,2025-11-13,7,6.102283915520514
SKU0052,2025-11-14,6,6.147474553751215
SKU0052,2025-11-15,5,6.135003628312761
SKU0052,2025-11-16,1,6.110248703303047
SKU0052,2025-11-17,7,5.869495057457358
SKU0052,2025-11-18,3,5.880254432554364
SKU0052,2025-11-19,7,5.997821040930412
SKU0052,2025-11-20,5,5.908616764498487
SKU0052,2025-11-21,4,5.883476381541227
SKU0052,2025-11-22,8,5.939498283309319
SKU0052,2025-11-23,6,5.933456252662379
SKU0052,2025-11-24,9,6.185987766642388
SKU0052,2025-11-25,8,6.36098430606837
SKU0052,2025-11-26,4,6.539667970193257
SKU0052,2025-11-27,8,6.521121978851386
SKU0052,2025-11-28,4,6.621331841484251
SKU0052,2025-11-29,10,6.398587692538709
SKU0052,2025-11-30,13,6.549609925470869
SKU0052,2025-12-01,3,7.187636535249759
SKU0052,2025-12-02,9,7.101669528851735
SKU0052,2025-12-03,8,7.132321968434297
SKU0052,2025-12-04,8,7.210806982431041
SKU0052,2025-12-05,10,7.458453043844887
SKU0052,2025-12-06,6,7.667287308130776
SKU0052,2025-12-07,13,7.625073941060918
SKU0052,2025-12-08,6,7.678602307883076
SKU0052,2025-12-09,13,7.591662559606721
SKU0052,2025-12-10,5,8.018114944675162
SKU0052,2025-12-11,10,7.707302306150585
SKU0052,2025-12-12,14,7.758499342841474
SKU0052,2025-12-13,10,8.607381929837766
SKU0052,2025-12-14,9,8.708166552370336
SKU0052,2025-12-15,3,8.147409390199089
SKU0052,2025-12-16,9,7.85065445937256
SKU0052,2025-12-17,3,7.839029758974482
SKU0052,2025-12-18,5,7.728897463734133
SKU0052,2025-12-19,10,7.723270724263572
SKU0052,2025-12-20,9,7.922207226907279
SKU0052,2025-12-21,7,8.046777965383932
SKU0052,2025-12-22,8,8.368026802226732
SKU0052,2025-12-23,7,8.446362417836085
SKU0052,2025-12-24,10,8.351714495541902
SKU0052,2025-12-25,6,8.425380871938316
SKU0052,2025-12-26,11,8.433721532160698
SKU0052,2025-12-27,4,8.711987437848336
SKU0052,2025-12-28,12,8.413328541609223
SKU0052,2025-12-29,15,8.772072812736049
SKU0052,2025-12-30,9,9.509360023004335
SKU0052,2025-12-31,5,9.483179370980674
SKU0055,2025-10-01,13,19.21637525114102
SKU0055,2025-10-02,35,18.881547137085008
SKU0055,2025-10-03,9,18.302488995584003
SKU0055,2025-10-04,26,18.97404376208099
SKU0055,2025-10-05,24,19.243773774134073
SKU0055,2025-10-06,12,18.681524010450527
SKU0055,2025-10-07,12,18.949400411627796
SKU0055,2025-10-08,38,18.55025899802559
SKU0055,2025-10-09,21,18.816694990880894
SKU0055,2025-10-10,42,18.13206456356019
SKU0055,2025-10-11,9,19.49845287735583
SKU0055,2025-10-12,23,19.966086225718403
SKU0055,2025-10-13,26,20.003891275828185
SKU0055,2025-10-14,18,20.001423699330505
SKU0055,2025-10-15,19,20.252642561456224
SKU0055,2025-10-16,14,19.49983005112334
SKU0055,2025-10-17,25,19.50628496511996
SKU0055,2025-10-18,23,19.704736701084062
SKU0055,2025-10-19,19,20.074097685819446
SKU0055,2025-10-20,16,19.93481822137913
SKU0055,2025-10-21,21,18.901980778583336
SKU0055,2025-10-22,24,18.775477939036342
SKU0055,2025-10-23,0,18.89677333736823
SKU0055,2025-10-24,21,18.16716122986364
SKU0055,2025-10-25,21,18.674725687171996
SKU0055,2025-10-26,23,19.060122854909384
SKU0055,2025-10-27,15,18.052857264022524
SKU0055,2025-10-28,13,18.90000922982673
SKU0055,2025-10-29,21,19.469998803233704
SKU0055,2025-10-30,5,19.167847107480142
SKU0055,2025-10-31,17,17.91221986494514
SKU0055,2025-11-01,10,19.102466549038684
SKU0055,2025-11-02,17,18.811292147767073
SKU0055,2025-11-03,18,18.720015635076173
SKU0055,2025-11-04,23,18.90549165555243
SKU0055,2025-11-05,23,19.073539560038377
SKU0055,2025-11-06,18,19.141680253261754
SKU0055,2025-11-07,39,19.705480932027545
SKU0055,2025-11-08,26,19.924574626366493
SKU0055,2025-11-09,19,19.691368061167854
SKU0055,2025-11-10,28,20.318879154891928
SKU0055,2025-11-11,35,20.386138526330267
SKU0055,2025-11-12,29,21.001885990258614
SKU0055,2025-11-13,15,21.303516469321433
SKU0055,2025-11-14,31,21.962931944284712
SKU0055,2025-11-15,13,21.663503727021094
SKU0055,2025-11-16,25,22.051999053775248
SKU0055,2025-11-17,28,22.115479872258277
SKU0055,2025-11-18,25,22.262652141321748
SKU0055,2025-11-19,21,22.189232244241623
SKU0055,2025-11-20,23,22.531603208982126
SKU0055,2025-11-21,27,22.361367582806757
SKU0055,2025-11-22,18,21.257913185758515
SKU0055,2025-11-23,42,24.222362526908427
SKU0055,2025-11-24,28,23.142069988056015
SKU0055,2025-11-25,13,22.878850364696063
SKU0055,2025-11-26,21,23.08259156970951
SKU0055,2025-11-27,30,23.661058861715468
SKU0055,2025-11-28,19,22.974543052363323
SKU0055,2025-11-29,24,23.53951419327075
SKU0055,2025-11-30,35,24.100507684426912
SKU0055,2025-12-01,28,25.017134457821314
SKU0055,2025-12-02,25,25.12762725156816
SKU0055,2025-12-03,22,25.408218689949212
SKU0055,2025-12-04,18,25.346154693332213
SKU0055,2025-12-05,15,25.535005294032285
SKU0055,2025-12-06,16,26.18368026927191
SKU0055,2025-12-07,24,26.10280411280289
SKU0055,2025-12-08,19,25.052042088752174
SKU0055,2025-12-09,24,25.66906924763127
SKU0055,2025-12-10,21,24.474509670287993
SKU0055,2025-12-11,23,23.915671852705916
SKU0055,2025-12-12,28,24.99057036853046
SKU0055,2025-12-13,32,24.491176314028532
SKU0055,2025-12-14,16,24.321403604683567
SKU0055,2025-12-15,29,25.065468493921312
SKU0055,2025-12-16,26,25.07845607339846
SKU0055,2025-12-17,31,25.60216313378352
SKU0055,2025-12-18,49,25.243016134040925
SKU0055,2025-12-19,25,26.648540771233385
SKU0055,2025-12-20,32,27.305214631924283
SKU0055,2025-12-21,26,26.10791259024111
SKU0055,2025-12-22,15,27.245897634281775
SKU0055,2025-12-23,32,26.91687747099643
SKU0055,2025-12-24,25,27.57809208761419
SKU0055,2025-12-25,18,27.239387530068807
SKU0055,2025-12-26,32,27.285018571779453
SKU0055,2025-12-27,40,27.20600078985271
SKU0055,2025-12-28,21,28.089592317605454
SKU0055,2025-12-29,19,27.95546219082774
SKU0055,2025-12-30,45,28.14218768777823
SKU0055,2025-12-31,19,27.319914622457606
SKU0056,2025-10-01,26,12.837138857880138
SKU0056,2025-10-02,13,13.207208991228608
SKU0056,2025-10-03,4,13.002287043085392
SKU0056,2025-10-04,20,12.659059968118806
SKU0056,2025-10-05,12,13.165267106591642
SKU0056,2025-10-06,13,12.84195935199519
SKU0056,2025-10-07,17,12.913337769484338
SKU0056,2025-10-08,12,12.97792497164779
SKU0056,2025-10-09,11,12.827106303262681
SKU0056,2025-10-10,14,12.566235388694716
SKU0056,2025-10-11,9,12.657945621095054
SKU0056,2025-10-12,12,12.42599056174281
SKU0056,2025-10-13,2,12.495952661610776
SKU0056,2025-10-14,5,12.431105082459394
SKU0056,2025-10-15,11,11.92583389578631
SKU0056,2025-10-16,9,12.142444047142469
SKU0056,2025-10-17,8,12.008337465080151
SKU0056,2025-10-18,16,11.74700948005976
SKU0056,2025-10-19,8,11.812831734064908
SKU0056,2025-10-20,5,11.746229552858136
SKU0056,2025-10-21,16,11.892479647581316
SKU0056,2025-10-22,10,12.123561074680804
SKU0056,2025-10-23,14,12.262371253446195
SKU0056,2025-10-24,19,12.347459568213047
SKU0056,2025-10-25,14,12.229735426625131
SKU0056,2025-10-26,21,12.357102480251298
SKU0056,2025-10-27,15,12.56589062656493
SKU0056,2025-10-28,15,12.480108598442706
SKU0056,2025-10-29,7,12.497431003067621
SKU0056,2025-10-30,19,12.172018479030637
SKU0056,2025-10-31,9,12.389044531076188
SKU0056,2025-11-01,29,13.380585541834922
SKU0056,2025-11-02,17,13.70852580007777
SKU0056,2025-11-03,3,13.94959059802295
SKU0056,2025-11-04,20,13.690691560497816
SKU0056,2025-11-05,7,14.087561673035582
SKU0056,2025-11-06,12,13.941642103508645
SKU0056,2025-11-07,18,13.541157908941571
SKU0056,2025-11-08,17,13.841200104065624
SKU0056,2025-11-09,13,14.045522723388002
SKU0056,2025-11-10,21,13.894278416717937
SKU0056,2025-11-11,20,14.386499999184144
SKU0056,2025-11-12,12,14.393910306150326
SKU0056,2025-11-13,22,14.83390300907065
SKU0056,2025-11-14,19,15.272158110123192
SKU0056,2025-11-15,15,14.8363947180528
SKU0056,2025-11-16,20,15.505258533732855
SKU0056,2025-11-17,19,15.533553320228817
SKU0056,2025-11-18,34,16.16142029192762
SKU0056,2025-11-19,19,17.67573667512512
SKU0056,2025-11-20,16,18.09040187850435
SKU0056,2025-11-21,11,17.796645290736368
SKU0056,2025-11-22,20,17.99722240525457
SKU0056,2025-11-23,17,17.720331071392764
SKU0056,2025-11-24,24,17.6651718429916
SKU0056,2025-11-25,16,17.82372240856816
SKU0056,2025-11-26,11,17.97580246314155
SKU0056,2025-11-27,12,17.928666224137075
SKU0056,2025-11-28,28,17.607083608544816
SKU0056,2025-11-29,10,17.34066685339279
SKU0056,2025-11-30,23,17.729175846435293
SKU0056,2025-12-01,13,18.001190370714696
SKU0056,2025-12-02,10,18.132012864304752
SKU0056,2025-12-03,25,18.256863196730947
SKU0056,2025-12-04,13,18.264385465721304
SKU0056,2025-12-05,26,18.68113344595014
SKU0056,2025-12-06,11,18.54743224259884
SKU0056,2025-12-07,22,19.237907804293542
SKU0056,2025-12-08,32,18.83577489065404
SKU0056,2025-12-09,23,19.546173537230825
SKU0056,2025-12-10,33,20.061392299421907
SKU0056,2025-12-11,21,20.317658590237876
SKU0056,2025-12-12,15,20.39288183753375
SKU0056,2025-12-13,10,20.669413077814575
SKU0056,2025-12-14,18,20.31921047873803
SKU0056,2025-12-15,20,20.183446432590397
SKU0056,2025-12-16,34,20.255136406274282
SKU0056,2025-12-17,29,21.101229151085374
SKU0056,2025-12-18,23,21.160773641691613
SKU0056,2025-12-19,23,21.025372804587843
SKU0056,2025-12-20,17,21.457154658218027
SKU0056,2025-12-21,25,21.200269169641047
SKU0056,2025-12-22,10,20.8041344566818
SKU0056,2025-12-23,24,21.316468421672607
SKU0056,2025-12-24,23,20.752660233563674
SKU0056,2025-12-25,20,20.888080546916477
SKU0056,2025-12-26,21,21.20029040793528
SKU0056,2025-12-27,19,21.759599347381403
SKU0056,2025-12-28,16,21.808246215057544
SKU0056,2025-12-29,31,21.005036062038993
SKU0056,2025-12-30,24,20.992604441613388
SKU0056,2025-12-31,32,21.585193161384503
SKU0057,2025-10-01,8,18.252907709314115
SKU0057,2025-10-02,10,19.018469457501222
SKU0057,2025-10-03,19,18.84146243332307
SKU0057,2025-10-04,16,18.25639233149779
SKU0057,2025-10-05,24,18.335853704659737
SKU0057,2025-10-06,15,17.904718765845033
SKU0057,2025-10-07,33,18.649232731336173
SKU0057,2025-10-08,2,17.508951509771133
SKU0057,2025-10-09,17,18.44727921501531
SKU0057,2025-10-10,22,18.05561435300372
SKU0057,2025-10-11,15,17.304887561244133
SKU0057,2025-10-12,18,18.092878084925182
SKU0057,2025-10-13,13,17.87388412659582
SKU0057,2025-10-14,22,17.274840997297808
SKU0057,2025-10-15,16,17.42828413284568
SKU0057,2025-10-16,10,17.44934218798628
SKU0057,2025-10-17,17,17.581654773121606
SKU0057,2025-10-18,30,17.14831384437789
SKU0057,2025-10-19,32,15.800214135827186
SKU0057,2025-10-20,19,16.727178727571957
SKU0057,2025-10-21,23,16.22515249080508
SKU0057,2025-10-22,26,17.354227788535546
SKU0057,2025-10-23,9,17.964927766453233
SKU0057,2025-10-24,23,18.140676723250856
SKU0057,2025-10-25,18,17.732009268047356
SKU0057,2025-10-26,8,17.3739790995816
SKU0057,2025-10-27,10,18.699389359896866
SKU0057,2025-10-28,24,17.480426529846085
SKU0057,2025-10-29,23,17.660935480028794
SKU0057,2025-10-30,31,17.454817817388445
SKU0057,2025-10-31,21,17.45867585574634
SKU0057,2025-11-01,17,19.2649552547678
SKU0057,2025-11-02,16,19.5581505991088
SKU0057,2025-11-03,15,19.680513455536403
SKU0057,2025-11-04,35,19.939135364650667
SKU0057,2025-11-05,14,19.31836248662826
SKU0057,2025-11-06,13,21.314922309054836
SKU0057,2025-11-07,12,20.0932364871613
SKU0057,2025-11-08,19,20.934588213838207
SKU0057,2025-11-09,16,19.67150000321996
SKU0057,2025-11-10,20,19.200473374556665
SKU0057,2025-11-11,17,19.645058403308507
SKU0057,2025-11-12,16,19.83440015584904
SKU0057,2025-11-13,16,20.0759785530781
SKU0057,2025-11-14,23,19.833045742337198
SKU0057,2025-11-15,14,19.42694549508195
SKU0057,2025-11-16,4,20.517929345127886
SKU0057,2025-11-17,15,19.52151605923222
SKU0057,2025-11-18,18,19.232222191912857
SKU0057,2025-11-19,19,18.579161009852488
SKU0057,2025-11-20,8,18.562035677697278
SKU0057,2025-11-21,20,18.774961497291656
SKU0057,2025-11-22,19,17.80665153179272
SKU0057,2025-11-23,8,18.226699541831394
SKU0057,2025-11-24,17,18.43301836031814
SKU0057,2025-11-25,36,18.088315657931705
SKU0057,2025-11-26,21,18.01902453430119
SKU0057,2025-11-27,14,18.625005613967026
SKU0057,2025-11-28,31,18.85334740742302
SKU0057,2025-11-29,14,18.50204439659232
SKU0057,2025-11-30,21,18.41741285367662
SKU0057,2025-12-01,9,19.2277231510368
SKU0057,2025-12-02,22,19.79686819217962
SKU0057,2025-12-03,28,18.995932160293453
SKU0057,2025-12-04,33,19.722690076474013
SKU0057,2025-12-05,35,19.875907740535833
SKU0057,2025-12-06,41,20.987817979549813
SKU0057,2025-12-07,23,21.280226863551
SKU0057,2025-12-08,28,22.14600075252157
SKU0057,2025-12-09,42,21.906252916974758
SKU0057,2025-12-10,29,23.261343095660237
SKU0057,2025-12-11,25,23.99835506821875
SKU0057,2025-12-12,28,23.710496189364772
SKU0057,2025-12-13,34,24.476680152038593
SKU0057,2025-12-14,27,24.951295027352522
SKU0057,2025-12-15,19,24.789628439618173
SKU0057,2025-12-16,31,25.460729187736167
SKU0057,2025-12-17,32,24.694538943962222
SKU0057,2025-12-18,23,24.972552720838806
SKU0057,2025-12-19,32,24.294290413135055
SKU0057,2025-12-20,22,25.38296559934891
SKU0057,2025-12-21,37,24.753859351533205
SKU0057,2025-12-22,18,24.417308430698416
SKU0057,2025-12-23,18,25.550739586034272
SKU0057,2025-12-24,25,25.281594702700414
SKU0057,2025-12-25,29,24.67779725729817
SKU0057,2025-12-26,33,25.18740353128626
SKU0057,2025-12-27,32,25.49941447480368
SKU0057,2025-12-28,25,25.73027154226978
SKU0057,2025-12-29,26,25.708652568010034
SKU0057,2025-12-30,43,25.47455084551907
SKU0057,2025-12-31,28,25.46904309539976
SKU0058,2025-10-01,8,10.59225562688213
SKU0058,2025-10-02,4,10.800528395604605
SKU0058,2025-10-03,8,10.417158011558085
SKU0058,2025-10-04,4,10.396565828600659
SKU0058,2025-10-05,7,10.324976471189771
SKU0058,2025-10-06,8,10.180325541630701
SKU0058,2025-10-07,8,10.263935508856209
SKU0058,2025-10-08,15,10.280587345384536
SKU0058,2025-10-09,8,10.308949379983499
SKU0058,2025-10-10,10,10.215062070595
SKU0058,2025-10-11,13,10.22883885872526
SKU0058,2025-10-12,8,10.228970358173164
SKU0058,2025-10-13,7,10.161228310864677
SKU0058,2025-10-14,13,10.02076085068417
SKU0058,2025-10-15,13,10.211444796570989
SKU0058,2025-10-16,14,10.13007685409944
SKU0058,2025-10-17,12,10.288424162083658
SKU0058,2025-10-18,9,10.175058163403753
SKU0058,2025-10-19,12,10.283342176087455
SKU0058,2025-10-20,8,10.269870202981151
SKU0058,2025-10-21,13,10.261726882900096
SKU0058,2025-10-22,9,10.207291942108885
SKU0058,2025-10-23,16,10.358952522351082
SKU0058,2025-10-24,21,10.299466058164231
SKU0058,2025-10-25,15,10.729928605997209
SKU0058,2025-10-26,8,10.804029087866072
SKU0058,2025-10-27,19,10.228596831304648
SKU0058,2025-10-28,9,10.607817310963823
SKU0058,2025-10-29,17,10.30393955260303
SKU0058,2025-10-30,13,10.369966996661244
SKU0058,2025-10-31,15,10.195080226110564
SKU0058,2025-11-01,9,12.22531333027646
SKU0058,2025-11-02,9,12.368020614554224
SKU0058,2025-11-03,9,12.234693576368752
SKU0058,2025-11-04,14,12.374744906987873
SKU0058,2025-11-05,10,12.67651358441131
SKU0058,2025-11-06,22,12.913196537264813
SKU0058,2025-11-07,4,12.99100828821592
SKU0058,2025-11-08,10,12.96507371760687
SKU0058,2025-11-09,19,12.821003584090237
SKU0058,2025-11-10,20,12.669797743296094
SKU0058,2025-11-11,15,13.440477091502059
SKU0058,2025-11-12,12,13.739373331101863
SKU0058,2025-11-13,24,13.535482904773032
SKU0058,2025-11-14,9,13.956875295742119
SKU0058,2025-11-15,13,14.05844193280579
SKU0058,2025-11-16,10,13.736193338796818
SKU0058,2025-11-17,17,13.540987338239724
SKU0058,2025-11-18,17,13.712275933937544
SKU0058,2025-11-19,12,14.454111826426105
SKU0058,2025-11-20,19,14.10709260651576
SKU0058,2025-11-21,4,14.220269391672822
SKU0058,2025-11-22,11,14.51512257165065
SKU0058,2025-11-23,9,14.369680011276575
SKU0058,2025-11-24,10,13.938415982594133
SKU0058,2025-11-25,17,13.751751107574654
SKU0058,2025-11-26,19,13.908008679892486
SKU0058,2025-11-27,16,13.933472171987065
SKU0058,2025-11-28,17,14.759670188510334
SKU0058,2025-11-29,16,14.790411982412381
SKU0058,2025-11-30,17,14.926734781596494
SKU0058,2025-12-01,21,15.498557954344585
SKU0058,2025-12-02,22,15.915167729897059
SKU0058,2025-12-03,8,16.12022588998756
SKU0058,2025-12-04,15,16.289816740339965
SKU0058,2025-12-05,9,15.729301290808527
SKU0058,2025-12-06,26,15.941114645165547
SKU0058,2025-12-07,7,16.19052054871331
SKU0058,2025-12-08,9,15.90746553464175
SKU0058,2025-12-09,11,15.554346727647726
SKU0058,2025-12-10,11,15.523630987275723
SKU0058,2025-12-11,17,15.620349856049714
SKU0058,2025-12-12,16,15.623514146422215
SKU0058,2025-12-13,16,15.781477257406886
SKU0058,2025-12-14,17,16.14811688979653
SKU0058,2025-12-15,17,16.32862353107517
SKU0058,2025-12-16,15,16.337045864698133
SKU0058,2025-12-17,16,16.454900081241533
SKU0058,2025-12-18,16,16.480791274739936
SKU0058,2025-12-19,17,16.504947681435365
SKU0058,2025-12-20,20,16.61336193400199
SKU0058,2025-12-21,9,16.360148639101695
SKU0058,2025-12-22,15,16.89018474970702
SKU0058,2025-12-23,12,16.74994949389592
SKU0058,2025-12-24,19,16.42401767267639
SKU0058,2025-12-25,21,17.391121850041372
SKU0058,2025-12-26,15,17.762335193471312
SKU0058,2025-12-27,17,17.77630493423509
SKU0058,2025-12-28,8,17.70953020816043
SKU0058,2025-12-29,18,16.657054593724304
SKU0058,2025-12-30,20,17.102810991898313
SKU0058,2025-12-31,20,17.357081106033487
SKU0060,2025-10-01,18,11.039831080615008
SKU0060,2025-10-02,12,11.385753568975428
SKU0060,2025-10-03,13,10.982710368425177
SKU0060,2025-10-04,14,10.895769281785483
SKU0060,2025-10-05,4,11.252177876522309
SKU0060,2025-10-06,12,10.51086090726946
SKU0060,2025-10-07,16,10.79958671878928
SKU0060,2025-10-08,15,10.81568382321264
SKU0060,2025-10-09,13,11.04104143704636
SKU0060,2025-10-10,16,11.066507654366756
SKU0060,2025-10-11,13,11.22245898779304
SKU0060,2025-10-12,16,11.270701161261774
SKU0060,2025-10-13,7,11.384840811693728
SKU0060,2025-10-14,15,11.099188677267406
SKU0060,2025-10-15,10,11.591607098689977
SKU0060,2025-10-16,9,11.519729911667179
SKU0060,2025-10-17,13,11.325239070609346
SKU0060,2025-10-18,6,11.224370756241077
SKU0060,2025-10-19,14,11.03666398114661
SKU0060,2025-10-20,25,11.274396269666834
SKU0060,2025-10-21,7,11.792581680017115
SKU0060,2025-10-22,14,11.589072354899482
SKU0060,2025-10-23,17,11.621613409978073
SKU0060,2025-10-24,7,12.036516731972908
SKU0060,2025-10-25,7,11.443793487645298
SKU0060,2025-10-26,12,11.39618128272328
SKU0060,2025-10-27,14,11.403322310057048
SKU0060,2025-10-28,9,11.490445674603311
SKU0060,2025-10-29,8,11.323179181839473
SKU0060,2025-10-30,4,11.103981750851805
SKU0060,2025-10-31,10,10.782366978450385
SKU0060,2025-11-01,14,12.141427460329284
SKU0060,2025-11-02,14,12.573357495576671
SKU0060,2025-11-03,7,12.409622272827699
SKU0060,2025-11-04,13,12.435893153492554
SKU0060,2025-11-05,11,12.67818568423709
SKU0060,2025-11-06,23,12.768966325522987
SKU0060,2025-11-07,14,13.099864792572092
SKU0060,2025-11-08,6,13.328742454406699
SKU0060,2025-11-09,21,12.956441855463856
SKU0060,2025-11-10,9,13.360353054337816
SKU0060,2025-11-11,7,13.171999097896675
SKU0060,2025-11-12,2,12.909616311608465
SKU0060,2025-11-13,16,12.688020302291477
SKU0060,2025-11-14,10,12.792838942837719
SKU0060,2025-11-15,10,12.9459097733224
SKU0060,2025-11-16,4,12.988644220195148
SKU0060,2025-11-17,10,12.321960714252034
SKU0060,2025-11-18,10,12.413449176783235
SKU0060,2025-11-19,10,12.604705991658163
SKU0060,2025-11-20,10,11.722206006838725
SKU0060,2025-11-21,18,11.894015017079965
SKU0060,2025-11-22,8,11.907771625370806
SKU0060,2025-11-23,16,11.834433640477481
SKU0060,2025-11-24,22,11.90884425642137
SKU0060,2025-11-25,13,13.400245242243312
SKU0060,2025-11-26,20,13.483510132244795
SKU0060,2025-11-27,14,13.766805131579806
SKU0060,2025-11-28,16,14.176229864276955
SKU0060,2025-11-29,24,14.196251879216469
SKU0060,2025-11-30,19,14.434872176114782
SKU0060,2025-12-01,13,15.26673806571631
SKU0060,2025-12-02,7,15.447320249291156
SKU0060,2025-12-03,26,14.695229980158043
SKU0060,2025-12-04,18,15.552466494860441
SKU0060,2025-12-05,21,15.714697726307447
SKU0060,2025-12-06,14,16.14983004902854
SKU0060,2025-12-07,11,15.837338393294376
SKU0060,2025-12-08,12,15.884865105194375
SKU0060,2025-12-09,8,15.774007261464593
SKU0060,2025-12-10,22,14.766258352642717
SKU0060,2025-12-11,10,15.945523835719019
SKU0060,2025-12-12,10,15.114489747361816
SKU0060,2025-12-13,12,15.2037385352838
SKU0060,2025-12-14,9,14.838920536409809
SKU0060,2025-12-15,15,14.802595146214664
SKU0060,2025-12-16,12,14.899788769207309
SKU0060,2025-12-17,12,15.009631412602962
SKU0060,2025-12-18,20,15.289905089806611
SKU0060,2025-12-19,18,15.608243125037996
SKU0060,2025-12-20,29,16.03676801992795
SKU0060,2025-12-21,9,16.372068083717735
SKU0060,2025-12-22,15,16.689593884863122
SKU0060,2025-12-23,14,16.638418131076865
SKU0060,2025-12-24,10,16.672285325589918
SKU0060,2025-12-25,20,16.203431362202345
SKU0060,2025-12-26,13,16.739599842907335
SKU0060,2025-12-27,25,16.52054601037325
SKU0060,2025-12-28,24,17.683648692350797
SKU0060,2025-12-29,15,17.56600946881718
SKU0060,2025-12-30,20,17.98339417246594
SKU0060,2025-12-31,21,17.8217336695811
SKU0061,2025-10-01,23,16.22074608584955
SKU0061,2025-10-02,16,16.199378642312762
SKU0061,2025-10-03,14,16.025480184641246
SKU0061,2025-10-04,25,16.222100221384935
SKU0061,2025-10-05,15,15.829155363521634
SKU0061,2025-10-06,26,16.05736387546222
SKU0061,2025-10-07,39,16.353109363156094
SKU0061,2025-10-08,27,16.390643410108094
SKU0061,2025-10-09,21,16.635376118036707
SKU0061,2025-10-10,14,16.268350758610797
SKU0061,2025-10-11,14,16.916377594660958
SKU0061,2025-10-12,18,16.355254963168505
SKU0061,2025-10-13,11,16.107060557955812
SKU0061,2025-10-14,20,16.187134901707513
SKU0061,2025-10-15,3,16.65481900589118
SKU0061,2025-10-16,18,16.464943216731864
SKU0061,2025-10-17,18,16.319433023734344
SKU0061,2025-10-18,24,15.999388133574405
SKU0061,2025-10-19,12,16.346651131640307
SKU0061,2025-10-20,14,16.129937109891546
SKU0061,2025-10-21,16,16.051139278341353
SKU0061,2025-10-22,10,16.266747606366355
SKU0061,2025-10-23,17,16.66232946704473
SKU0061,2025-10-24,14,16.388934237875926
SKU0061,2025-10-25,19,16.471791499104558
SKU0061,2025-10-26,26,16.27385731812139
SKU0061,2025-10-27,13,15.641865362810377
SKU0061,2025-10-28,21,16.49933395125011
SKU0061,2025-10-29,27,16.25404500290398
SKU0061,2025-10-30,23,17.42709844245327
SKU0061,2025-10-31,15,16.903900860564633
SKU0061,2025-11-01,26,17.62676423390877
SKU0061,2025-11-02,17,18.789974871360705
SKU0061,2025-11-03,21,18.384080702867873
SKU0061,2025-11-04,19,18.769293859581087
SKU0061,2025-11-05,37,18.805980044938032
SKU0061,2025-11-06,28,19.616851908246794
SKU0061,2025-11-07,39,19.3220506229614
SKU0061,2025-11-08,19,20.70408477081301
SKU0061,2025-11-09,16,19.972818868466128
SKU0061,2025-11-10,18,19.87316453861346
SKU0061,2025-11-11,35,19.946253255965953
SKU0061,2025-11-12,26,20.27196029163688
SKU0061,2025-11-13,16,20.699121014396642
SKU0061,2025-11-14,11,21.379132416437194
SKU0061,2025-11-15,14,21.533541741720555
SKU0061,2025-11-16,11,21.00554245415407
SKU0061,2025-11-17,20,20.678389047482757
SKU0061,2025-11-18,22,20.02422179006048
SKU0061,2025-11-19,13,19.996293940637702
SKU0061,2025-11-20,28,20.710489669794537
SKU0061,2025-11-21,37,21.120247123765633
SKU0061,2025-11-22,19,21.780856530006503
SKU0061,2025-11-23,19,23.42408834564584
SKU0061,2025-11-24,32,23.14021850854414
SKU0061,2025-11-25,24,22.698876828854345
SKU0061,2025-11-26,12,23.68916325315738
SKU0061,2025-11-27,10,25.217700922284905
SKU0061,2025-11-28,18,23.739948517131857
SKU0061,2025-11-29,27,22.77200600996862
SKU0061,2025-11-30,25,22.97277984226796
SKU0061,2025-12-01,26,24.481126773302826
SKU0061,2025-12-02,19,24.793944152116357
SKU0061,2025-12-03,26,24.79006449244964
SKU0061,2025-12-04,41,25.295702645158364
SKU0061,2025-12-05,35,25.177929201974354
SKU0061,2025-12-06,22,25.327265847587007
SKU0061,2025-12-07,34,25.15316460748702
SKU0061,2025-12-08,37,24.428929509848228
SKU0061,2025-12-09,24,25.058938694957355
SKU0061,2025-12-10,36,26.28525856306374
SKU0061,2025-12-11,32,25.884529471139505
SKU0061,2025-12-12,34,26.397913324089373
SKU0061,2025-12-13,32,25.98074658440299
SKU0061,2025-12-14,18,27.188006954776803
SKU0061,2025-12-15,18,27.293028078995366
SKU0061,2025-12-16,20,26.851544671808625
SKU0061,2025-12-17,15,27.65736276937565
SKU0061,2025-12-18,24,27.612348072926704
SKU0061,2025-12-19,39,27.069882799982917
SKU0061,2025-12-20,23,27.318709886432895
SKU0061,2025-12-21,30,27.148332601697742
SKU0061,2025-12-22,34,27.173174813211048
SKU0061,2025-12-23,47,27.18367313368479
SKU0061,2025-12-24,45,28.60828110501528
SKU0061,2025-12-25,21,28.152452371613048
SKU0061,2025-12-26,31,28.00206699162635
SKU0061,2025-12-27,34,27.169715992630888
SKU0061,2025-12-28,29,27.478358538569257
SKU0061,2025-12-29,26,26.703827402347436
SKU0061,2025-12-30,28,27.666930107001438
SKU0061,2025-12-31,38,27.747430043812372
SKU0063,2025-10-01,13,10.918894324830868
SKU0063,2025-10-02,19,11.024302611374157
SKU0063,2025-10-03,11,10.84474333519319
SKU0063,2025-10-04,4,10.935865166264126
SKU0063,2025-10-05,17,10.58062561683134
SKU0063,2025-10-06,3,10.637439740781343
SKU0063,2025-10-07,10,10.54189568196312
SKU0063,2025-10-08,10,10.076193414551414
SKU0063,2025-10-09,15,10.390659233712514
SKU0063,2025-10-10,13,10.543960124340177
SKU0063,2025-10-11,2,10.951662646029856
SKU0063,2025-10-12,3,10.639549764858826
SKU0063,2025-10-13,3,10.266517094885746
SKU0063,2025-10-14,19,9.6996007238753
SKU0063,2025-10-15,5,10.400736438063996
SKU0063,2025-10-16,17,10.530753620233005
SKU0063,2025-10-17,8,10.285495952929068
SKU0063,2025-10-18,8,10.438915659084348
SKU0063,2025-10-19,13,10.108983815265084
SKU0063,2025-10-20,9,10.634054548323473
SKU0063,2025-10-21,9,10.273295328192015
SKU0063,2025-10-22,8,10.048406666904002
SKU0063,2025-10-23,4,10.049690916629265
SKU0063,2025-10-24,8,9.972353663674419
SKU0063,2025-10-25,8,9.82398917052692
SKU0063,2025-10-26,15,9.789643354697764
SKU0063,2025-10-27,13,9.84715932245063
SKU0063,2025-10-28,9,9.978491881186116
SKU0063,2025-10-29,9,10.056084155006776
SKU0063,2025-10-30,23,9.974536837576755
SKU0063,2025-10-31,15,9.927845405895145
SKU0063,2025-11-01,5,11.26362149231484
SKU0063,2025-11-02,2,10.97156985833136
SKU0063,2025-11-03,6,10.395656078228981
SKU0063,2025-11-04,12,10.601351084664456
SKU0063,2025-11-05,14,10.504598348543128
SKU0063,2025-11-06,5,10.876288146235307
SKU0063,2025-11-07,13,10.53102621493102
SKU0063,2025-11-08,8,11.07402277726647
SKU0063,2025-11-09,16,10.843972760149576
SKU0063,2025-11-10,13,10.624929647115
SKU0063,2025-11-11,14,10.914788963565261
SKU0063,2025-11-12,8,11.140615215815895
SKU0063,2025-11-13,14,11.319958935066692
SKU0063,2025-11-14,15,11.328484936498928
SKU0063,2025-11-15,7,11.784937924159342
SKU0063,2025-11-16,19,11.362664773123301
SKU0063,2025-11-17,11,11.43288560004736
SKU0063,2025-11-18,4,11.90787323938083
SKU0063,2025-11-19,23,11.594333620744488
SKU0063,2025-11-20,15,11.585266695860943
SKU0063,2025-11-21,16,12.65405386783836
SKU0063,2025-11-22,11,13.08500174863935
SKU0063,2025-11-23,9,12.923975234927717
SKU0063,2025-11-24,28,12.640761664561492
SKU0063,2025-11-25,8,13.518451764256385
SKU0063,2025-11-26,20,13.062625817843086
SKU0063,2025-11-27,12,13.512923445442722
SKU0063,2025-11-28,8,13.629990962179447
SKU0063,2025-11-29,20,13.45627720747842
SKU0063,2025-11-30,12,13.264284866434894
SKU0063,2025-12-01,15,13.175210750181925
SKU0063,2025-12-02,13,13.30176647259762
SKU0063,2025-12-03,18,13.18169182523958
SKU0063,2025-12-04,23,14.329757984873767
SKU0063,2025-12-05,18,14.514456799236974
SKU0063,2025-12-06,14,15.04077481064467
SKU0063,2025-12-07,16,15.722778566376107
SKU0063,2025-12-08,15,15.070779703201213
SKU0063,2025-12-09,10,15.454135961068047
SKU0063,2025-12-10,15,14.968010441931456
SKU0063,2025-12-11,14,15.016130783889668
SKU0063,2025-12-12,16,15.173935499531384
SKU0063,2025-12-13,11,15.666881557188637
SKU0063,2025-12-14,17,15.444732441732928
SKU0063,2025-12-15,14,15.242557286199254
SKU0063,2025-12-16,11,15.381256716060498
SKU0063,2025-12-17,16,15.288738295497893
SKU0063,2025-12-18,26,14.994521582624115
SKU0063,2025-12-19,16,16.716099301114056
SKU0063,2025-12-20,19,16.513392498854728
SKU0063,2025-12-21,19,16.84913640536664
SKU0063,2025-12-22,15,17.031298945265814
SKU0063,2025-12-23,13,16.86163554872876
SKU0063,2025-12-24,23,17.130750632417584
SKU0063,2025-12-25,18,17.222188362358562
SKU0063,2025-12-26,15,17.63280212836829
SKU0063,2025-12-27,16,17.435343285551323
SKU0063,2025-12-28,12,17.365630715300554
SKU0063,2025-12-29,16,17.490872043513317
SKU0063,2025-12-30,19,17.057547417615687
SKU0063,2025-12-31,22,17.189957275468096
SKU0066,2025-10-01,13,17.739749605491287
SKU0066,2025-10-02,13,17.972983533597038
SKU0066,2025-10-03,17,17.72351533906908
SKU0066,2025-10-04,14,17.34714876131294
SKU0066,2025-10-05,9,17.227648985370248
SKU0066,2025-10-06,4,16.83249968687851
SKU0066,2025-10-07,7,16.808710698504637
SKU0066,2025-10-08,22,16.223563664896744
SKU0066,2025-10-09,20,16.559562432978634
SKU0066,2025-10-10,31,17.257111608630634
SKU0066,2025-10-11,27,16.012507410652777
SKU0066,2025-10-12,1,16.880300482725264
SKU0066,2025-10-13,18,17.308041635730792
SKU0066,2025-10-14,2,17.37358229612145
SKU0066,2025-10-15,19,17.616128121442
SKU0066,2025-10-16,19,17.4989649593484
SKU0066,2025-10-17,15,17.408419208779303
SKU0066,2025-10-18,6,17.67180820354081
SKU0066,2025-10-19,20,17.787639653653546
SKU0066,2025-10-20,28,17.628017314611014
SKU0066,2025-10-21,30,16.875800785117587
SKU0066,2025-10-22,19,17.233662996389164
SKU0066,2025-10-23,24,16.91092555564562
SKU0066,2025-10-24,14,16.293155668366193
SKU0066,2025-10-25,16,16.62148033861843
SKU0066,2025-10-26,13,16.68101739811023
SKU0066,2025-10-27,24,17.665547319021787
SKU0066,2025-10-28,21,16.639610010562603
SKU0066,2025-10-29,17,16.53732517684251
SKU0066,2025-10-30,32,16.803113158696437
SKU0066,2025-10-31,17,16.73996588508355
SKU0066,2025-11-01,22,17.682439309019504
SKU0066,2025-11-02,14,17.655759272901545
SKU0066,2025-11-03,30,17.785505587890665
SKU0066,2025-11-04,8,17.581186151613974
SKU0066,2025-11-05,25,18.874183870794873
SKU0066,2025-11-06,12,18.533679462043946
SKU0066,2025-11-07,19,19.12278526629239
SKU0066,2025-11-08,25,19.35156765460544
SKU0066,2025-11-09,16,19.063155875632468
SKU0066,2025-11-10,20,20.28355807504642
SKU0066,2025-11-11,12,20.660109790860133
SKU0066,2025-11-12,18,21.259411436150074
SKU0066,2025-11-13,19,19.575048273208015
SKU0066,2025-11-14,34,20.42865322442203
SKU0066,2025-11-15,15,20.340928542103363
SKU0066,2025-11-16,26,20.416782838983924
SKU0066,2025-11-17,23,19.15732671561382
SKU0066,2025-11-18,16,20.362684821659396
SKU0066,2025-11-19,44,20.601628595009792
SKU0066,2025-11-20,21,21.892913468474223
SKU0066,2025-11-21,31,21.498658848562634
SKU0066,2025-11-22,9,21.137114722202337
SKU0066,2025-11-23,22,21.794779961819053
SKU0066,2025-11-24,28,21.52349130106447
SKU0066,2025-11-25,27,21.000737352989912
SKU0066,2025-11-26,38,22.23713761767007
SKU0066,2025-11-27,22,22.258470846227898
SKU0066,2025-11-28,22,22.644427873918467
SKU0066,2025-11-29,29,22.249625986703652
SKU0066,2025-11-30,15,22.58666700224124
SKU0066,2025-12-01,16,24.20015856952237
SKU0066,2025-12-02,24,24.07769083081389
SKU0066,2025-12-03,19,23.888975403229793
SKU0066,2025-12-04,30,23.912502113276815
SKU0066,2025-12-05,34,24.270295659415414
SKU0066,2025-12-06,39,25.73926759617648
SKU0066,2025-12-07,19,25.396936716097503
SKU0066,2025-12-08,42,25.447016642812667
SKU0066,2025-12-09,28,25.69196967697031
SKU0066,2025-12-10,28,25.72766970352905
SKU0066,2025-12-11,27,26.037311789177817
SKU0066,2025-12-12,36,25.865072942376024
SKU0066,2025-12-13,36,27.060068210183058
SKU0066,2025-12-14,34,25.557244783254145
SKU0066,2025-12-15,29,25.24881880741221
SKU0066,2025-12-16,19,25.894242109304027
SKU0066,2025-12-17,25,26.436385933507026
SKU0066,2025-12-18,27,25.720183503221836
SKU0066,2025-12-19,27,26.196319579104863
SKU0066,2025-12-20,26,26.368095327429184
SKU0066,2025-12-21,27,25.721571917577112
SKU0066,2025-12-22,29,26.159565498464392
SKU0066,2025-12-23,24,25.87418656205187
SKU0066,2025-12-24,45,25.76179190523796
SKU0066,2025-12-25,11,25.923603310002868
SKU0066,2025-12-26,31,26.87283428342176
SKU0066,2025-12-27,28,27.21653078106072
SKU0066,2025-12-28,21,26.8686512407388
SKU0066,2025-12-29,39,26.834271292903782
SKU0066,2025-12-30,38,26.641430427473512
SKU0066,2025-12-31,25,26.977233687603672
SKU0068,2025-10-01,9,10.335239476175786
SKU0068,2025-10-02,3,10.450063453941135
SKU0068,2025-10-03,7,10.504505033165547
SKU0068,2025-10-04,11,10.605513090690275
SKU0068,2025-10-05,9,10.580067983324664
SKU0068,2025-10-06,14,10.52429967850097
SKU0068,2025-10-07,0,10.835366233774828
SKU0068,2025-10-08,12,10.426122214357207
SKU0068,2025-10-09,23,10.586809692240456
SKU0068,2025-10-10,8,10.806897692239541
SKU0068,2025-10-11,12,11.0350554407092
SKU0068,2025-10-12,21,10.649249265258812
SKU0068,2025-10-13,12,10.836240010732402
SKU0068,2025-10-14,13,10.593758395902686
SKU0068,2025-10-15,12,10.700631112273856
SKU0068,2025-10-16,1,10.355525667231865
SKU0068,2025-10-17,7,10.147538719944082
SKU0068,2025-10-18,8,10.078392544395065
SKU0068,2025-10-19,11,10.100342515952153
SKU0068,2025-10-20,7,10.04283171818849
SKU0068,2025-10-21,18,9.784589649938084
SKU0068,2025-10-22,12,10.1919145293576
SKU0068,2025-10-23,16,10.235840925247336
SKU0068,2025-10-24,9,10.232512888001235
SKU0068,2025-10-25,12,10.314626044268023
SKU0068,2025-10-26,10,10.064751494595138
SKU0068,2025-10-27,17,10.005314546580832
SKU0068,2025-10-28,9,10.176522921226448
SKU0068,2025-10-29,4,9.949362750534156
SKU0068,2025-10-30,13,9.667478984484584
SKU0068,2025-10-31,14,9.935727479996276
SKU0068,2025-11-01,11,11.207032312796516
SKU0068,2025-11-02,10,11.706964157952982
SKU0068,2025-11-03,10,12.095792881724758
SKU0068,2025-11-04,14,12.094194960399555
SKU0068,2025-11-05,18,12.233066277275942
SKU0068,2025-11-06,9,12.51977114433809
SKU0068,2025-11-07,9,12.695761562102321
SKU0068,2025-11-08,6,12.727935767494
SKU0068,2025-11-09,12,11.744996494421237
SKU0068,2025-11-10,18,12.232408724121337
SKU0068,2025-11-11,11,12.40763110954443
SKU0068,2025-11-12,6,11.800601437919195
SKU0068,2025-11-13,10,11.673442140777937
SKU0068,2025-11-14,7,11.594193632838278
SKU0068,2025-11-15,11,11.063961675436692
SKU0068,2025-11-16,16,11.569965152058513
SKU0068,2025-11-17,18,12.345759391835472
SKU0068,2025-11-18,8,12.915114867505569
SKU0068,2025-11-19,21,12.84792135358017
SKU0068,2025-11-20,11,13.308261542018768
SKU0068,2025-11-21,16,13.190971072092644
SKU0068,2025-11-22,14,13.282011678951624
SKU0068,2025-11-23,6,13.392433062556698
SKU0068,2025-11-24,13,13.082133012156612
SKU0068,2025-11-25,11,12.982333610637447
SKU0068,2025-11-26,11,13.247690376083924
SKU0068,2025-11-27,10,13.121436814216555
SKU0068,2025-11-28,23,13.058264411019836
SKU0068,2025-11-29,8,13.790252952154017
SKU0068,2025-11-30,19,13.542936730489133
SKU0068,2025-12-01,14,14.111885784164805
SKU0068,2025-12-02,26,14.192415742509741
SKU0068,2025-12-03,22,14.713963379052943
SKU0068,2025-12-04,22,14.969640750437025
SKU0068,2025-12-05,17,15.15935261777171
SKU0068,2025-12-06,19,15.924829680226313
SKU0068,2025-12-07,10,15.947356686473233
SKU0068,2025-12-08,24,16.22454644572901
SKU0068,2025-12-09,11,16.32833934065134
SKU0068,2025-12-10,17,16.368876530263897
SKU0068,2025-12-11,17,16.355057002472456
SKU0068,2025-12-12,17,16.061329227777332
SKU0068,2025-12-13,12,16.479994806532012
SKU0068,2025-12-14,11,16.616605275128748
SKU0068,2025-12-15,17,16.243399335720383
SKU0068,2025-12-16,22,16.590547776508583
SKU0068,2025-12-17,19,17.159541509772247
SKU0068,2025-12-18,23,17.37776557511296
SKU0068,2025-12-19,20,17.754485243859236
SKU0068,2025-12-20,19,17.77727229779767
SKU0068,2025-12-21,16,18.204934912388744
SKU0068,2025-12-22,29,18.125691448640552
SKU0068,2025-12-23,13,17.844505196375934
SKU0068,2025-12-24,10,18.371554487768968
SKU0068,2025-12-25,19,18.21555010411665
SKU0068,2025-12-26,18,18.12977922420553
SKU0068,2025-12-27,21,18.254528120623892
SKU0068,2025-12-28,20,18.538731580260443
SKU0068,2025-12-29,25,18.212011547381604
SKU0068,2025-12-30,15,18.439987049782772
SKU0068,2025-12-31,14,18.83797836441968
SKU0071,2025-10-01,7,10.02808216818637
SKU0071,2025-10-02,8,10.081932279656241
SKU0071,2025-10-03,12,9.748554635781414
SKU0071,2025-10-04,9,9.847528983061327
SKU0071,2025-10-05,6,9.840017651623365
SKU0071,2025-10-06,17,9.646350730188427
SKU0071,2025-10-07,10,9.830422940089772
SKU0071,2025-10-08,9,10.016207417289557
SKU0071,2025-10-09,7,9.911529020636062
SKU0071,2025-10-10,25,9.868499631609893
SKU0071,2025-10-11,19,9.958213425586674
SKU0071,2025-10-12,14,10.438350887578217
SKU0071,2025-10-13,5,10.59529661963488
SKU0071,2025-10-14,12,10.076613679722872
SKU0071,2025-10-15,7,9.876463598239553
SKU0071,2025-10-16,5,9.881743204873661
SKU0071,2025-10-17,17,9.757395958138883
SKU0071,2025-10-18,15,9.735252539558939
SKU0071,2025-10-19,8,9.764977138594109
SKU0071,2025-10-20,8,9.801485403768208
SKU0071,2025-10-21,21,9.853190954660109
SKU0071,2025-10-22,9,10.115529200342136
SKU0071,2025-10-23,9,10.15484159031615
SKU0071,2025-10-24,7,10.117833838768181
SKU0071,2025-10-25,17,10.18003836670848
SKU0071,2025-10-26,14,10.26224828909946
SKU0071,2025-10-27,16,10.876531214799593
SKU0071,2025-10-28,12,11.21968107535194
SKU0071,2025-10-29,16,11.193780400828974
SKU0071,2025-10-30,7,11.312068263739773
SKU0071,2025-10-31,18,11.205959329719526
SKU0071,2025-11-01,10,12.879100850435766
SKU0071,2025-11-02,7,12.947204100914298
SKU0071,2025-11-03,13,12.677256110706375
SKU0071,2025-11-04,16,12.757459628218882
SKU0071,2025-11-05,8,12.781627224312992
SKU0071,2025-11-06,15,13.201192055406615
SKU0071,2025-11-07,11,13.162234624470615
SKU0071,2025-11-08,18,13.181205104889669
SKU0071,2025-11-09,18,13.564570320135877
SKU0071,2025-11-10,10,13.89442641907628
SKU0071,2025-11-11,5,13.49038654317101
SKU0071,2025-11-12,17,13.063684913221598
SKU0071,2025-11-13,10,12.944406123914437
SKU0071,2025-11-14,6,12.882744384607545
SKU0071,2025-11-15,17,12.86453772467875
SKU0071,2025-11-16,18,12.829155251977335
SKU0071,2025-11-17,12,13.13941002323701
SKU0071,2025-11-18,12,13.177170062316515
SKU0071,2025-11-19,13,13.393459293026568
SKU0071,2025-11-20,8,13.41334503863266
SKU0071,2025-11-21,11,13.259622706261236
SKU0071,2025-11-22,6,13.3470861328454
SKU0071,2025-11-23,21,13.098420048875035
SKU0071,2025-11-24,16,13.123677922849666
SKU0071,2025-11-25,10,13.630503557285824
SKU0071,2025-11-26,11,13.817008950672811
SKU0071,2025-11-27,8,13.718416905681424
SKU0071,2025-11-28,11,13.33669898165901
SKU0071,2025-11-29,16,13.327411612965458
SKU0071,2025-11-30,16,13.589034960882396
SKU0071,2025-12-01,29,14.002018029076646
SKU0071,2025-12-02,31,14.393368916162501
SKU0071,2025-12-03,8,15.84464483158442
SKU0071,2025-12-04,10,15.813989942104056
SKU0071,2025-12-05,34,15.757210847924421
SKU0071,2025-12-06,13,16.27355421161433
SKU0071,2025-12-07,16,16.52867019082077
SKU0071,2025-12-08,22,16.333850988316
SKU0071,2025-12-09,11,16.544731733197324
SKU0071,2025-12-10,6,16.553536573976704
SKU0071,2025-12-11,9,15.973550689067263
SKU0071,2025-12-12,18,15.687610412268798
SKU0071,2025-12-13,11,15.597552347992456
SKU0071,2025-12-14,15,15.49938647676184
SKU0071,2025-12-15,10,15.426612430771616
SKU0071,2025-12-16,9,15.223034723559305
SKU0071,2025-12-17,20,15.509787019473652
SKU0071,2025-12-18,16,15.621978463389752
SKU0071,2025-12-19,19,15.282249002177593
SKU0071,2025-12-20,20,16.273614296919753
SKU0071,2025-12-21,20,16.57369500526175
SKU0071,2025-12-22,13,17.108525209575262
SKU0071,2025-12-23,18,17.26657035533507
SKU0071,2025-12-24,23,16.95606142013003
SKU0071,2025-12-25,17,17.420719078649245
SKU0071,2025-12-26,17,17.594209477781924
SKU0071,2025-12-27,11,17.462597358751662
SKU0071,2025-12-28,28,17.674011555508738
SKU0071,2025-12-29,17,16.757137154092714
SKU0071,2025-12-30,21,17.474047192121585
SKU0071,2025-12-31,19,17.33712704964413
SKU0072,2025-10-01,5,9.738689891193154
SKU0072,2025-10-02,12,9.53652254425055
SKU0072,2025-10-03,2,9.50162666833429
SKU0072,2025-10-04,13,9.577392238812779
SKU0072,2025-10-05,32,9.562590600084782
SKU0072,2025-10-06,11,10.438869134222987
SKU0072,2025-10-07,17,10.572270442646483
SKU0072,2025-10-08,2,10.891665140028207
SKU0072,2025-10-09,10,10.353960514840102
SKU0072,2025-10-10,14,10.399313122345971
SKU0072,2025-10-11,7,10.73386455674674
SKU0072,2025-10-12,7,10.375155339728664
SKU0072,2025-10-13,10,10.153658678381984
SKU0072,2025-10-14,8,10.458874901449722
SKU0072,2025-10-15,13,9.546893391380781
SKU0072,2025-10-16,15,10.262743935467036
SKU0072,2025-10-17,12,10.168801732224454
SKU0072,2025-10-18,8,10.029416823156815
SKU0072,2025-10-19,13,9.488196666654465
SKU0072,2025-10-20,11,9.99882040658737
SKU0072,2025-10-21,17,9.795609441519698
SKU0072,2025-10-22,9,9.676403625236386
SKU0072,2025-10-23,9,10.137377297256169
SKU0072,2025-10-24,9,10.154083866274014
SKU0072,2025-10-25,6,10.05527047788228
SKU0072,2025-10-26,13,9.739125055398736
SKU0072,2025-10-27,13,10.024817445793447
SKU0072,2025-10-28,13,10.154758171551375
SKU0072,2025-10-29,6,10.365633099534517
SKU0072,2025-10-30,12,10.313324358504243
SKU0072,2025-10-31,21,10.485147905113752
SKU0072,2025-11-01,22,12.569826958892047
SKU0072,2025-11-02,15,13.112209723222282
SKU0072,2025-11-03,4,13.329882821175573
SKU0072,2025-11-04,14,13.046572344315111
SKU0072,2025-11-05,8,12.745668227395125
SKU0072,2025-11-06,7,12.732404745179789
SKU0072,2025-11-07,8,11.687996902757812
SKU0072,2025-11-08,13,12.13914110747685
SKU0072,2025-11-09,10,12.83862887074232
SKU0072,2025-11-10,6,12.360111964804442
SKU0072,2025-11-11,12,12.061234845845846
SKU0072,2025-11-12,16,12.593689699772542
SKU0072,2025-11-13,17,12.69414116850529
SKU0072,2025-11-14,15,12.760405453862912
SKU0072,2025-11-15,7,13.247980173806477
SKU0072,2025-11-16,15,12.963601624069323
SKU0072,2025-11-17,7,12.644397518045027
SKU0072,2025-11-18,11,12.670173888555395
SKU0072,2025-11-19,15,12.61239123534045
SKU0072,2025-11-20,11,12.578059396849945
SKU0072,2025-11-21,22,12.604205688597224
SKU0072,2025-11-22,14,13.05601686710997
SKU0072,2025-11-23,6,13.413718323002762
SKU0072,2025-11-24,9,12.788875723464614
SKU0072,2025-11-25,14,12.938182054383512
SKU0072,2025-11-26,5,12.94555077850389
SKU0072,2025-11-27,13,12.635495011399096
SKU0072,2025-11-28,20,12.87119840838188
SKU0072,2025-11-29,19,12.821943954137122
SKU0072,2025-11-30,10,13.387478678160102
SKU0072,2025-12-01,5,13.89679974706804
SKU0072,2025-12-02,14,13.36108430948898
SKU0072,2025-12-03,19,13.234117288556197
SKU0072,2025-12-04,8,13.942232401120418
SKU0072,2025-12-05,12,13.30158483300622
SKU0072,2025-12-06,19,13.401554129080566
SKU0072,2025-12-07,24,13.60112944447998
SKU0072,2025-12-08,24,14.13639765073864
SKU0072,2025-12-09,22,14.346091070213639
SKU0072,2025-12-10,20,14.828407955974617
SKU0072,2025-12-11,17,15.684300895763938
SKU0072,2025-12-12,8,16.01051568657324
SKU0072,2025-12-13,16,16.11005374319257
SKU0072,2025-12-14,15,15.82943491325153
SKU0072,2025-12-15,17,15.635191384024786
SKU0072,2025-12-16,14,15.816405323983986
SKU0072,2025-12-17,11,15.985270927297885
SKU0072,2025-12-18,26,15.642570717635992
SKU0072,2025-12-19,10,16.084298589033544
SKU0072,2025-12-20,16,16.273081178621553
SKU0072,2025-12-21,12,15.9511957575141
SKU0072,2025-12-22,23,15.417620884241025
SKU0072,2025-12-23,20,16.182276794619018
SKU0072,2025-12-24,25,16.96616237772076
SKU0072,2025-12-25,20,16.68227385752774
SKU0072,2025-12-26,25,16.646034223953464
SKU0072,2025-12-27,18,17.400756935028912
SKU0072,2025-12-28,21,17.50398067237857
SKU0072,2025-12-29,25,17.514875967041323
SKU0072,2025-12-30,14,17.547685159466212
SKU0072,2025-12-31,18,17.45825585270107
SKU0073,2025-10-01,15,8.320219173826917
SKU0073,2025-10-02,13,8.689522356906796
SKU0073,2025-10-03,9,8.826407264815348
SKU0073,2025-10-04,9,8.879411021665511
SKU0073,2025-10-05,12,9.002230348123035
SKU0073,2025-10-06,10,8.881199980884022
SKU0073,2025-10-07,12,8.904158894161089
SKU0073,2025-10-08,4,8.825168455646486
SKU0073,2025-10-09,5,8.654586833766484
SKU0073,2025-10-10,9,8.645445044406717
SKU0073,2025-10-11,10,8.5146259209087
SKU0073,2025-10-12,9,8.602615487746018
SKU0073,2025-10-13,6,8.468288278183477
SKU0073,2025-10-14,12,8.515737775306162
SKU0073,2025-10-15,8,8.467220937699548
SKU0073,2025-10-16,23,8.386126629991548
SKU0073,2025-10-17,8,9.209795687266695
SKU0073,2025-10-18,12,9.374921921227605
SKU0073,2025-10-19,7,9.295029289112573
SKU0073,2025-10-20,6,9.288215139393293
SKU0073,2025-10-21,4,8.967193199370172
SKU0073,2025-10-22,6,8.442662891207872
SKU0073,2025-10-23,6,8.56373659587809
SKU0073,2025-10-24,7,8.418060265813438
SKU0073,2025-10-25,8,8.34325916990948
SKU0073,2025-10-26,6,8.403060749189057
SKU0073,2025-10-27,7,8.287963911826012
SKU0073,2025-10-28,9,8.325899381298631
SKU0073,2025-10-29,7,8.383341620236099
SKU0073,2025-10-30,3,8.336011589867615
SKU0073,2025-10-31,4,8.196428438169233
SKU0073,2025-11-01,14,8.615164699110634
SKU0073,2025-11-02,14,8.711154175865158
SKU0073,2025-11-03,12,8.927054195025669
SKU0073,2025-11-04,6,9.356083726262916
SKU0073,2025-11-05,13,9.040783450842133
SKU0073,2025-11-06,8,9.501627498784897
SKU0073,2025-11-07,8,9.129563768641054
SKU0073,2025-11-08,7,9.059324227321053
SKU0073,2025-11-09,15,9.046953928091455
SKU0073,2025-11-10,11,9.552656325477454
SKU0073,2025-11-11,12,9.596209532328059
SKU0073,2025-11-12,10,9.739653321829396
SKU0073,2025-11-13,14,9.832474470929133
SKU0073,2025-11-14,5,9.83190019009613
SKU0073,2025-11-15,5,9.978167928028633
SKU0073,2025-11-16,18,9.186753948582018
SKU0073,2025-11-17,17,9.577933891379484
SKU0073,2025-11-18,4,9.723544858449307
SKU0073,2025-11-19,8,9.932817100845154
SKU0073,2025-11-20,6,9.730105177318258
SKU0073,2025-11-21,9,9.487002862425156
SKU0073,2025-11-22,17,9.80278891082398
SKU0073,2025-11-23,6,10.523666796632908
SKU0073,2025-11-24,11,10.518324719807017
SKU0073,2025-11-25,16,10.444531524805571
SKU0073,2025-11-26,10,10.611646358464197
SKU0073,2025-11-27,14,10.995533084765823
SKU0073,2025-11-28,11,10.924984132660992
SKU0073,2025-11-29,6,10.985430057232417
SKU0073,2025-11-30,13,10.872256240720802
SKU0073,2025-12-01,9,11.387626584064495
SKU0073,2025-12-02,18,11.092273795907841
SKU0073,2025-12-03,11,11.168074751893688
SKU0073,2025-12-04,12,11.375227572313626
SKU0073,2025-12-05,17,11.685541818920003
SKU0073,2025-12-06,10,11.77749006508546
SKU0073,2025-12-07,13,11.942759095894214
SKU0073,2025-12-08,11,12.643930567164546
SKU0073,2025-12-09,10,12.578552642214829
SKU0073,2025-12-10,13,12.197290594387422
SKU0073,2025-12-11,21,12.602110268116412
SKU0073,2025-12-12,11,13.204394665356471
SKU0073,2025-12-13,8,13.174289423207476
SKU0073,2025-12-14,19,12.773293663442528
SKU0073,2025-12-15,8,12.905504291498966
SKU0073,2025-12-16,15,12.88068153879599
SKU0073,2025-12-17,8,12.89855376713432
SKU0073,2025-12-18,17,12.734159232932695
SKU0073,2025-12-19,11,12.839942875605994
SKU0073,2025-12-20,13,13.217643534467872
SKU0073,2025-12-21,14,13.29781643263468
SKU0073,2025-12-22,14,13.447006219731627
SKU0073,2025-12-23,17,13.255155137235482
SKU0073,2025-12-24,15,13.620110727334872
SKU0073,2025-12-25,8,13.84893880980964
SKU0073,2025-12-26,15,13.85945626915581
SKU0073,2025-12-27,17,13.842914149328394
SKU0073,2025-12-28,10,14.133808111099187
SKU0073,2025-12-29,6,13.817808630147436
SKU0073,2025-12-30,15,13.683932559483853
SKU0073,2025-12-31,18,13.573698014257472
SKU0074,2025-10-01,15,14.47255624077088
SKU0074,2025-10-02,23,14.218045763317042
SKU0074,2025-10-03,16,13.613160055976007
SKU0074,2025-10-04,4,13.700104761391813
SKU0074,2025-10-05,16,14.402332909292678
SKU0074,2025-10-06,8,14.285983915914953
SKU0074,2025-10-07,13,14.134828627582014
SKU0074,2025-10-08,14,14.032937761819857
SKU0074,2025-10-09,16,13.702216262576934
SKU0074,2025-10-10,10,13.442986829550552
SKU0074,2025-10-11,16,13.410718466856247
SKU0074,2025-10-12,14,13.486892960805667
SKU0074,2025-10-13,15,13.727153884316094
SKU0074,2025-10-14,12,13.60995520640993
SKU0074,2025-10-15,16,13.586358819239823
SKU0074,2025-10-16,13,13.306857167374016
SKU0074,2025-10-17,13,13.360776205172797
SKU0074,2025-10-18,16,12.846986052741807
SKU0074,2025-10-19,15,12.905914540721742
SKU0074,2025-10-20,13,12.957657881915019
SKU0074,2025-10-21,5,12.956267830968095
SKU0074,2025-10-22,15,12.767422091476131
SKU0074,2025-10-23,17,12.966405915518992
SKU0074,2025-10-24,16,13.019537955036212
SKU0074,2025-10-25,17,12.899798378636397
SKU0074,2025-10-26,29,13.48243175668383
SKU0074,2025-10-27,16,13.104599136775477
SKU0074,2025-10-28,10,13.892511958669465
SKU0074,2025-10-29,22,14.368103629005885
SKU0074,2025-10-30,13,14.109098788781912
SKU0074,2025-10-31,14,13.878178020622409
SKU0074,2025-11-01,21,15.138165858956901
SKU0074,2025-11-02,22,14.821547388296375
SKU0074,2025-11-03,15,14.926330872151583
SKU0074,2025-11-04,10,15.658648222884183
SKU0074,2025-11-05,7,15.71312117746924
SKU0074,2025-11-06,22,15.457601805272548
SKU0074,2025-11-07,10,15.65962179667003
SKU0074,2025-11-08,29,15.612885524645394
SKU0074,2025-11-09,10,15.338227559208242
SKU0074,2025-11-10,7,16.182697011408163
SKU0074,2025-11-11,27,15.349122387737687
SKU0074,2025-11-12,22,15.958651633153584
SKU0074,2025-11-13,23,16.147653897841945
SKU0074,2025-11-14,17,16.194083772144804
SKU0074,2025-11-15,21,16.45379777859431
SKU0074,2025-11-16,12,16.43273599594888
SKU0074,2025-11-17,22,16.52239215282606
SKU0074,2025-11-18,17,16.457101322681257
SKU0074,2025-11-19,13,16.437750288775813
SKU0074,2025-11-20,18,17.28428749603759
SKU0074,2025-11-21,27,16.886014750610602
SKU0074,2025-11-22,14,16.949991434887675
SKU0074,2025-11-23,16,18.07925405740366
SKU0074,2025-11-24,28,17.583377109951368
SKU0074,2025-11-25,9,18.324883522500805
SKU0074,2025-11-26,6,18.735649070013885
SKU0074,2025-11-27,18,18.186234215814686
SKU0074,2025-11-28,8,18.39469684259473
SKU0074,2025-11-29,26,18.016091405356022
SKU0074,2025-11-30,22,18.11795852287595
SKU0074,2025-12-01,13,19.122558270017546
SKU0074,2025-12-02,13,19.460728087793466
SKU0074,2025-12-03,20,19.67221923209457
SKU0074,2025-12-04,19,19.353445122944684
SKU0074,2025-12-05,27,19.060756971243293
SKU0074,2025-12-06,12,20.08306570906814
SKU0074,2025-12-07,33,20.03902843378456
SKU0074,2025-12-08,20,20.749034051567776
SKU0074,2025-12-09,22,20.797610017308088
SKU0074,2025-12-10,20,21.17482999990561
SKU0074,2025-12-11,35,21.328962216438324
SKU0074,2025-12-12,20,21.815246811210415
SKU0074,2025-12-13,35,21.66303106660241
SKU0074,2025-12-14,23,22.09769732758826
SKU0074,2025-12-15,20,21.84216233045147
SKU0074,2025-12-16,23,21.767904578741376
SKU0074,2025-12-17,20,21.888699921604967
SKU0074,2025-12-18,15,22.173209863769127
SKU0074,2025-12-19,21,22.220018723441385
SKU0074,2025-12-20,20,22.622253678478394
SKU0074,2025-12-21,15,21.401863310568086
SKU0074,2025-12-22,16,22.05124598594989
SKU0074,2025-12-23,19,21.717202809677037
SKU0074,2025-12-24,14,21.816991656509828
SKU0074,2025-12-25,15,20.981005146965796
SKU0074,2025-12-26,27,21.8333423320479
SKU0074,2025-12-27,27,20.749964906493652
SKU0074,2025-12-28,20,22.26882923885822
SKU0074,2025-12-29,29,22.804426225644413
SKU0074,2025-12-30,36,22.695632818744702
SKU0074,2025-12-31,19,23.637140627573206
SKU0077,2025-10-01,14,9.930152512301817
SKU0077,2025-10-02,10,10.095162977394144
SKU0077,2025-10-03,14,10.401769084315541
SKU0077,2025-10-04,11,10.191558284106803
SKU0077,2025-10-05,12,10.237892510613769
SKU0077,2025-10-06,3,10.238938043155942
SKU0077,2025-10-07,17,9.88432619144396
SKU0077,2025-10-08,9,9.926829542941684
SKU0077,2025-10-09,5,9.923453124725029
SKU0077,2025-10-10,9,9.697145256953691
SKU0077,2025-10-11,11,9.727965099905004
SKU0077,2025-10-12,7,9.864583197803999
SKU0077,2025-10-13,24,9.60525610204246
SKU0077,2025-10-14,13,9.90108211150879
SKU0077,2025-10-15,17,10.085047537630638
SKU0077,2025-10-16,16,10.554747839686542
SKU0077,2025-10-17,13,10.676531541632556
SKU0077,2025-10-18,12,10.758374501966129
SKU0077,2025-10-19,15,11.041668122167291
SKU0077,2025-10-20,2,10.743178673054647
SKU0077,2025-10-21,12,10.150299794259743
SKU0077,2025-10-22,9,10.251071025417449
SKU0077,2025-10-23,10,10.153022077037756
SKU0077,2025-10-24,10,10.107005008457914
SKU0077,2025-10-25,10,10.147854857060397
SKU0077,2025-10-26,6,10.158836362186749
SKU0077,2025-10-27,11,9.633714762849753
SKU0077,2025-10-28,21,9.907959278307468
SKU0077,2025-10-29,11,10.759056584281268
SKU0077,2025-10-30,6,10.758287053491335
SKU0077,2025-10-31,9,10.673049651383163
SKU0077,2025-11-01,10,11.971476768080565
SKU0077,2025-11-02,13,12.051957029551497
SKU0077,2025-11-03,10,11.588625293480051
SKU0077,2025-11-04,13,11.608970540322678
SKU0077,2025-11-05,9,11.710660994538555
SKU0077,2025-11-06,14,12.202097747159254
SKU0077,2025-11-07,14,12.116029556684826
SKU0077,2025-11-08,9,12.344033656605388
SKU0077,2025-11-09,11,12.419124903936174
SKU0077,2025-11-10,16,12.413641745615442
SKU0077,2025-11-11,14,12.301671069729613
SKU0077,2025-11-12,12,12.812498515662766
SKU0077,2025-11-13,18,12.757062562400565
SKU0077,2025-11-14,5,12.976504790764677
SKU0077,2025-11-15,9,12.727088970275934
SKU0077,2025-11-16,9,12.255688172817933
SKU0077,2025-11-17,8,11.806471992444218
SKU0077,2025-11-18,18,11.646601125131724
SKU0077,2025-11-19,16,11.478738393842553
SKU0077,2025-11-20,16,12.670216714501217
SKU0077,2025-11-21,6,12.841562763997548
SKU0077,2025-11-22,12,12.411200618511332
SKU0077,2025-11-23,11,12.553847003814408
SKU0077,2025-11-24,9,12.72910090130231
SKU0077,2025-11-25,10,12.647098294047709
SKU0077,2025-11-26,20,12.860541174969121
SKU0077,2025-11-27,7,12.995979501653908
SKU0077,2025-11-28,14,12.826315613041512
SKU0077,2025-11-29,6,12.878989382209014
SKU0077,2025-11-30,12,12.950676563098623
SKU0077,2025-12-01,14,13.06204699211355
SKU0077,2025-12-02,18,13.131707858525118
SKU0077,2025-12-03,13,13.329360116842992
SKU0077,2025-12-04,6,13.803414259903459
SKU0077,2025-12-05,18,13.567177630000089
SKU0077,2025-12-06,18,13.641800531818879
SKU0077,2025-12-07,6,14.234789562159666
SKU0077,2025-12-08,19,13.745550319835163
SKU0077,2025-12-09,10,13.665632540017755
SKU0077,2025-12-10,18,13.924081124512941
SKU0077,2025-12-11,15,14.238178436238492
SKU0077,2025-12-12,9,14.441552459108445
SKU0077,2025-12-13,15,13.991744631325584
SKU0077,2025-12-14,15,14.065570957940169
SKU0077,2025-12-15,13,14.149273004523353
SKU0077,2025-12-16,13,14.179846537296742
SKU0077,2025-12-17,18,14.086796862074376
SKU0077,2025-12-18,15,14.378940291287432
SKU0077,2025-12-19,14,14.596418236771083
SKU0077,2025-12-20,16,14.817571840982845
SKU0077,2025-12-21,32,15.0755464667539
SKU0077,2025-12-22,17,15.550582104305075
SKU0077,2025-12-23,15,15.986830173522886
SKU0077,2025-12-24,19,16.080775431772697
SKU0077,2025-12-25,16,16.068911608331923
SKU0077,2025-12-26,20,16.182591343240798
SKU0077,2025-12-27,17,16.21846862467311
SKU0077,2025-12-28,11,16.408572569009618
SKU0077,2025-12-29,19,16.23703333142141
SKU0077,2025-12-30,14,16.599903234251684
SKU0077,2025-12-31,11,16.966566885410256
SKU0082,2025-10-01,23,18.87583451888707
SKU0082,2025-10-02,26,19.284382382451746
SKU0082,2025-10-03,23,18.261259756241905
SKU0082,2025-10-04,25,18.786524174182357
SKU0082,2025-10-05,19,17.660707529489272
SKU0082,2025-10-06,18,18.346369783703942
SKU0082,2025-10-07,25,18.602406449829555
SKU0082,2025-10-08,0,19.09576611944197
SKU0082,2025-10-09,25,18.664227730776606
SKU0082,2025-10-10,22,18.416042350515713
SKU0082,2025-10-11,10,18.181917353940992
SKU0082,2025-10-12,19,18.86193216331476
SKU0082,2025-10-13,8,17.60795223895849
SKU0082,2025-10-14,32,18.31868339046423
SKU0082,2025-10-15,23,17.295686481412623
SKU0082,2025-10-16,10,18.45709354586562
SKU0082,2025-10-17,20,19.00944264545028
SKU0082,2025-10-18,21,18.432049291913863
SKU0082,2025-10-19,38,18.49461075684942
SKU0082,2025-10-20,15,18.10273608639396
SKU0082,2025-10-21,12,18.579710096996884
SKU0082,2025-10-22,28,18.65919356369164
SKU0082,2025-10-23,13,18.64492073489319
SKU0082,2025-10-24,7,19.371625801904845
SKU0082,2025-10-25,23,19.112443212100647
SKU0082,2025-10-26,15,18.78483460655457
SKU0082,2025-10-27,13,18.742254364315365
SKU0082,2025-10-28,15,17.921541522332266
SKU0082,2025-10-29,24,18.870017055776554
SKU0082,2025-10-30,23,18.705656545861682
SKU0082,2025-10-31,22,18.123572624788927
SKU0082,2025-11-01,27,20.463878878248465
SKU0082,2025-11-02,25,19.755831616755195
SKU0082,2025-11-03,18,20.22030561027981
SKU0082,2025-11-04,30,19.660329527299503
SKU0082,2025-11-05,1,20.06271553775286
SKU0082,2025-11-06,23,20.225778632403156
SKU0082,2025-11-07,31,19.456247964442436
SKU0082,2025-11-08,25,20.25359760375847
SKU0082,2025-11-09,38,20.734273463483117
SKU0082,2025-11-10,25,19.949665475926697
SKU0082,2025-11-11,15,21.179193557618415
SKU0082,2025-11-12,9,20.915541622007588
SKU0082,2025-11-13,35,21.377754509337887
SKU0082,2025-11-14,29,21.51563298090399
SKU0082,2025-11-15,19,20.971090555742286
SKU0082,2025-11-16,33,22.195007249827974
SKU0082,2025-11-17,9,22.47531092092557
SKU0082,2025-11-18,32,21.977700892096408
SKU0082,2025-11-19,25,21.819638262921092
SKU0082,2025-11-20,20,23.282111948557137
SKU0082,2025-11-21,10,23.977616724937363
SKU0082,2025-11-22,36,22.815125861017936
SKU0082,2025-11-23,27,22.716320384285762
SKU0082,2025-11-24,26,23.254877591616562
SKU0082,2025-11-25,14,23.954397545514283
SKU0082,2025-11-26,27,25.242526780246283
SKU0082,2025-11-27,22,24.378414480338634
SKU0082,2025-11-28,19,24.9248048846864
SKU0082,2025-11-29,30,24.82768491351577
SKU0082,2025-11-30,26,24.173950460174392
SKU0082,2025-12-01,14,24.850073618440618
SKU0082,2025-12-02,35,25.557422836484175
SKU0082,2025-12-03,30,24.828280723074677
SKU0082,2025-12-04,24,25.823039219585954
SKU0082,2025-12-05,19,25.74323412457257
SKU0082,2025-12-06,15,26.444857904547113
SKU0082,2025-12-07,23,26.281276136338768
SKU0082,2025-12-08,14,25.92875617983712
SKU0082,2025-12-09,34,25.42490232682211
SKU0082,2025-12-10,36,27.036923118601315
SKU0082,2025-12-11,23,27.382082678857927
SKU0082,2025-12-12,21,27.271668786442547
SKU0082,2025-12-13,16,27.273515087435467
SKU0082,2025-12-14,24,27.04654938363523
SKU0082,2025-12-15,25,26.550146177668143
SKU0082,2025-12-16,31,26.329124826130627
SKU0082,2025-12-17,39,27.10742148883472
SKU0082,2025-12-18,36,26.892841119215525
SKU0082,2025-12-19,31,27.51968738747955
SKU0082,2025-12-20,37,28.193320093403674
SKU0082,2025-12-21,17,27.140005945351536
SKU0082,2025-12-22,19,27.60554087666368
SKU0082,2025-12-23,21,27.674652890344653
SKU0082,2025-12-24,37,28.187675824516255
SKU0082,2025-12-25,43,29.028245386778586
SKU0082,2025-12-26,37,28.411371100378688
SKU0082,2025-12-27,26,29.62913659016251
SKU0082,2025-12-28,27,28.500163550260755
SKU0082,2025-12-29,40,27.8971474039815
SKU0082,2025-12-30,40,27.62318377820614
SKU0082,2025-12-31,21,28.546383787275538
SKU0083,2025-10-01,15,16.51557744668841
SKU0083,2025-10-02,18,16.928052373178446
SKU0083,2025-10-03,16,16.64075530207617
SKU0083,2025-10-04,10,16.39359271708568
SKU0083,2025-10-05,15,17.30301861232357
SKU0083,2025-10-06,16,16.368070293410316
SKU0083,2025-10-07,25,16.3136421257886
SKU0083,2025-10-08,19,16.664555308653547
SKU0083,2025-10-09,25,16.68252744017826
SKU0083,2025-10-10,6,16.582388901231614
SKU0083,2025-10-11,14,17.020051191426294
SKU0083,2025-10-12,18,17.40093269197415
SKU0083,2025-10-13,14,16.480414273823662
SKU0083,2025-10-14,18,16.770350367962994
SKU0083,2025-10-15,38,16.448184218088084
SKU0083,2025-10-16,22,16.70825097045455
SKU0083,2025-10-17,23,16.663492068887304
SKU0083,2025-10-18,19,16.852695166041332
SKU0083,2025-10-19,25,16.854664399951712
SKU0083,2025-10-20,41,17.01661256708413
SKU0083,2025-10-21,29,17.095363526407652
SKU0083,2025-10-22,17,17.334211169677427
SKU0083,2025-10-23,18,17.22146342910587
SKU0083,2025-10-24,16,18.494261234427118
SKU0083,2025-10-25,9,18.469948687774806
SKU0083,2025-10-26,14,19.15539335555576
SKU0083,2025-10-27,14,18.520327210578134
SKU0083,2025-10-28,16,18.76721272857455
SKU0083,2025-10-29,33,18.19602499480541
SKU0083,2025-10-30,29,18.501131718485944
SKU0083,2025-10-31,17,18.47159192188588
SKU0083,2025-11-01,20,20.138025525482618
SKU0083,2025-11-02,18,20.182919632320843
SKU0083,2025-11-03,33,19.705316380573482
SKU0083,2025-11-04,12,20.382380464696347
SKU0083,2025-11-05,38,21.588495987989123
SKU0083,2025-11-06,23,21.25171995873328
SKU0083,2025-11-07,25,21.522236316105285
SKU0083,2025-11-08,18,21.5304191316472
SKU0083,2025-11-09,10,22.7552807761974
SKU0083,2025-11-10,17,22.609864512887413
SKU0083,2025-11-11,15,22.62843351648565
SKU0083,2025-11-12,22,21.405892337287288
SKU0083,2025-11-13,21,22.30359556306764
SKU0083,2025-11-14,13,22.10133642948293
SKU0083,2025-11-15,17,22.833533792821395
SKU0083,2025-11-16,37,22.59616839788183
SKU0083,2025-11-17,24,21.48975934845995
SKU0083,2025-11-18,21,22.970184699303868
SKU0083,2025-11-19,21,22.645931715077587
SKU0083,2025-11-20,16,22.984575167719548
SKU0083,2025-11-21,18,22.379830149923297
SKU0083,2025-11-22,17,22.407756850199103
SKU0083,2025-11-23,15,22.800638793716196
SKU0083,2025-11-24,24,22.217429280489924
SKU0083,2025-11-25,21,22.588270054987646
SKU0083,2025-11-26,34,22.835863035156187
SKU0083,2025-11-27,36,23.209417975954512
SKU0083,2025-11-28,32,23.69004010874344
SKU0083,2025-11-29,24,23.142607657372352
SKU0083,2025-11-30,26,23.383365694525075
SKU0083,2025-12-01,27,24.63718089962354
SKU0083,2025-12-02,17,24.908547811163302
SKU0083,2025-12-03,23,25.628711857203463
SKU0083,2025-12-04,28,25.58847080503156
SKU0083,2025-12-05,16,25.592051178807182
SKU0083,2025-12-06,39,25.88986959158849
SKU0083,2025-12-07,45,26.058111088495767
SKU0083,2025-12-08,31,26.511874111052695
SKU0083,2025-12-09,29,25.95479294751738
SKU0083,2025-12-10,26,26.062607946502574
SKU0083,2025-12-11,23,25.518137972171083
SKU0083,2025-12-12,21,26.530770871767658
SKU0083,2025-12-13,26,27.336208484668585
SKU0083,2025-12-14,38,26.800358778084657
SKU0083,2025-12-15,14,26.515110108002595
SKU0083,2025-12-16,23,26.978663931969713
SKU0083,2025-12-17,27,27.067379185114433
SKU0083,2025-12-18,19,27.002387572159652
SKU0083,2025-12-19,29,27.155950657787056
SKU0083,2025-12-20,41,26.53264035780679
SKU0083,2025-12-21,29,26.642524325204896
SKU0083,2025-12-22,18,25.730070148552173
SKU0083,2025-12-23,28,26.503227237031748
SKU0083,2025-12-24,33,27.26842294945712
SKU0083,2025-12-25,44,26.582605844187654
SKU0083,2025-12-26,32,26.945358273382027
SKU0083,2025-12-27,25,26.989647774919828
SKU0083,2025-12-28,30,27.949797445487505
SKU0083,2025-12-29,42,27.9815588787262
SKU0083,2025-12-30,30,28.05009986103859
SKU0083,2025-12-31,47,27.904807712624734
SKU0084,2025-10-01,28,14.126321714721637
SKU0084,2025-10-02,6,13.913898864535126
SKU0084,2025-10-03,23,14.365246846546098
SKU0084,2025-10-04,13,14.032369956736435
SKU0084,2025-10-05,2,14.2953196622163
SKU0084,2025-10-06,11,14.33119548161708
SKU0084,2025-10-07,15,14.240132623455246
SKU0084,2025-10-08,26,14.025315303739063
SKU0084,2025-10-09,15,14.017817352070713
SKU0084,2025-10-10,15,14.139675438107176
SKU0084,2025-10-11,10,14.224439919414193
SKU0084,2025-10-12,16,14.146706539271042
SKU0084,2025-10-13,21,14.390578470609482
SKU0084,2025-10-14,6,14.647180917045242
SKU0084,2025-10-15,20,13.911238047899731
SKU0084,2025-10-16,20,14.417346306389103
SKU0084,2025-10-17,17,14.490996243783309
SKU0084,2025-10-18,16,14.78728012751394
SKU0084,2025-10-19,8,14.702704963760155
SKU0084,2025-10-20,19,14.710342944183822
SKU0084,2025-10-21,11,14.820836973574119
SKU0084,2025-10-22,15,14.676888345915893
SKU0084,2025-10-23,29,14.52909592873065
SKU0084,2025-10-24,9,14.601418383678542
SKU0084,2025-10-25,20,15.037609045197136
SKU0084,2025-10-26,17,14.512914065124374
SKU0084,2025-10-27,14,15.067261778981113
SKU0084,2025-10-28,11,15.154975833304047
SKU0084,2025-10-29,19,14.92443766663533
SKU0084,2025-10-30,17,15.02337123557009
SKU0084,2025-10-31,7,15.393314111252735
SKU0084,2025-11-01,13,15.629000648693616
SKU0084,2025-11-02,16,15.50878327240854
SKU0084,2025-11-03,11,15.300594141109553
SKU0084,2025-11-04,10,15.457155168426052
SKU0084,2025-11-05,20,15.700869227525642
SKU0084,2025-11-06,25,15.826498004736377
SKU0084,2025-11-07,19,17.184079756081708
SKU0084,2025-11-08,9,17.63492998353048
SKU0084,2025-11-09,12,17.17394347272027
SKU0084,2025-11-10,19,17.26120687230129
SKU0084,2025-11-11,10,17.612645139314765
SKU0084,2025-11-12,4,17.571384487227306
SKU0084,2025-11-13,9,16.374572694372294
SKU0084,2025-11-14,23,16.225015450189787
SKU0084,2025-11-15,16,16.913398187884436
SKU0084,2025-11-16,9,17.11560290288744
SKU0084,2025-11-17,26,16.54807336935225
SKU0084,2025-11-18,25,17.164557693068616
SKU0084,2025-11-19,13,17.904472128748385
SKU0084,2025-11-20,23,17.73111383042292
SKU0084,2025-11-21,26,18.35270212120065
SKU0084,2025-11-22,19,19.00635825290583
SKU0084,2025-11-23,10,18.8960002831125
SKU0084,2025-11-24,31,18.559302265238472
SKU0084,2025-11-25,15,18.63868614394866
SKU0084,2025-11-26,18,18.63952288894616
SKU0084,2025-11-27,22,18.71353401727082
SKU0084,2025-11-28,14,18.779927163874724
SKU0084,2025-11-29,21,18.91381457295028
SKU0084,2025-11-30,14,18.599515002239677
SKU0084,2025-12-01,12,19.28581325375065
SKU0084,2025-12-02,17,19.60445506893498
SKU0084,2025-12-03,19,19.118350416893804
SKU0084,2025-12-04,22,19.05465921595127
SKU0084,2025-12-05,25,19.553609523886585
SKU0084,2025-12-06,23,19.91751490636167
SKU0084,2025-12-07,19,20.129395589769466
SKU0084,2025-12-08,15,19.653743599813325
SKU0084,2025-12-09,25,20.169635254167606
SKU0084,2025-12-10,18,20.42267739229491
SKU0084,2025-12-11,28,20.442440611589202
SKU0084,2025-12-12,45,21.225824885367675
SKU0084,2025-12-13,23,20.849675381510384
SKU0084,2025-12-14,26,22.422429072166224
SKU0084,2025-12-15,27,22.2946005896521
SKU0084,2025-12-16,16,22.304120482884322
SKU0084,2025-12-17,26,22.101076646308467
SKU0084,2025-12-18,22,22.541775526873792
SKU0084,2025-12-19,16,22.379375810037494
SKU0084,2025-12-20,17,22.235304995660364
SKU0084,2025-12-21,26,22.214830929019136
SKU0084,2025-12-22,18,21.973539624362264
SKU0084,2025-12-23,44,21.747143423162584
SKU0084,2025-12-24,24,23.226615824192642
SKU0084,2025-12-25,15,23.107543077169204
SKU0084,2025-12-26,15,22.909195221673
SKU0084,2025-12-27,34,23.43597822018255
SKU0084,2025-12-28,22,23.074688757624127
SKU0084,2025-12-29,28,23.058002231383007
SKU0084,2025-12-30,26,23.441852530701244
SKU0084,2025-12-31,21,23.410120067138966
SKU0087,2025-10-01,1,9.047419562098119
SKU0087,2025-10-02,1,8.924943522455681
SKU0087,2025-10-03,14,8.914115664488206
SKU0087,2025-10-04,5,8.652156800944482
SKU0087,2025-10-05,9,8.704550243018026
SKU0087,2025-10-06,2,8.750825490866653
SKU0087,2025-10-07,4,8.496662488123839
SKU0087,2025-10-08,8,8.326646373178283
SKU0087,2025-10-09,8,8.421040510249622
SKU0087,2025-10-10,7,8.41191863612596
SKU0087,2025-10-11,11,8.341481972867284
SKU0087,2025-10-12,13,8.534152064568826
SKU0087,2025-10-13,17,8.693211748795642
SKU0087,2025-10-14,13,8.80222134275964
SKU0087,2025-10-15,8,8.810510801104012
SKU0087,2025-10-16,8,8.843680351905606
SKU0087,2025-10-17,17,8.800439619376842
SKU0087,2025-10-18,7,8.753659030864702
SKU0087,2025-10-19,4,8.858033556144434
SKU0087,2025-10-20,2,8.464849728337894
SKU0087,2025-10-21,7,8.348410135538813
SKU0087,2025-10-22,11,8.250901258284607
SKU0087,2025-10-23,12,8.378882314148022
SKU0087,2025-10-24,6,8.523928795884498
SKU0087,2025-10-25,12,8.466563863040568
SKU0087,2025-10-26,10,8.60241767727449
SKU0087,2025-10-27,12,8.65135400835805
SKU0087,2025-10-28,13,8.849869541560508
SKU0087,2025-10-29,2,8.88873083147656
SKU0087,2025-10-30,18,8.619337723814764
SKU0087,2025-10-31,1,8.715123676529101
SKU0087,2025-11-01,5,9.35976919154274
SKU0087,2025-11-02,10,9.328700350731571
SKU0087,2025-11-03,11,8.929869778592927
SKU0087,2025-11-04,14,9.108748745634294
SKU0087,2025-11-05,6,9.77568909189432
SKU0087,2025-11-06,11,9.636202848243089
SKU0087,2025-11-07,14,9.830880799922094
SKU0087,2025-11-08,7,10.21432584904888
SKU0087,2025-11-09,10,10.096564241924133
SKU0087,2025-11-10,6,10.096361312279074
SKU0087,2025-11-11,19,9.923008264166896
SKU0087,2025-11-12,4,10.001899097941456
SKU0087,2025-11-13,8,10.134181329757384
SKU0087,2025-11-14,5,9.519639991840371
SKU0087,2025-11-15,16,9.563655670026773
SKU0087,2025-11-16,13,10.203574520394948
SKU0087,2025-11-17,7,10.272864375466416
SKU0087,2025-11-18,15,10.179651768686524
SKU0087,2025-11-19,9,10.427817534284848
SKU0087,2025-11-20,3,10.603441069030152
SKU0087,2025-11-21,3,10.088438309057192
SKU0087,2025-11-22,4,10.040751502481761
SKU0087,2025-11-23,14,9.605519819953367
SKU0087,2025-11-24,9,9.983796948660071
SKU0087,2025-11-25,6,10.166479333528109
SKU0087,2025-11-26,8,9.768411258034574
SKU0087,2025-11-27,9,9.76701427317519
SKU0087,2025-11-28,13,9.326032036472014
SKU0087,2025-11-29,8,10.35064490509133
SKU0087,2025-11-30,5,9.38781421176349
SKU0087,2025-12-01,11,9.848023346299016
SKU0087,2025-12-02,8,10.35539809061046
SKU0087,2025-12-03,11,10.390414633499267
SKU0087,2025-12-04,2,10.468539344423816
SKU0087,2025-12-05,24,9.777590195464876
SKU0087,2025-12-06,15,10.635232482488398
SKU0087,2025-12-07,13,11.148234383941643
SKU0087,2025-12-08,13,11.15832009268049
SKU0087,2025-12-09,13,11.17886566803185
SKU0087,2025-12-10,11,11.338348868505776
SKU0087,2025-12-11,12,11.49155078361642
SKU0087,2025-12-12,12,11.174858100958067
SKU0087,2025-12-13,13,11.39692156626681
SKU0087,2025-12-14,15,11.330176826726525
SKU0087,2025-12-15,19,11.540103511707533
SKU0087,2025-12-16,3,12.035881312645166
SKU0087,2025-12-17,12,11.471925488214582
SKU0087,2025-12-18,16,11.402910400266785
SKU0087,2025-12-19,20,11.309205028706184
SKU0087,2025-12-20,17,12.304137085362061
SKU0087,2025-12-21,9,13.130111767203068
SKU0087,2025-12-22,27,13.254130531664625
SKU0087,2025-12-23,13,13.452232881525099
SKU0087,2025-12-24,18,13.823751651459656
SKU0087,2025-12-25,10,13.728019039777275
SKU0087,2025-12-26,5,14.077586224950407
SKU0087,2025-12-27,14,13.403016926859097
SKU0087,2025-12-28,13,13.337517634257718
SKU0087,2025-12-29,13,13.261434541170962
SKU0087,2025-12-30,23,13.170256619413706
SKU0087,2025-12-31,10,14.133671063858378
SKU0090,2025-10-01,5,8.665268340149526
SKU0090,2025-10-02,7,8.624696465248011
SKU0090,2025-10-03,11,8.237078357529738
SKU0090,2025-10-04,7,8.4527016564487
SKU0090,2025-10-05,4,8.470841857674923
SKU0090,2025-10-06,4,8.492545398230522
SKU0090,2025-10-07,9,8.197171159592704
SKU0090,2025-10-08,6,8.326063149060893
SKU0090,2025-10-09,5,7.983403593808302
SKU0090,2025-10-10,8,8.016987441769961
SKU0090,2025-10-11,14,7.666159548645704
SKU0090,2025-10-12,8,7.8169873254972755
SKU0090,2025-10-13,6,7.8695034352003175
SKU0090,2025-10-14,12,8.028130780776365
SKU0090,2025-10-15,11,8.020971791324154
SKU0090,2025-10-16,4,8.572496294973964
SKU0090,2025-10-17,7,8.011264065819745
SKU0090,2025-10-18,7,7.7901781574614715
SKU0090,2025-10-19,7,7.199493871535934
SKU0090,2025-10-20,12,7.254099202384309
SKU0090,2025-10-21,4,7.480965960984583
SKU0090,2025-10-22,11,7.324359586119238
SKU0090,2025-10-23,9,7.271394760343899
SKU0090,2025-10-24,13,7.287497898707429
SKU0090,2025-10-25,3,7.556860192808655
SKU0090,2025-10-26,6,7.292062260427975
SKU0090,2025-10-27,10,7.269101798793386
SKU0090,2025-10-28,10,7.163501895157194
SKU0090,2025-10-29,3,7.37498240010738
SKU0090,2025-10-30,6,7.173174221830868
SKU0090,2025-10-31,9,7.191116395947973
SKU0090,2025-11-01,8,7.9467469677327465
SKU0090,2025-11-02,10,7.97370612803209
SKU0090,2025-11-03,13,7.916538280371552
SKU0090,2025-11-04,17,8.375557935170566
SKU0090,2025-11-05,18,9.105074623354238
SKU0090,2025-11-06,11,9.57529656984707
SKU0090,2025-11-07,12,9.620580589066808
SKU0090,2025-11-08,11,9.840803994359328
SKU0090,2025-11-09,6,10.222941609408302
SKU0090,2025-11-10,10,10.30327659299865
SKU0090,2025-11-11,10,9.956658545326071
SKU0090,2025-11-12,16,10.037149025936957
SKU0090,2025-11-13,17,9.98748203108603
SKU0090,2025-11-14,3,10.217790155458225
SKU0090,2025-11-15,4,10.382282065806573
SKU0090,2025-11-16,14,9.718992826530963
SKU0090,2025-11-17,20,10.231116037304924
SKU0090,2025-11-18,18,10.243860495425212
SKU0090,2025-11-19,9,10.841948501901806
SKU0090,2025-11-20,9,10.929958943807602
SKU0090,2025-11-21,16,10.812179469398608
SKU0090,2025-11-22,7,10.913733427293277
SKU0090,2025-11-23,14,10.85871076068183
SKU0090,2025-11-24,11,11.113674758429566
SKU0090,2025-11-25,6,11.194179560031454
SKU0090,2025-11-26,9,11.011627073632823
SKU0090,2025-11-27,14,10.967262395728152
SKU0090,2025-11-28,7,11.000059441638546
SKU0090,2025-11-29,15,11.607111890202912
SKU0090,2025-11-30,6,12.043630785560419
SKU0090,2025-12-01,6,12.071168840318988
SKU0090,2025-12-02,20,11.705888218345327
SKU0090,2025-12-03,11,12.041616705012501
SKU0090,2025-12-04,8,12.624675149899197
SKU0090,2025-12-05,6,12.517598846212959
SKU0090,2025-12-06,10,11.366777725743782
SKU0090,2025-12-07,16,11.629563156638648
SKU0090,2025-12-08,15,11.580079878849803
SKU0090,2025-12-09,14,11.998176641734075
SKU0090,2025-12-10,14,12.523553419467266
SKU0090,2025-12-11,11,12.759669304697349
SKU0090,2025-12-12,7,13.021650768824411
SKU0090,2025-12-13,16,12.800628206099192
SKU0090,2025-12-14,12,12.389556116113821
SKU0090,2025-12-15,13,12.860238350571612
SKU0090,2025-12-16,10,13.107193194454146
SKU0090,2025-12-17,9,13.022400116524862
SKU0090,2025-12-18,7,12.713078129216646
SKU0090,2025-12-19,13,11.841424406661993
SKU0090,2025-12-20,12,12.413491854287235
SKU0090,2025-12-21,11,12.779964302027645
SKU0090,2025-12-22,9,11.991406224246306
SKU0090,2025-12-23,14,12.326014067572398
SKU0090,2025-12-24,17,12.320818686413542
SKU0090,2025-12-25,20,12.582850050148155
SKU0090,2025-12-26,11,13.370937429687189
SKU0090,2025-12-27,9,13.459529383101389
SKU0090,2025-12-28,13,13.253776951754626
SKU0090,2025-12-29,11,13.275196955737906
SKU0090,2025-12-30,12,13.18164703619098
SKU0090,2025-12-31,19,13.334731035421031
SKU0091,2025-10-01,9,11.361239902285854
SKU0091,2025-10-02,10,11.082290547522753
SKU0091,2025-10-03,13,11.08622415859559
SKU0091,2025-10-04,16,11.178659391992152
SKU0091,2025-10-05,10,11.311592162429038
SKU0091,2025-10-06,17,11.258399853436428
SKU0091,2025-10-07,17,11.241993079137009
SKU0091,2025-10-08,8,11.61628385699596
SKU0091,2025-10-09,9,11.359054882435318
SKU0091,2025-10-10,13,11.44824013385815
SKU0091,2025-10-11,11,11.360615643572132
SKU0091,2025-10-12,6,10.852159847721795
SKU0091,2025-10-13,10,10.828001812217241
SKU0091,2025-10-14,11,11.01206670685351
SKU0091,2025-10-15,9,11.2299823957707
SKU0091,2025-10-16,8,10.740175151671677
SKU0091,2025-10-17,25,10.648996733561077
SKU0091,2025-10-18,16,11.176640707255768
SKU0091,2025-10-19,9,11.563879821585878
SKU0091,2025-10-20,10,11.446085881808532
SKU0091,2025-10-21,7,11.100975813348702
SKU0091,2025-10-22,9,10.87844801747302
SKU0091,2025-10-23,7,11.182820526450547
SKU0091,2025-10-24,15,10.520966775536756
SKU0091,2025-10-25,8,10.888160281027822
SKU0091,2025-10-26,7,10.733827845900603
SKU0091,2025-10-27,8,10.578547386007887
SKU0091,2025-10-28,10,10.55930541021403
SKU0091,2025-10-29,15,10.560270698113348
SKU0091,2025-10-30,11,10.951760038430633
SKU0091,2025-10-31,2,10.592870241558877
SKU0091,2025-11-01,4,11.364196501107068
SKU0091,2025-11-02,7,11.370665715923408
SKU0091,2025-11-03,12,11.091274938456964
SKU0091,2025-11-04,13,11.066770226784895
SKU0091,2025-11-05,11,11.413952333688973
SKU0091,2025-11-06,15,11.484301625319183
SKU0091,2025-11-07,20,11.342990450744093
SKU0091,2025-11-08,12,11.651978598999268
SKU0091,2025-11-09,14,11.982068155017545
SKU0091,2025-11-10,8,11.907202742282927
SKU0091,2025-11-11,22,11.760683470427963
SKU0091,2025-11-12,14,12.921593286537895
SKU0091,2025-11-13,11,13.118345021527857
SKU0091,2025-11-14,13,12.752224475309733
SKU0091,2025-11-15,15,12.85039509248264
SKU0091,2025-11-16,17,13.039126412539995
SKU0091,2025-11-17,10,13.275675992773198
SKU0091,2025-11-18,20,12.796175799158455
SKU0091,2025-11-19,10,13.180390368346444
SKU0091,2025-11-20,12,13.134502442293554
SKU0091,2025-11-21,11,12.997121280891864
SKU0091,2025-11-22,11,13.120422664295075
SKU0091,2025-11-23,7,13.19281084201316
SKU0091,2025-11-24,6,12.8773938250658
SKU0091,2025-11-25,21,12.492534731535514
SKU0091,2025-11-26,12,13.08768425150161
SKU0091,2025-11-27,17,13.260194170993275
SKU0091,2025-11-28,22,13.66947518658269
SKU0091,2025-11-29,11,13.957029525655633
SKU0091,2025-11-30,23,14.054367059272309
SKU0091,2025-12-01,17,14.876650563268932
SKU0091,2025-12-02,23,15.06520248017224
SKU0091,2025-12-03,14,15.804940426007564
SKU0091,2025-12-04,5,15.78982764294684
SKU0091,2025-12-05,11,15.721056804616781
SKU0091,2025-12-06,9,15.517372709960338
SKU0091,2025-12-07,14,14.93394558854555
SKU0091,2025-12-08,9,14.99319221155019
SKU0091,2025-12-09,19,14.984489118752032
SKU0091,2025-12-10,16,15.377513106935295
SKU0091,2025-12-11,22,15.779658678240116
SKU0091,2025-12-12,15,16.21380477514239
SKU0091,2025-12-13,25,16.4998495879916
SKU0091,2025-12-14,21,16.530801391264088
SKU0091,2025-12-15,24,16.794522716081854
SKU0091,2025-12-16,15,17.30815536406863
SKU0091,2025-12-17,25,17.143075729249013
SKU0091,2025-12-18,19,17.94974935885207
SKU0091,2025-12-19,16,18.348555943619697
SKU0091,2025-12-20,22,17.97197835330376
SKU0091,2025-12-21,11,17.943383684819672
SKU0091,2025-12-22,24,17.8974981120016
SKU0091,2025-12-23,18,17.986615350594846
SKU0091,2025-12-24,20,18.02401921212789
SKU0091,2025-12-25,23,18.380162331369505
SKU0091,2025-12-26,14,18.657094697133818
SKU0091,2025-12-27,14,18.634377495575077
SKU0091,2025-12-28,14,18.7566627574876
SKU0091,2025-12-29,14,18.150470409836043
SKU0091,2025-12-30,21,18.321175548250594
SKU0091,2025-12-31,24,18.329744614724007
SKU0093,2025-10-01,14,12.441656555573003
SKU0093,2025-10-02,15,12.531943987431923
SKU0093,2025-10-03,15,12.512533479664327
SKU0093,2025-10-04,12,12.372225867579349
SKU0093,2025-10-05,7,12.562308776546148
SKU0093,2025-10-06,7,12.348951825270282
SKU0093,2025-10-07,8,12.362475065285214
SKU0093,2025-10-08,11,12.105543043929341
SKU0093,2025-10-09,12,12.039399921096349
SKU0093,2025-10-10,9,12.135965767414115
SKU0093,2025-10-11,9,12.123469654251034
SKU0093,2025-10-12,15,12.015672530768494
SKU0093,2025-10-13,8,12.024058926929515
SKU0093,2025-10-14,13,12.143420904658633
SKU0093,2025-10-15,15,12.090338731887803
SKU0093,2025-10-16,17,12.08151767821764
SKU0093,2025-10-17,16,12.128669644016258
SKU0093,2025-10-18,10,12.331831070168908
SKU0093,2025-10-19,8,12.22730046180943
SKU0093,2025-10-20,22,12.150449395105374
SKU0093,2025-10-21,18,12.427811315127832
SKU0093,2025-10-22,17,12.29663790118721
SKU0093,2025-10-23,20,12.2899088793288
SKU0093,2025-10-24,11,12.47032913521791
SKU0093,2025-10-25,21,12.519914794088482
SKU0093,2025-10-26,7,12.685387856466832
SKU0093,2025-10-27,23,12.300801932789591
SKU0093,2025-10-28,8,12.552630914592134
SKU0093,2025-10-29,17,12.536641167560523
SKU0093,2025-10-30,6,12.915809566883265
SKU0093,2025-10-31,11,12.236000575517268
SKU0093,2025-11-01,9,13.660603034858172
SKU0093,2025-11-02,9,13.655004383883831
SKU0093,2025-11-03,22,13.510646444379853
SKU0093,2025-11-04,15,13.525579680789635
SKU0093,2025-11-05,14,13.892207024667217
SKU0093,2025-11-06,15,14.064902351982438
SKU0093,2025-11-07,9,14.29641287856556
SKU0093,2025-11-08,17,14.260840098338893
SKU0093,2025-11-09,12,14.178439628059987
SKU0093,2025-11-10,16,14.211495976762334
SKU0093,2025-11-11,10,14.376822987943022
SKU0093,2025-11-12,13,14.382286740094653
SKU0093,2025-11-13,18,14.452810587620148
SKU0093,2025-11-14,18,14.711068197094395
SKU0093,2025-11-15,10,14.79607190239553
SKU0093,2025-11-16,12,14.62145728559401
SKU0093,2025-11-17,23,14.321817153636923
SKU0093,2025-11-18,26,14.753645968182441
SKU0093,2025-11-19,13,14.702923042440084
SKU0093,2025-11-20,8,15.01522075109568
SKU0093,2025-11-21,6,14.786562244202676
SKU0093,2025-11-22,15,14.325487685275853
SKU0093,2025-11-23,10,14.515598785848344
SKU0093,2025-11-24,23,14.439170404893003
SKU0093,2025-11-25,29,14.957050229838122
SKU0093,2025-11-26,12,15.020524246012602
SKU0093,2025-11-27,25,15.169960120280912
SKU0093,2025-11-28,9,15.218947397178223
SKU0093,2025-11-29,19,15.746218577896435
SKU0093,2025-11-30,19,15.404938865633762
SKU0093,2025-12-01,17,16.731833671315787
SKU0093,2025-12-02,10,16.91056983648575
SKU0093,2025-12-03,18,17.342088000604804
SKU0093,2025-12-04,20,17.1157902992408
SKU0093,2025-12-05,16,17.296992846542526
SKU0093,2025-12-06,9,17.35171301291841
SKU0093,2025-12-07,24,17.16962507658962
SKU0093,2025-12-08,4,17.509275238661292
SKU0093,2025-12-09,10,16.600816192295937
SKU0093,2025-12-10,21,16.53848156510498
SKU0093,2025-12-11,16,17.028609525162583
SKU0093,2025-12-12,18,17.68865058761555
SKU0093,2025-12-13,17,17.776988104436086
SKU0093,2025-12-14,26,17.868924020344117
SKU0093,2025-12-15,23,17.613005511210794
SKU0093,2025-12-16,16,18.828913019392036
SKU0093,2025-12-17,22,18.51743120892052
SKU0093,2025-12-18,21,18.58333682325242
SKU0093,2025-12-19,33,19.247018837106292
SKU0093,2025-12-20,23,19.457445920665368
SKU0093,2025-12-21,23,19.2677694451209
SKU0093,2025-12-22,20,19.81765850914511
SKU0093,2025-12-23,22,19.56583012482624
SKU0093,2025-12-24,14,19.52096746585751
SKU0093,2025-12-25,20,20.003242952719678
SKU0093,2025-12-26,13,19.838455711076243
SKU0093,2025-12-27,20,19.966195974109393
SKU0093,2025-12-28,20,19.355100297567454
SKU0093,2025-12-29,22,19.842905063238696
SKU0093,2025-12-30,21,19.987507373545455
SKU0093,2025-12-31,21,20.239380318575524
SKU0094,2025-10-01,16,13.497488051685057
SKU0094,2025-10-02,6,13.807122604595566
SKU0094,2025-10-03,9,13.170980884427625
SKU0094,2025-10-04,20,13.148999381916555
SKU0094,2025-10-05,10,13.193801777883442
SKU0094,2025-10-06,28,13.055045237397769
SKU0094,2025-10-07,10,13.300506964433325
SKU0094,2025-10-08,7,13.270072886549741
SKU0094,2025-10-09,11,13.328308342895411
SKU0094,2025-10-10,13,12.835339071100709
SKU0094,2025-10-11,14,12.799689572675028
SKU0094,2025-10-12,17,12.91195509026068
SKU0094,2025-10-13,14,13.214943854740929
SKU0094,2025-10-14,13,13.137368513924622
SKU0094,2025-10-15,13,12.90742377623959
SKU0094,2025-10-16,17,12.766281389644428
SKU0094,2025-10-17,18,13.003324894603226
SKU0094,2025-10-18,16,13.307519663555034
SKU0094,2025-10-19,12,13.25521751058157
SKU0094,2025-10-20,24,12.806107203020947
SKU0094,2025-10-21,6,13.255139114129024
SKU0094,2025-10-22,12,13.192497321745373
SKU0094,2025-10-23,21,12.987919354886115
SKU0094,2025-10-24,15,13.500478805883159
SKU0094,2025-10-25,6,13.716642382256433
SKU0094,2025-10-26,9,13.154113243438204
SKU0094,2025-10-27,3,13.342500347822472
SKU0094,2025-10-28,16,12.454084521037622
SKU0094,2025-10-29,11,12.935972836203456
SKU0094,2025-10-30,13,13.012327189474924
SKU0094,2025-10-31,26,12.852816592920146
SKU0094,2025-11-01,7,14.73932786480743
SKU0094,2025-11-02,19,14.642123722968286
SKU0094,2025-11-03,11,14.905757495424414
SKU0094,2025-11-04,6,14.562254316380963
SKU0094,2025-11-05,16,14.567069994907257
SKU0094,2025-11-06,28,14.033899387256367
SKU0094,2025-11-07,13,14.799036014628543
SKU0094,2025-11-08,20,15.416393536312532
SKU0094,2025-11-09,29,15.528195537276352
SKU0094,2025-11-10,14,16.17942851942544
SKU0094,2025-11-11,13,16.30194954484559
SKU0094,2025-11-12,27,16.240107712327326
SKU0094,2025-11-13,16,16.418481263323606
SKU0094,2025-11-14,17,16.555482110081
SKU0094,2025-11-15,5,16.952240303994724
SKU0094,2025-11-16,20,16.28907436650094
SKU0094,2025-11-17,14,16.381147588615207
SKU0094,2025-11-18,22,16.31353691523217
SKU0094,2025-11-19,20,17.094469864402093
SKU0094,2025-11-20,19,16.572929673438725
SKU0094,2025-11-21,19,17.65090086711207
SKU0094,2025-11-22,17,17.808123738541322
SKU0094,2025-11-23,5,17.23045801815478
SKU0094,2025-11-24,11,17.02929697570331
SKU0094,2025-11-25,21,16.711694809778237
SKU0094,2025-11-26,20,17.47936674907594
SKU0094,2025-11-27,14,18.4622639574117
SKU0094,2025-11-28,26,18.69518622786486
SKU0094,2025-11-29,15,18.35636777261315
SKU0094,2025-11-30,27,18.74560983595085
SKU0094,2025-12-01,12,18.85244603553515
SKU0094,2025-12-02,24,19.135149016902773
SKU0094,2025-12-03,33,19.01522095226052
SKU0094,2025-12-04,9,19.762885747375485
SKU0094,2025-12-05,22,19.80381679192167
SKU0094,2025-12-06,10,19.69583061313014
SKU0094,2025-12-07,11,19.685994610440336
SKU0094,2025-12-08,22,19.426259197576655
SKU0094,2025-12-09,16,19.26148195647373
SKU0094,2025-12-10,19,19.39212503873841
SKU0094,2025-12-11,27,19.471267566127242
SKU0094,2025-12-12,25,19.45387212807945
SKU0094,2025-12-13,12,19.948403322070266
SKU0094,2025-12-14,26,20.1069153881051
SKU0094,2025-12-15,13,19.6918918787074
SKU0094,2025-12-16,7,20.35641296302899
SKU0094,2025-12-17,13,19.60603737489374
SKU0094,2025-12-18,25,19.503348983211453
SKU0094,2025-12-19,11,19.8237002195689
SKU0094,2025-12-20,20,19.927231608613358
SKU0094,2025-12-21,16,19.811643074063547
SKU0094,2025-12-22,27,19.748254646173468
SKU0094,2025-12-23,16,19.197200099542954
SKU0094,2025-12-24,29,20.252968836671368
SKU0094,2025-12-25,27,19.910723863510853
SKU0094,2025-12-26,38,20.669543830812867
SKU0094,2025-12-27,19,21.888234569548047
SKU0094,2025-12-28,16,21.91365837808277
SKU0094,2025-12-29,15,21.71225042563836
SKU0094,2025-12-30,26,21.521251066874985
SKU0094,2025-12-31,19,21.381701100630554
SKU0095,2025-10-01,17,14.621936185062113
SKU0095,2025-10-02,14,14.655017684666946
SKU0095,2025-10-03,5,14.518546732950334
SKU0095,2025-10-04,8,14.063703971255064
SKU0095,2025-10-05,15,14.224487301089713
SKU0095,2025-10-06,16,13.977303164033074
SKU0095,2025-10-07,12,13.925690394378456
SKU0095,2025-10-08,13,13.890087529821862
SKU0095,2025-10-09,7,13.827942005999038
SKU0095,2025-10-10,10,13.464960539407564
SKU0095,2025-10-11,12,13.296103137082046
SKU0095,2025-10-12,21,13.357276856635334
SKU0095,2025-10-13,9,13.465743604063215
SKU0095,2025-10-14,1,13.46083948105328
SKU0095,2025-10-15,11,13.365544217905418
SKU0095,2025-10-16,15,13.239234939952523
SKU0095,2025-10-17,9,13.201501772545479
SKU0095,2025-10-18,8,13.253106673087697
SKU0095,2025-10-19,23,13.18723668854948
SKU0095,2025-10-20,11,13.480905687943359
SKU0095,2025-10-21,17,13.039407770329902
SKU0095,2025-10-22,16,13.1685266077256
SKU0095,2025-10-23,12,13.393297125748838
SKU0095,2025-10-24,25,13.268602716521878
SKU0095,2025-10-25,10,13.495577759848373
SKU0095,2025-10-26,24,13.668582232798125
SKU0095,2025-10-27,14,13.21525585370877
SKU0095,2025-10-28,9,13.447887473113568
SKU0095,2025-10-29,26,12.893224828018306
SKU0095,2025-10-30,22,13.648632636817851
SKU0095,2025-10-31,8,13.709461713787375
SKU0095,2025-11-01,11,14.964311747502844
SKU0095,2025-11-02,16,14.10703188566403
SKU0095,2025-11-03,18,14.594799432498878
SKU0095,2025-11-04,16,14.940525313483628
SKU0095,2025-11-05,24,15.196649501410617
SKU0095,2025-11-06,27,15.476964108805403
SKU0095,2025-11-07,16,16.500490485599773
SKU0095,2025-11-08,17,16.40220561370961
SKU0095,2025-11-09,15,16.73868337344367
SKU0095,2025-11-10,18,17.22559775005927
SKU0095,2025-11-11,17,17.531577204489675
SKU0095,2025-11-12,28,17.110524988414898
SKU0095,2025-11-13,12,18.415438368576446
SKU0095,2025-11-14,19,18.987135552025567
SKU0095,2025-11-15,4,19.13251831368594
SKU0095,2025-11-16,13,18.535505186098284
SKU0095,2025-11-17,19,18.2346244329092
SKU0095,2025-11-18,18,18.664663108273952
SKU0095,2025-11-19,23,18.57141731988848
SKU0095,2025-11-20,11,18.86958572386027
SKU0095,2025-11-21,22,19.196818676863423
SKU0095,2025-11-22,15,19.137699388147286
SKU0095,2025-11-23,19,19.277406156727377
SKU0095,2025-11-24,18,18.98723301439871
SKU0095,2025-11-25,18,18.9200925506852
SKU0095,2025-11-26,26,17.98642151154876
SKU0095,2025-11-27,8,18.9464313559978
SKU0095,2025-11-28,26,19.10429922602485
SKU0095,2025-11-29,36,18.78490801705454
SKU0095,2025-11-30,17,18.478402891188285
SKU0095,2025-12-01,22,19.3202169213553
SKU0095,2025-12-02,11,19.66244103530143
SKU0095,2025-12-03,25,20.315282662139428
SKU0095,2025-12-04,18,20.189850298460943
SKU0095,2025-12-05,25,20.29076086541742
SKU0095,2025-12-06,20,20.567421199286894
SKU0095,2025-12-07,24,20.6230983307279
SKU0095,2025-12-08,21,20.727638812405676
SKU0095,2025-12-09,21,21.055206858081764
SKU0095,2025-12-10,21,21.201897469129307
SKU0095,2025-12-11,16,21.60363501707837
SKU0095,2025-12-12,18,21.65591737122719
SKU0095,2025-12-13,20,21.528612972920445
SKU0095,2025-12-14,16,21.81490452404792
SKU0095,2025-12-15,21,21.874922333965447
SKU0095,2025-12-16,18,21.896394015362105
SKU0095,2025-12-17,14,22.063981694941955
SKU0095,2025-12-18,15,22.201473682530416
SKU0095,2025-12-19,24,21.950797232469
SKU0095,2025-12-20,19,22.05764848076287
SKU0095,2025-12-21,20,22.300605217329522
SKU0095,2025-12-22,19,22.105349803860236
SKU0095,2025-12-23,23,22.193922701227866
SKU0095,2025-12-24,33,22.158860571846997
SKU0095,2025-12-25,14,22.15892326105054
SKU0095,2025-12-26,20,22.28716370857226
SKU0095,2025-12-27,13,22.440669430498406
SKU0095,2025-12-28,20,22.762904580123838
SKU0095,2025-12-29,24,22.349584267835983
SKU0095,2025-12-30,18,21.832815641749736
SKU0095,2025-12-31,30,22.141045712436203
SKU0097,2025-10-01,3,13.248782480742138
SKU0097,2025-10-02,0,12.793209972346164
SKU0097,2025-10-03,23,12.566564853477272
SKU0097,2025-10-04,14,12.568734261779781
SKU0097,2025-10-05,8,12.796886730290197
SKU0097,2025-10-06,26,12.75909975337988
SKU0097,2025-10-07,14,13.342184115967873
SKU0097,2025-10-08,13,13.578376384715295
SKU0097,2025-10-09,25,13.680614209997636
SKU0097,2025-10-10,13,13.659815147799534
SKU0097,2025-10-11,18,13.907002158814088
SKU0097,2025-10-12,13,13.670869862715849
SKU0097,2025-10-13,9,13.890116019221487
SKU0097,2025-10-14,19,13.710217697649345
SKU0097,2025-10-15,24,13.925662131572283
SKU0097,2025-10-16,3,14.111883649692635
SKU0097,2025-10-17,15,13.765531740374641
SKU0097,2025-10-18,10,14.180458024467958
SKU0097,2025-10-19,8,13.65396576349239
SKU0097,2025-10-20,21,13.345491927403478
SKU0097,2025-10-21,9,13.976597249305229
SKU0097,2025-10-22,3,13.882813930991873
SKU0097,2025-10-23,33,13.56312128157155
SKU0097,2025-10-24,15,14.643831841892819
SKU0097,2025-10-25,15,15.263101988193808
SKU0097,2025-10-26,18,15.146161776666036
SKU0097,2025-10-27,12,14.693099458759045
SKU0097,2025-10-28,22,15.224876146179586
SKU0097,2025-10-29,13,14.939259219379988
SKU0097,2025-10-30,19,14.479480433917173
SKU0097,2025-10-31,20,14.579161274250264
SKU0097,2025-11-01,15,16.547748641413005
SKU0097,2025-11-02,16,16.958370107301
SKU0097,2025-11-03,8,16.65765992915539
SKU0097,2025-11-04,21,16.466254327207462
SKU0097,2025-11-05,7,16.80937053513319
SKU0097,2025-11-06,7,16.20902304060102
SKU0097,2025-11-07,25,16.36628754617339
SKU0097,2025-11-08,18,17.789591204966058
SKU0097,2025-11-09,12,17.302591943108567
SKU0097,2025-11-10,33,17.450978971727366
SKU0097,2025-11-11,22,18.043021226843884
SKU0097,2025-11-12,9,18.734507310526553
SKU0097,2025-11-13,15,19.03211221241926
SKU0097,2025-11-14,20,18.71356110244737
SKU0097,2025-11-15,28,18.426827960038807
SKU0097,2025-11-16,15,18.77814536711493
SKU0097,2025-11-17,9,18.880723510355214
SKU0097,2025-11-18,16,19.24070497719495
SKU0097,2025-11-19,13,19.056511783847487
SKU0097,2025-11-20,11,18.866629334974863
SKU0097,2025-11-21,17,18.511865189864015
SKU0097,2025-11-22,16,18.643466509449283
SKU0097,2025-11-23,10,18.438752063054277
SKU0097,2025-11-24,19,17.31956288653692
SKU0097,2025-11-25,14,18.34571593157273
SKU0097,2025-11-26,29,18.26990912165838
SKU0097,2025-11-27,21,18.04843719373082
SKU0097,2025-11-28,19,18.11507784713672
SKU0097,2025-11-29,21,18.49639890299549
SKU0097,2025-11-30,23,18.5177490897872
SKU0097,2025-12-01,22,19.427091828669308
SKU0097,2025-12-02,18,19.589033273040723
SKU0097,2025-12-03,20,19.805079626218294
SKU0097,2025-12-04,18,19.6841581390502
SKU0097,2025-12-05,13,19.802492335547647
SKU0097,2025-12-06,12,20.423060642621337
SKU0097,2025-12-07,23,20.508286633226625
SKU0097,2025-12-08,24,19.92968925856858
SKU0097,2025-12-09,12,19.671249895150698
SKU0097,2025-12-10,18,20.12098164061234
SKU0097,2025-12-11,16,19.96614420582708
SKU0097,2025-12-12,12,19.887056602900497
SKU0097,2025-12-13,13,20.260968164953315
SKU0097,2025-12-14,23,19.738821662109263
SKU0097,2025-12-15,27,19.657725975315298
SKU0097,2025-12-16,22,19.8335803738727
SKU0097,2025-12-17,23,20.15364695374162
SKU0097,2025-12-18,20,20.68381163201119
SKU0097,2025-12-19,31,20.924910670020957
SKU0097,2025-12-20,13,21.032239725390898
SKU0097,2025-12-21,13,21.59669594822778
SKU0097,2025-12-22,27,21.46576236921774
SKU0097,2025-12-23,23,20.95218831954943
SKU0097,2025-12-24,23,21.213187464941605
SKU0097,2025-12-25,26,21.318756002253057
SKU0097,2025-12-26,22,21.99587394375904
SKU0097,2025-12-27,26,22.07988865166801
SKU0097,2025-12-28,31,21.660797739718312
SKU0097,2025-12-29,30,22.19460892611349
SKU0097,2025-12-30,19,22.447501037230214
SKU0097,2025-12-31,36,22.244256897056008
SKU0102,2025-10-01,4,10.638729025840652
SKU0102,2025-10-02,7,10.580522410528152
SKU0102,2025-10-03,19,10.143808156131193
SKU0102,2025-10-04,6,10.676837265236776
SKU0102,2025-10-05,18,10.913195096576704
SKU0102,2025-10-06,11,10.705706045329407
SKU0102,2025-10-07,18,10.964261116459427
SKU0102,2025-10-08,3,10.947081819279854
SKU0102,2025-10-09,8,11.144662987535437
SKU0102,2025-10-10,13,10.904511496731963
SKU0102,2025-10-11,13,11.019566997180904
SKU0102,2025-10-12,0,11.383041537437004
SKU0102,2025-10-13,15,10.845244032713811
SKU0102,2025-10-14,13,10.95603454401697
SKU0102,2025-10-15,5,10.835600175397914
SKU0102,2025-10-16,14,10.596273696720136
SKU0102,2025-10-17,20,10.786069961565754
SKU0102,2025-10-18,11,10.950130460360889
SKU0102,2025-10-19,2,11.260380661423875
SKU0102,2025-10-20,9,10.633386161965454
SKU0102,2025-10-21,14,10.557863251243003
SKU0102,2025-10-22,22,10.702468810977692
SKU0102,2025-10-23,7,10.889979487832823
SKU0102,2025-10-24,15,11.057996257704271
SKU0102,2025-10-25,10,11.143902720441
SKU0102,2025-10-26,6,10.744004986290761
SKU0102,2025-10-27,9,10.876367522148405
SKU0102,2025-10-28,10,10.6681361479733
SKU0102,2025-10-29,10,10.448081857658943
SKU0102,2025-10-30,12,10.08903653698022
SKU0102,2025-10-31,8,10.150743790000796
SKU0102,2025-11-01,13,11.427778151682691
SKU0102,2025-11-02,23,11.760714643633184
SKU0102,2025-11-03,21,12.252247975611004
SKU0102,2025-11-04,4,13.126933805229404
SKU0102,2025-11-05,12,12.739777203697036
SKU0102,2025-11-06,18,12.880591011774554
SKU0102,2025-11-07,10,12.64270551516233
SKU0102,2025-11-08,10,13.19202218788705
SKU0102,2025-11-09,9,13.171442067532917
SKU0102,2025-11-10,10,13.26196869256387
SKU0102,2025-11-11,16,13.11928851022918
SKU0102,2025-11-12,4,13.35315995061701
SKU0102,2025-11-13,22,13.229367266011609
SKU0102,2025-11-14,16,13.295406899597877
SKU0102,2025-11-15,12,13.608686982904127
SKU0102,2025-11-16,15,13.656178769890019
SKU0102,2025-11-17,15,13.668632063619402
SKU0102,2025-11-18,18,13.542228346658073
SKU0102,2025-11-19,9,14.301572845598223
SKU0102,2025-11-20,8,14.342163616601066
SKU0102,2025-11-21,19,14.115008616491284
SKU0102,2025-11-22,14,13.609174818185435
SKU0102,2025-11-23,13,14.278659782731825
SKU0102,2025-11-24,17,14.352238880682053
SKU0102,2025-11-25,20,14.272447429189967
SKU0102,2025-11-26,19,14.350759181876764
SKU0102,2025-11-27,16,14.887882769739706
SKU0102,2025-11-28,15,15.176382833745208
SKU0102,2025-11-29,9,15.418063260436874
SKU0102,2025-11-30,6,15.07433319543464
SKU0102,2025-12-01,9,15.28520042904332
SKU0102,2025-12-02,25,14.965826015521673
SKU0102,2025-12-03,22,15.419446920407378
SKU0102,2025-12-04,19,15.612881156218183
SKU0102,2025-12-05,6,16.2333207082531
SKU0102,2025-12-06,9,16.076653441947766
SKU0102,2025-12-07,13,15.252098912767206
SKU0102,2025-12-08,15,15.463145935974218
SKU0102,2025-12-09,24,15.432919293793942
SKU0102,2025-12-10,7,15.969293408848117
SKU0102,2025-12-11,6,16.109262851093018
SKU0102,2025-12-12,18,15.53330384041534
SKU0102,2025-12-13,16,15.606303599925335
SKU0102,2025-12-14,13,15.748546956668257
SKU0102,2025-12-15,17,16.13525209540494
SKU0102,2025-12-16,8,16.049094636364142
SKU0102,2025-12-17,20,15.806376395918173
SKU0102,2025-12-18,17,16.22905662389264
SKU0102,2025-12-19,14,16.34303847600984
SKU0102,2025-12-20,12,16.68991397141332
SKU0102,2025-12-21,9,16.420445450332892
SKU0102,2025-12-22,13,16.090896896085617
SKU0102,2025-12-23,21,15.857851513734973
SKU0102,2025-12-24,16,16.200573000119213
SKU0102,2025-12-25,11,16.491363507053016
SKU0102,2025-12-26,17,16.476318718718524
SKU0102,2025-12-27,17,16.716782407540112
SKU0102,2025-12-28,9,16.692309437152616
SKU0102,2025-12-29,18,16.174718713433588
SKU0102,2025-12-30,22,16.385382084745494
SKU0102,2025-12-31,18,16.51791435869751
SKU0105,2025-10-01,11,10.125448401749843
SKU0105,2025-10-02,6,9.868294771176847
SKU0105,2025-10-03,8,9.781909517688735
SKU0105,2025-10-04,4,9.551538369534217
SKU0105,2025-10-05,3,9.569874244221477
SKU0105,2025-10-06,11,9.225022607103234
SKU0105,2025-10-07,5,9.378777181683592
SKU0105,2025-10-08,7,9.584280541310232
SKU0105,2025-10-09,16,9.621823426496777
SKU0105,2025-10-10,6,9.450297074067883
SKU0105,2025-10-11,7,9.544324946584556
SKU0105,2025-10-12,14,9.472158584854629
SKU0105,2025-10-13,6,9.480846886831266
SKU0105,2025-10-14,8,9.412113138348236
SKU0105,2025-10-15,12,9.347548417179997
SKU0105,2025-10-16,5,9.603288400938169
SKU0105,2025-10-17,17,9.23848754444972
SKU0105,2025-10-18,16,9.310287255135192
SKU0105,2025-10-19,4,9.183608114777616
SKU0105,2025-10-20,17,9.21376724127783
SKU0105,2025-10-21,6,9.267619837692848
SKU0105,2025-10-22,16,9.539199820899634
SKU0105,2025-10-23,5,9.579553952406854
SKU0105,2025-10-24,4,9.308420830994724
SKU0105,2025-10-25,17,9.172374372570946
SKU0105,2025-10-26,9,9.330494867166133
SKU0105,2025-10-27,14,9.330118430778755
SKU0105,2025-10-28,11,9.282152022476119
SKU0105,2025-10-29,12,9.28039777527686
SKU0105,2025-10-30,11,9.475484975985545
SKU0105,2025-10-31,13,9.551185672380402
SKU0105,2025-11-01,9,10.489217182514315
SKU0105,2025-11-02,13,10.430717391522935
SKU0105,2025-11-03,13,10.57373791083199
SKU0105,2025-11-04,20,10.657100459788607
SKU0105,2025-11-05,12,11.39114146585031
SKU0105,2025-11-06,13,11.560717199946774
SKU0105,2025-11-07,11,11.855283578788145
SKU0105,2025-11-08,15,12.457339674054882
SKU0105,2025-11-09,4,12.267418807393437
SKU0105,2025-11-10,9,11.904488856980684
SKU0105,2025-11-11,5,12.269923169298215
SKU0105,2025-11-12,6,11.226118704454173
SKU0105,2025-11-13,17,11.098593512414125
SKU0105,2025-11-14,18,11.87699676239831
SKU0105,2025-11-15,10,12.005868113526569
SKU0105,2025-11-16,5,12.272776878873541
SKU0105,2025-11-17,14,11.91385429397738
SKU0105,2025-11-18,17,11.560787931254051
SKU0105,2025-11-19,13,12.271598356837298
SKU0105,2025-11-20,11,12.435218898799235
SKU0105,2025-11-21,18,12.68039286567697
SKU0105,2025-11-22,14,12.500668108237914
SKU0105,2025-11-23,10,12.573531106884774
SKU0105,2025-11-24,15,12.916789445318601
SKU0105,2025-11-25,13,12.815513748151968
SKU0105,2025-11-26,11,12.80800856775309
SKU0105,2025-11-27,8,12.890192403246576
SKU0105,2025-11-28,14,12.857725070665559
SKU0105,2025-11-29,20,12.768384221011486
SKU0105,2025-11-30,9,12.787906687953308
SKU0105,2025-12-01,10,13.51317759132735
SKU0105,2025-12-02,10,13.398347612400974
SKU0105,2025-12-03,6,13.498661952602996
SKU0105,2025-12-04,11,13.244979948197084
SKU0105,2025-12-05,17,13.411344791067703
SKU0105,2025-12-06,16,13.33837396369006
SKU0105,2025-12-07,14,13.536734606550624
SKU0105,2025-12-08,12,13.932165157337712
SKU0105,2025-12-09,18,13.607188045847133
SKU0105,2025-12-10,18,14.009277719153564
SKU0105,2025-12-11,20,14.525001354214876
SKU0105,2025-12-12,12,14.84942697032041
SKU0105,2025-12-13,30,15.885438868398957
SKU0105,2025-12-14,11,15.155705557858848
SKU0105,2025-12-15,20,15.647976482768712
SKU0105,2025-12-16,8,15.500318846182711
SKU0105,2025-12-17,18,16.2670308779992
SKU0105,2025-12-18,18,16.092434106654963
SKU0105,2025-12-19,16,15.961885702047129
SKU0105,2025-12-20,17,15.873587702071449
SKU0105,2025-12-21,19,16.011665166708536
SKU0105,2025-12-22,12,16.018058848301
SKU0105,2025-12-23,10,16.157902534725903
SKU0105,2025-12-24,18,15.943269723070365
SKU0105,2025-12-25,17,16.12051023286451
SKU0105,2025-12-26,22,16.20362121357136
SKU0105,2025-12-27,17,16.09860887722689
SKU0105,2025-12-28,12,16.860132691593986
SKU0105,2025-12-29,15,16.78438581767238
SKU0105,2025-12-30,22,16.473652062440593
SKU0105,2025-12-31,26,16.77239032517976
SKU0106,2025-10-01,15,13.40790926745872
SKU0106,2025-10-02,13,13.169592740963768
SKU0106,2025-10-03,11,13.034506307428382
SKU0106,2025-10-04,19,13.17723581605032
SKU0106,2025-10-05,13,13.137216029211652
SKU0106,2025-10-06,12,12.821872384863976
SKU0106,2025-10-07,16,13.001874532382766
SKU0106,2025-10-08,10,12.430702566227685
SKU0106,2025-10-09,27,12.961746450564481
SKU0106,2025-10-10,29,12.437745329582999
SKU0106,2025-10-11,16,13.538414794925192
SKU0106,2025-10-12,14,12.867469043309839
SKU0106,2025-10-13,11,13.361382956827406
SKU0106,2025-10-14,13,13.556080423254334
SKU0106,2025-10-15,21,13.827600713285554
SKU0106,2025-10-16,13,13.312842420230284
SKU0106,2025-10-17,14,14.006017771430578
SKU0106,2025-10-18,17,13.752206195203808
SKU0106,2025-10-19,5,13.388437543102372
SKU0106,2025-10-20,7,13.604823210370407
SKU0106,2025-10-21,13,13.813942690668688
SKU0106,2025-10-22,14,13.413158306628969
SKU0106,2025-10-23,17,13.014919160979188
SKU0106,2025-10-24,18,12.10026178301564
SKU0106,2025-10-25,24,13.098850757589908
SKU0106,2025-10-26,20,13.402657062801127
SKU0106,2025-10-27,13,13.477604310126722
SKU0106,2025-10-28,14,13.842452326015035
SKU0106,2025-10-29,9,14.268748969670996
SKU0106,2025-10-30,10,13.75368225428221
SKU0106,2025-10-31,10,13.717560827191626
SKU0106,2025-11-01,14,14.779145200610834
SKU0106,2025-11-02,7,14.880319117275105
SKU0106,2025-11-03,17,14.939501833575061
SKU0106,2025-11-04,26,14.561440925842408
SKU0106,2025-11-05,24,14.76209056448105
SKU0106,2025-11-06,13,15.689865838039939
SKU0106,2025-11-07,13,15.939800365933717
SKU0106,2025-11-08,17,16.301974707672134
SKU0106,2025-11-09,11,15.520891258261779
SKU0106,2025-11-10,15,15.63997694216325
SKU0106,2025-11-11,11,15.372833349565274
SKU0106,2025-11-12,19,15.309521690294568
SKU0106,2025-11-13,19,15.176708267133455
SKU0106,2025-11-14,14,15.510881887801075
SKU0106,2025-11-15,15,15.466682575420752
SKU0106,2025-11-16,22,16.020181401230417
SKU0106,2025-11-17,17,15.767806450915389
SKU0106,2025-11-18,17,15.75579602857219
SKU0106,2025-11-19,29,16.652035906862125
SKU0106,2025-11-20,18,17.95362100402909
SKU0106,2025-11-21,14,17.634761706040752
SKU0106,2025-11-22,10,18.06620029010817
SKU0106,2025-11-23,16,17.246645736913788
SKU0106,2025-11-24,19,17.04948326032469
SKU0106,2025-11-25,20,17.055744794486184
SKU0106,2025-11-26,11,17.273357515189304
SKU0106,2025-11-27,22,17.068930589377995
SKU0106,2025-11-28,16,17.009491658400666
SKU0106,2025-11-29,19,17.508174994866394
SKU0106,2025-11-30,19,17.519887472643656
SKU0106,2025-12-01,19,18.456109477787976
SKU0106,2025-12-02,6,18.679491584684197
SKU0106,2025-12-03,15,19.289828950447518
SKU0106,2025-12-04,30,18.843078866059493
SKU0106,2025-12-05,25,18.287259114485796
SKU0106,2025-12-06,18,19.55413999541319
SKU0106,2025-12-07,18,19.0072931182555
SKU0106,2025-12-08,31,18.977254468281266
SKU0106,2025-12-09,14,19.870666984197523
SKU0106,2025-12-10,16,20.30587979717518
SKU0106,2025-12-11,11,19.358819722099298
SKU0106,2025-12-12,17,19.98476823463879
SKU0106,2025-12-13,22,19.650397539310905
SKU0106,2025-12-14,23,19.53448602236698
SKU0106,2025-12-15,14,19.52489191278194
SKU0106,2025-12-16,27,19.836776427216773
SKU0106,2025-12-17,22,19.95553065107336
SKU0106,2025-12-18,19,19.77946856458508
SKU0106,2025-12-19,14,20.233583455934465
SKU0106,2025-12-20,18,20.324594014017446
SKU0106,2025-12-21,25,19.779962032396778
SKU0106,2025-12-22,17,19.94363724865778
SKU0106,2025-12-23,19,20.15688778943319
SKU0106,2025-12-24,20,20.13015200881649
SKU0106,2025-12-25,18,20.20592595212341
SKU0106,2025-12-26,28,20.174869223533243
SKU0106,2025-12-27,12,20.390090709128977
SKU0106,2025-12-28,20,20.612226241984455
SKU0106,2025-12-29,9,20.140236445499266
SKU0106,2025-12-30,12,20.780234786241493
SKU0106,2025-12-31,17,20.587559033168155
SKU0107,2025-10-01,6,7.169901139318045
SKU0107,2025-10-02,17,7.300617983404747
SKU0107,2025-10-03,7,7.020365413256602
SKU0107,2025-10-04,11,7.130312494182057
SKU0107,2025-10-05,14,7.2978986360032705
SKU0107,2025-10-06,11,7.742695103441121
SKU0107,2025-10-07,7,7.3066707550242596
SKU0107,2025-10-08,9,7.2774661103380165
SKU0107,2025-10-09,11,7.289734104044061
SKU0107,2025-10-10,5,7.7241937066301425
SKU0107,2025-10-11,6,7.514080030172818
SKU0107,2025-10-12,7,7.507967827309599
SKU0107,2025-10-13,7,7.234346283023029
SKU0107,2025-10-14,7,6.946596673362845
SKU0107,2025-10-15,7,6.976946365527048
SKU0107,2025-10-16,3,7.014562347067797
SKU0107,2025-10-17,4,6.76673026518598
SKU0107,2025-10-18,13,6.808697571772057
SKU0107,2025-10-19,5,6.911025419866198
SKU0107,2025-10-20,9,7.05484550154898
SKU0107,2025-10-21,11,6.993901237118925
SKU0107,2025-10-22,5,7.418897487569233
SKU0107,2025-10-23,12,7.033827190466532
SKU0107,2025-10-24,8,7.62398529277593
SKU0107,2025-10-25,6,7.792155023617102
SKU0107,2025-10-26,4,7.671947470632046
SKU0107,2025-10-27,12,7.333285353128146
SKU0107,2025-10-28,7,7.681061177692413
SKU0107,2025-10-29,11,7.733631941554259
SKU0107,2025-10-30,8,7.778055410253362
SKU0107,2025-10-31,8,7.868770025604528
SKU0107,2025-11-01,6,9.006935287632587
SKU0107,2025-11-02,4,8.487092609437815
SKU0107,2025-11-03,5,8.511823014200052
SKU0107,2025-11-04,10,8.05191719144548
SKU0107,2025-11-05,4,7.88929916646668
SKU0107,2025-11-06,1,7.826973335431504
SKU0107,2025-11-07,6,7.522658206914169
SKU0107,2025-11-08,7,7.374468345287747
SKU0107,2025-11-09,17,7.321999444173976
SKU0107,2025-11-10,3,7.719470114278938
SKU0107,2025-11-11,9,7.916070520130412
SKU0107,2025-11-12,11,7.857985641200274
SKU0107,2025-11-13,5,7.886682269868366
SKU0107,2025-11-14,6,7.88124603409986
SKU0107,2025-11-15,3,7.832088273173548
SKU0107,2025-11-16,12,7.50060479044412
SKU0107,2025-11-17,9,7.910168954818823
SKU0107,2025-11-18,4,7.944067307231124
SKU0107,2025-11-19,10,7.77459183214205
SKU0107,2025-11-20,11,7.698949452054303
SKU0107,2025-11-21,6,7.873058708333878
SKU0107,2025-11-22,10,8.061228035937509
SKU0107,2025-11-23,10,8.033229633801609
SKU0107,2025-11-24,11,7.921608652131283
SKU0107,2025-11-25,8,8.29716728572176
SKU0107,2025-11-26,6,8.473419991518561
SKU0107,2025-11-27,10,8.079776398405224
SKU0107,2025-11-28,11,8.229216605540982
SKU0107,2025-11-29,9,8.398518579539566
SKU0107,2025-11-30,14,8.381354877075578
SKU0107,2025-12-01,6,9.522908852430959
SKU0107,2025-12-02,16,8.810517707773954
SKU0107,2025-12-03,17,9.639498772799788
SKU0107,2025-12-04,8,9.96628931390968
SKU0107,2025-12-05,7,10.1356943298066
SKU0107,2025-12-06,11,10.068299696360613
SKU0107,2025-12-07,17,10.501979160937491
SKU0107,2025-12-08,9,10.392569795841545
SKU0107,2025-12-09,14,10.666225435107364
SKU0107,2025-12-10,7,10.624321099530746
SKU0107,2025-12-11,8,10.745539297974732
SKU0107,2025-12-12,13,10.383838826370551
SKU0107,2025-12-13,15,10.696543932558678
SKU0107,2025-12-14,9,10.878669697368107
SKU0107,2025-12-15,9,10.963982055956093
SKU0107,2025-12-16,13,11.118424735592717
SKU0107,2025-12-17,16,11.06324167200292
SKU0107,2025-12-18,17,10.976520192664095
SKU0107,2025-12-19,7,11.410790989993613
SKU0107,2025-12-20,5,11.59253055179579
SKU0107,2025-12-21,12,11.053399351054278
SKU0107,2025-12-22,15,11.385034616940136
SKU0107,2025-12-23,6,11.29810356889008
SKU0107,2025-12-24,14,11.47292938981927
SKU0107,2025-12-25,11,11.50502904314908
SKU0107,2025-12-26,10,11.948747605396886
SKU0107,2025-12-27,11,12.24025382764971
SKU0107,2025-12-28,15,12.281179979036095
SKU0107,2025-12-29,10,12.127253266521068
SKU0107,2025-12-30,10,12.384156116740664
SKU0107,2025-12-31,6,12.373511182236854
SKU0109,2025-10-01,14,10.743727866016476
SKU0109,2025-10-02,8,10.730507836876914
SKU0109,2025-10-03,7,10.473930823224949
SKU0109,2025-10-04,20,10.562945274954451
SKU0109,2025-10-05,5,10.444255847796024
SKU0109,2025-10-06,8,10.580347034648147
SKU0109,2025-10-07,18,10.54465186542335
SKU0109,2025-10-08,5,10.710198102882813
SKU0109,2025-10-09,9,10.437231095565823
SKU0109,2025-10-10,0,10.4039196558307
SKU0109,2025-10-11,8,10.323432606261305
SKU0109,2025-10-12,6,10.067302578381614
SKU0109,2025-10-13,8,10.262674424013575
SKU0109,2025-10-14,11,10.178234664307379
SKU0109,2025-10-15,16,10.124502330101512
SKU0109,2025-10-16,16,10.267281831506356
SKU0109,2025-10-17,5,10.251446018104417
SKU0109,2025-10-18,9,10.33178070782022
SKU0109,2025-10-19,9,10.23906970573584
SKU0109,2025-10-20,21,10.309105078891092
SKU0109,2025-10-21,13,10.32968673598419
SKU0109,2025-10-22,16,10.296083033293774
SKU0109,2025-10-23,14,10.596680729042287
SKU0109,2025-10-24,7,10.426056755943673
SKU0109,2025-10-25,10,10.107029927555535
SKU0109,2025-10-26,13,10.261003607886016
SKU0109,2025-10-27,10,10.162329089739629
SKU0109,2025-10-28,8,10.019077236261152
SKU0109,2025-10-29,11,10.139832419379587
SKU0109,2025-10-30,18,10.029932847571716
SKU0109,2025-10-31,6,9.889852521315202
SKU0109,2025-11-01,9,10.934713382181164
SKU0109,2025-11-02,12,10.993557832637475
SKU0109,2025-11-03,16,11.162207360693214
SKU0109,2025-11-04,27,10.896918212778152
SKU0109,2025-11-05,14,12.508756825467787
SKU0109,2025-11-06,7,12.913622391800317
SKU0109,2025-11-07,9,11.987663457553726
SKU0109,2025-11-08,11,12.24767903134658
SKU0109,2025-11-09,10,12.264065177643024
SKU0109,2025-11-10,11,12.708022814711867
SKU0109,2025-11-11,7,12.553265532233107
SKU0109,2025-11-12,6,12.61695672895407
SKU0109,2025-11-13,13,12.128177149007136
SKU0109,2025-11-14,23,12.471288828451183
SKU0109,2025-11-15,8,12.843328471898005
SKU0109,2025-11-16,10,12.73134882305273
SKU0109,2025-11-17,15,12.91670212928623
SKU0109,2025-11-18,17,12.50986530299402
SKU0109,2025-11-19,14,13.360659930533817
SKU0109,2025-11-20,5,13.364231559699201
SKU0109,2025-11-21,19,13.164796648919113
SKU0109,2025-11-22,17,13.196721202471755
SKU0109,2025-11-23,8,13.32147009339339
SKU0109,2025-11-24,12,13.414557451668436
SKU0109,2025-11-25,24,13.343910431434312
SKU0109,2025-11-26,21,13.951872697105513
SKU0109,2025-11-27,14,13.947941155443232
SKU0109,2025-11-28,12,14.060287958498494
SKU0109,2025-11-29,10,14.218402894124916
SKU0109,2025-11-30,25,13.799386768738135
SKU0109,2025-12-01,15,14.842634451128987
SKU0109,2025-12-02,14,14.966950971115189
SKU0109,2025-12-03,5,15.375587659881758
SKU0109,2025-12-04,14,14.706693877078116
SKU0109,2025-12-05,11,14.381132988983385
SKU0109,2025-12-06,24,14.264692618344585
SKU0109,2025-12-07,16,15.098806697196673
SKU0109,2025-12-08,20,15.553669348625146
SKU0109,2025-12-09,15,15.608814753434027
SKU0109,2025-12-10,14,15.999668785755848
SKU0109,2025-12-11,20,16.2446289125467
SKU0109,2025-12-12,11,16.10722995514381
SKU0109,2025-12-13,14,16.49423829350847
SKU0109,2025-12-14,18,16.38525209756855
SKU0109,2025-12-15,19,16.184252610781588
SKU0109,2025-12-16,14,16.57464684099291
SKU0109,2025-12-17,9,16.90849891426505
SKU0109,2025-12-18,15,16.464755238591557
SKU0109,2025-12-19,7,16.2984551441818
SKU0109,2025-12-20,34,15.48026076272375
SKU0109,2025-12-21,18,16.770221932910157
SKU0109,2025-12-22,10,17.242124585679758
SKU0109,2025-12-23,13,17.556850836489534
SKU0109,2025-12-24,16,17.214458872177516
SKU0109,2025-12-25,20,17.209406028484533
SKU0109,2025-12-26,21,17.17557585279975
SKU0109,2025-12-27,15,17.320282684917437
SKU0109,2025-12-28,11,17.328052607729802
SKU0109,2025-12-29,16,17.22569707567856
SKU0109,2025-12-30,19,17.28640862299107
SKU0109,2025-12-31,15,16.950589153964795
SKU0111,2025-10-01,13,5.764321434318689
SKU0111,2025-10-02,10,5.613632015175646
SKU0111,2025-10-03,5,6.027359875812189
SKU0111,2025-10-04,3,5.925927762400503
SKU0111,2025-10-05,4,5.734354467944522
SKU0111,2025-10-06,3,5.359858111859964
SKU0111,2025-10-07,7,5.519492583092077
SKU0111,2025-10-08,5,5.588055958446351
SKU0111,2025-10-09,10,5.568620075206923
SKU0111,2025-10-10,3,5.616984029245929
SKU0111,2025-10-11,5,5.50201704771923
SKU0111,2025-10-12,12,5.43973934429824
SKU0111,2025-10-13,1,5.950587866285281
SKU0111,2025-10-14,7,5.512143279735338
SKU0111,2025-10-15,6,5.472414258150103
SKU0111,2025-10-16,7,5.453171260851857
SKU0111,2025-10-17,2,5.871052507023346
SKU0111,2025-10-18,5,5.299619835147046
SKU0111,2025-10-19,6,5.244726587447574
SKU0111,2025-10-20,7,5.508120423733877
SKU0111,2025-10-21,6,5.770756662351199
SKU0111,2025-10-22,5,5.6419159450067236
SKU0111,2025-10-23,7,5.693157768957192
SKU0111,2025-10-24,6,5.590497274599571
SKU0111,2025-10-25,8,5.637491083391078
SKU0111,2025-10-26,11,5.845963119422929
SKU0111,2025-10-27,5,5.744777291196271
SKU0111,2025-10-28,11,5.890932702678368
SKU0111,2025-10-29,5,6.0251942969275865
SKU0111,2025-10-30,4,6.080647246396689
SKU0111,2025-10-31,2,5.795530990826066
SKU0111,2025-11-01,11,5.997847897865922
SKU0111,2025-11-02,4,6.248077226345074
SKU0111,2025-11-03,18,5.96905683180177
SKU0111,2025-11-04,2,6.675086463725238
SKU0111,2025-11-05,7,6.554197743308956
SKU0111,2025-11-06,6,6.808513328709072
SKU0111,2025-11-07,8,6.769316893745193
SKU0111,2025-11-08,6,6.796408765622275
SKU0111,2025-11-09,5,6.6896665198509595
SKU0111,2025-11-10,10,6.697601929264512
SKU0111,2025-11-11,9,7.154723976096781
SKU0111,2025-11-12,3,6.8664064024691855
SKU0111,2025-11-13,8,7.0242811244055545
SKU0111,2025-11-14,3,6.957518277299585
SKU0111,2025-11-15,7,6.6568690768988095
SKU0111,2025-11-16,4,6.7222724019403985
SKU0111,2025-11-17,10,6.923075735235409
SKU0111,2025-11-18,7,7.0697911183769255
SKU0111,2025-11-19,13,7.197131531213618
SKU0111,2025-11-20,14,7.3364822750357455
SKU0111,2025-11-21,3,8.120551957722524
SKU0111,2025-11-22,5,7.545526948698901
SKU0111,2025-11-23,8,7.372949835903617
SKU0111,2025-11-24,7,7.538293885606366
SKU0111,2025-11-25,10,7.426538734556889
SKU0111,2025-11-26,14,7.345331778866769
SKU0111,2025-11-27,3,7.917637739098127
SKU0111,2025-11-28,6,7.268776228070556
SKU0111,2025-11-29,5,7.459451895455179
SKU0111,2025-11-30,8,7.325699288446311
SKU0111,2025-12-01,8,7.551413712443386
SKU0111,2025-12-02,13,7.54941923944194
SKU0111,2025-12-03,8,7.704254679276146
SKU0111,2025-12-04,9,7.797553685743983
SKU0111,2025-12-05,16,7.697714224993807
SKU0111,2025-12-06,9,8.495597221991105
SKU0111,2025-12-07,14,9.160779520524788
SKU0111,2025-12-08,3,9.157641569950863
SKU0111,2025-12-09,10,8.45924442249538
SKU0111,2025-12-10,11,8.897832705709686
SKU0111,2025-12-11,11,8.94632543489642
SKU0111,2025-12-12,14,9.421171303258001
SKU0111,2025-12-13,6,9.64115388034974
SKU0111,2025-12-14,10,9.353543409935046
SKU0111,2025-12-15,8,9.307214770546658
SKU0111,2025-12-16,4,9.11745682235534
SKU0111,2025-12-17,9,9.08613517302795
SKU0111,2025-12-18,9,9.035825004121225
SKU0111,2025-12-19,11,9.11432051094919
SKU0111,2025-12-20,12,9.151102121264138
SKU0111,2025-12-21,10,9.42854497096596
SKU0111,2025-12-22,11,9.645034333726558
SKU0111,2025-12-23,14,10.467048189266686
SKU0111,2025-12-24,12,10.402212441037113
SKU0111,2025-12-25,6,10.471038806109345
SKU0111,2025-12-26,14,10.194973423348673
SKU0111,2025-12-27,9,10.393091359845481
SKU0111,2025-12-28,8,10.536406146339187
SKU0111,2025-12-29,3,10.147939046178802
SKU0111,2025-12-30,8,9.77717040795053
SKU0111,2025-12-31,16,9.803130456924622
SKU0114,2025-10-01,0,4.470580611337766
SKU0114,2025-10-02,4,4.66220905802785
SKU0114,2025-10-03,6,4.673135034795155
SKU0114,2025-10-04,3,4.599171808953971
SKU0114,2025-10-05,2,4.556363117094116
SKU0114,2025-10-06,2,4.602216085723581
SKU0114,2025-10-07,3,4.602210932989275
SKU0114,2025-10-08,2,4.630413727135108
SKU0114,2025-10-09,2,4.597405538189724
SKU0114,2025-10-10,4,4.841798730270836
SKU0114,2025-10-11,6,4.658751018594426
SKU0114,2025-10-12,6,4.847162421490397
SKU0114,2025-10-13,3,4.691834056533663
SKU0114,2025-10-14,3,4.8366097083488455
SKU0114,2025-10-15,3,4.726234107130528
SKU0114,2025-10-16,5,4.7009113273773115
SKU0114,2025-10-17,3,4.807346994989671
SKU0114,2025-10-18,3,4.706778609483986
SKU0114,2025-10-19,1,4.771661104580845
SKU0114,2025-10-20,3,4.715002355124453
SKU0114,2025-10-21,6,4.720489732644773
SKU0114,2025-10-22,5,4.669047044537494
SKU0114,2025-10-23,8,4.673780771956887
SKU0114,2025-10-24,8,4.63217864882305
SKU0114,2025-10-25,15,4.883618405517328
SKU0114,2025-10-26,3,4.909526382259865
SKU0114,2025-10-27,4,4.844766163730954
SKU0114,2025-10-28,3,4.743780996154546
SKU0114,2025-10-29,5,4.591437721091345
SKU0114,2025-10-30,7,4.78812905542926
SKU0114,2025-10-31,3,4.641266040546734
SKU0114,2025-11-01,5,4.994957647161202
SKU0114,2025-11-02,4,4.961852498050035
SKU0114,2025-11-03,8,4.998377823643101
SKU0114,2025-11-04,5,5.21507018445668
SKU0114,2025-11-05,4,5.410815026319103
SKU0114,2025-11-06,13,5.5758885126878015
SKU0114,2025-11-07,8,5.829746368735859
SKU0114,2025-11-08,6,5.891434478406431
SKU0114,2025-11-09,8,5.778101850446686
SKU0114,2025-11-10,7,5.8141212670947695
SKU0114,2025-11-11,6,5.759623980107953
SKU0114,2025-11-12,4,5.860993589589792
SKU0114,2025-11-13,7,5.739553003231719
SKU0114,2025-11-14,7,5.634749080513913
SKU0114,2025-11-15,8,5.859085200064372
SKU0114,2025-11-16,10,5.8470529810298775
SKU0114,2025-11-17,7,5.959792768597321
SKU0114,2025-11-18,4,6.199125993613132
SKU0114,2025-11-19,9,6.087913832786718
SKU0114,2025-11-20,7,6.389744797593306
SKU0114,2025-11-21,10,6.582393265194347
SKU0114,2025-11-22,5,6.595318352118786
SKU0114,2025-11-23,5,6.635292840612891
SKU0114,2025-11-24,8,6.363369313445752
SKU0114,2025-11-25,7,6.377520864018909
SKU0114,2025-11-26,9,6.304363180651253
SKU0114,2025-11-27,7,6.659524619564674
SKU0114,2025-11-28,5,6.640344708278171
SKU0114,2025-11-29,5,6.6394940681106664
SKU0114,2025-11-30,9,6.613969642345926
SKU0114,2025-12-01,6,6.7836227765240595
SKU0114,2025-12-02,3,6.781510920150519
SKU0114,2025-12-03,5,6.5524449470063875
SKU0114,2025-12-04,12,6.608522257069194
SKU0114,2025-12-05,6,7.008407658006633
SKU0114,2025-12-06,4,7.0163053933916855
SKU0114,2025-12-07,3,7.047488257516995
SKU0114,2025-12-08,8,6.8374206501396175
SKU0114,2025-12-09,5,6.843264030912043
SKU0114,2025-12-10,16,6.807928544113722
SKU0114,2025-12-11,6,6.889464032652402
SKU0114,2025-12-12,6,6.9837836134426
SKU0114,2025-12-13,7,7.179926615816568
SKU0114,2025-12-14,3,7.238626727982701
SKU0114,2025-12-15,8,6.783466905982386
SKU0114,2025-12-16,7,6.837139065224253
SKU0114,2025-12-17,3,7.037715414876169
SKU0114,2025-12-18,4,6.825608999332195
SKU0114,2025-12-19,9,6.83293645275934
SKU0114,2025-12-20,5,6.846870269530017
SKU0114,2025-12-21,10,6.456732605066441
SKU0114,2025-12-22,4,6.873859818098546
SKU0114,2025-12-23,5,6.750077076110262
SKU0114,2025-12-24,7,6.668785197235834
SKU0114,2025-12-25,6,6.828871641161446
SKU0114,2025-12-26,8,6.833422073769943
SKU0114,2025-12-27,7,6.8993540287022945
SKU0114,2025-12-28,5,6.746969160480107
SKU0114,2025-12-29,7,6.818983878116724
SKU0114,2025-12-30,10,6.858891380304039
SKU0114,2025-12-31,4,6.706473011503087
SKU0118,2025-10-01,12,17.992809726991446
SKU0118,2025-10-02,10,18.537043495666232
SKU0118,2025-10-03,5,16.936733842939542
SKU0118,2025-10-04,16,16.27117165357869
SKU0118,2025-10-05,23,16.869086774154926
SKU0118,2025-10-06,11,17.433059101765174
SKU0118,2025-10-07,17,16.996936535090946
SKU0118,2025-10-08,24,17.262184502733042
SKU0118,2025-10-09,13,16.741032153892995
SKU0118,2025-10-10,21,17.29751738770147
SKU0118,2025-10-11,20,17.140188637177
SKU0118,2025-10-12,9,16.9036441871569
SKU0118,2025-10-13,17,17.42102109806641
SKU0118,2025-10-14,18,17.322514664379923
SKU0118,2025-10-15,18,16.703199157391992
SKU0118,2025-10-16,25,17.002954115319255
SKU0118,2025-10-17,28,16.27893974472397
SKU0118,2025-10-18,17,16.41136749512366
SKU0118,2025-10-19,10,16.295875013395285
SKU0118,2025-10-20,22,17.654471831153646
SKU0118,2025-10-21,12,16.73859131468359
SKU0118,2025-10-22,12,17.209415477627957
SKU0118,2025-10-23,22,17.574371260627252
SKU0118,2025-10-24,28,17.24123090560536
SKU0118,2025-10-25,11,16.758540709905393
SKU0118,2025-10-26,21,17.16448794207358
SKU0118,2025-10-27,27,16.92439714565004
SKU0118,2025-10-28,19,17.036791580252164
SKU0118,2025-10-29,22,16.774774397978412
SKU0118,2025-10-30,24,16.405861441252757
SKU0118,2025-10-31,25,16.192756921369767
SKU0118,2025-11-01,13,18.60658279066495
SKU0118,2025-11-02,23,18.739687362960964
SKU0118,2025-11-03,15,18.661592574834785
SKU0118,2025-11-04,12,19.035454972372303
SKU0118,2025-11-05,20,19.578918119603696
SKU0118,2025-11-06,16,19.189341919678768
SKU0118,2025-11-07,30,19.037877319109633
SKU0118,2025-11-08,19,18.734171188900067
SKU0118,2025-11-09,26,19.28294396108487
SKU0118,2025-11-10,12,19.14273258232001
SKU0118,2025-11-11,12,19.93059304486876
SKU0118,2025-11-12,26,20.251967101009324
SKU0118,2025-11-13,15,19.772559597458446
SKU0118,2025-11-14,28,20.135717784573323
SKU0118,2025-11-15,12,19.79535810286979
SKU0118,2025-11-16,31,20.401478264705833
SKU0118,2025-11-17,22,19.54162720550145
SKU0118,2025-11-18,26,19.79978270784454
SKU0118,2025-11-19,9,20.824100407981998
SKU0118,2025-11-20,21,20.765207054870952
SKU0118,2025-11-21,32,20.304317684048293
SKU0118,2025-11-22,33,20.805450093584987
SKU0118,2025-11-23,23,21.137967802093947
SKU0118,2025-11-24,25,20.082023061550938
SKU0118,2025-11-25,39,21.038682956135617
SKU0118,2025-11-26,12,21.748568310731834
SKU0118,2025-11-27,23,21.159500010894355
SKU0118,2025-11-28,22,21.747540980302006
SKU0118,2025-11-29,24,21.717061205287393
SKU0118,2025-11-30,30,21.406801483283395
SKU0118,2025-12-01,26,23.954220129613397
SKU0118,2025-12-02,25,25.649174043055634
SKU0118,2025-12-03,21,25.46033343456968
SKU0118,2025-12-04,36,25.502956860097893
SKU0118,2025-12-05,23,25.43572955376254
SKU0118,2025-12-06,22,26.03130745614595
SKU0118,2025-12-07,26,26.327865773992883
SKU0118,2025-12-08,16,26.2838307238585
SKU0118,2025-12-09,24,25.483563400322815
SKU0118,2025-12-10,22,26.680591061568432
SKU0118,2025-12-11,20,26.568384000298426
SKU0118,2025-12-12,20,26.20003823715377
SKU0118,2025-12-13,29,26.31665517693175
SKU0118,2025-12-14,28,26.118304197492158
SKU0118,2025-12-15,31,25.743256447802317
SKU0118,2025-12-16,23,26.352000111499212
SKU0118,2025-12-17,31,26.63179360769231
SKU0118,2025-12-18,31,25.97257981734543
SKU0118,2025-12-19,23,26.20224879557087
SKU0118,2025-12-20,23,26.87358628266293
SKU0118,2025-12-21,26,26.566194504256185
SKU0118,2025-12-22,28,26.859493431085657
SKU0118,2025-12-23,28,26.399788896703637
SKU0118,2025-12-24,23,27.055958682407958
SKU0118,2025-12-25,28,27.017531704543014
SKU0118,2025-12-26,38,27.050701172465992
SKU0118,2025-12-27,32,27.1024078991684
SKU0118,2025-12-28,20,27.319818423262966
SKU0118,2025-12-29,13,27.026224382118425
SKU0118,2025-12-30,36,27.131122998251794
SKU0118,2025-12-31,20,27.023064425269926
SKU0119,2025-10-01,5,13.745395189707873
SKU0119,2025-10-02,22,14.162558618093941
SKU0119,2025-10-03,9,13.962630259889076
SKU0119,2025-10-04,22,14.27614333235039
SKU0119,2025-10-05,10,14.259385358535312
SKU0119,2025-10-06,15,14.520027967662772
SKU0119,2025-10-07,19,14.270044989967028
SKU0119,2025-10-08,21,13.85982694771365
SKU0119,2025-10-09,24,14.23874048657559
SKU0119,2025-10-10,10,14.197472235658806
SKU0119,2025-10-11,10,15.496517800780817
SKU0119,2025-10-12,11,15.065621423625926
SKU0119,2025-10-13,7,14.191848835696327
SKU0119,2025-10-14,5,13.718774295542076
SKU0119,2025-10-15,19,13.656253434639943
SKU0119,2025-10-16,11,13.586946244424269
SKU0119,2025-10-17,5,13.613297609421233
SKU0119,2025-10-18,14,13.450701799721601
SKU0119,2025-10-19,17,13.711470055204819
SKU0119,2025-10-20,15,13.622335468427577
SKU0119,2025-10-21,14,13.80754633737967
SKU0119,2025-10-22,35,13.84461663349472
SKU0119,2025-10-23,22,14.425600717395133
SKU0119,2025-10-24,13,15.94825035789514
SKU0119,2025-10-25,14,15.984020686711402
SKU0119,2025-10-26,8,15.742635824880656
SKU0119,2025-10-27,9,14.657338112468413
SKU0119,2025-10-28,16,14.41534405052101
SKU0119,2025-10-29,9,14.180487884483332
SKU0119,2025-10-30,12,14.132049463796855
SKU0119,2025-10-31,13,13.916965844973003
SKU0119,2025-11-01,13,15.262454033666335
SKU0119,2025-11-02,17,14.903351628751695
SKU0119,2025-11-03,23,15.09452493427615
SKU0119,2025-11-04,16,15.233531860803609
SKU0119,2025-11-05,13,14.875310854305994
SKU0119,2025-11-06,15,15.7450291795369
SKU0119,2025-11-07,26,15.767681535932246
SKU0119,2025-11-08,24,15.676180108025324
SKU0119,2025-11-09,19,16.05402452409775
SKU0119,2025-11-10,11,16.654519309030157
SKU0119,2025-11-11,23,17.293939411765372
SKU0119,2025-11-12,14,17.79626161822025
SKU0119,2025-11-13,17,17.79669324015222
SKU0119,2025-11-14,14,17.60221056093411
SKU0119,2025-11-15,19,17.808364117718426
SKU0119,2025-11-16,10,17.870949631855254
SKU0119,2025-11-17,22,18.132665012493195
SKU0119,2025-11-18,12,18.668527052438616
SKU0119,2025-11-19,16,19.080936353983073
SKU0119,2025-11-20,9,18.89721886246849
SKU0119,2025-11-21,33,18.21079301657463
SKU0119,2025-11-22,15,17.847011917067157
SKU0119,2025-11-23,14,19.12549039131117
SKU0119,2025-11-24,9,18.925677310942945
SKU0119,2025-11-25,12,18.325528339481327
SKU0119,2025-11-26,27,18.416466015810688
SKU0119,2025-11-27,16,18.853740057263053
SKU0119,2025-11-28,17,19.09777795431746
SKU0119,2025-11-29,34,19.09273078998893
SKU0119,2025-11-30,14,19.014107533575853
SKU0119,2025-12-01,16,20.094656468922892
SKU0119,2025-12-02,31,19.8766974303797
SKU0119,2025-12-03,19,19.958074631621116
SKU0119,2025-12-04,19,19.948737750681065
SKU0119,2025-12-05,13,20.119377121194905
SKU0119,2025-12-06,22,21.08787910881943
SKU0119,2025-12-07,9,20.41255359214334
SKU0119,2025-12-08,16,20.66485868841943
SKU0119,2025-12-09,21,19.552620026834614
SKU0119,2025-12-10,16,18.999428987394342
SKU0119,2025-12-11,35,19.737726178182886
SKU0119,2025-12-12,26,20.572689783407544
SKU0119,2025-12-13,42,20.710816050874033
SKU0119,2025-12-14,15,21.33484239549424
SKU0119,2025-12-15,17,22.268099396798846
SKU0119,2025-12-16,25,21.767254472805405
SKU0119,2025-12-17,26,22.1672517405264
SKU0119,2025-12-18,13,22.637158206662743
SKU0119,2025-12-19,20,23.03212262915197
SKU0119,2025-12-20,30,22.834607847019768
SKU0119,2025-12-21,28,22.620766897742115
SKU0119,2025-12-22,26,22.359660815462462
SKU0119,2025-12-23,15,22.144372986678924
SKU0119,2025-12-24,24,23.169004573013606
SKU0119,2025-12-25,24,22.228465034909547
SKU0119,2025-12-26,27,22.988319354481632
SKU0119,2025-12-27,16,23.931628027183976
SKU0119,2025-12-28,24,24.138652279421585
SKU0119,2025-12-29,29,23.335952522805826
SKU0119,2025-12-30,21,23.443632515532897
SKU0119,2025-12-31,18,24.365735775433347
SKU0120,2025-10-01,14,11.959548061548874
SKU0120,2025-10-02,18,11.723259746650323
SKU0120,2025-10-03,8,11.805634984149307
SKU0120,2025-10-04,7,11.708831735276153
SKU0120,2025-10-05,5,11.605467803714062
SKU0120,2025-10-06,5,11.650430673654803
SKU0120,2025-10-07,20,11.424223935539365
SKU0120,2025-10-08,14,11.076130748508838
SKU0120,2025-10-09,6,11.517263998887886
SKU0120,2025-10-10,4,11.600763395836118
SKU0120,2025-10-11,3,11.678445824650902
SKU0120,2025-10-12,16,11.37830988643117
SKU0120,2025-10-13,2,11.248040674537739
SKU0120,2025-10-14,15,10.852050983222064
SKU0120,2025-10-15,5,11.061198519254633
SKU0120,2025-10-16,7,10.659454789821842
SKU0120,2025-10-17,12,10.690634182210715
SKU0120,2025-10-18,16,10.547363570334632
SKU0120,2025-10-19,7,10.925114062508841
SKU0120,2025-10-20,13,10.672141106025556
SKU0120,2025-10-21,18,10.648899829895791
SKU0120,2025-10-22,14,10.667174936438169
SKU0120,2025-10-23,17,10.788644958799617
SKU0120,2025-10-24,18,10.827256447861325
SKU0120,2025-10-25,11,11.631150251323398
SKU0120,2025-10-26,12,11.185768339002932
SKU0120,2025-10-27,15,11.102905055148307
SKU0120,2025-10-28,12,11.384084965498246
SKU0120,2025-10-29,12,11.366161910346184
SKU0120,2025-10-30,2,11.392613303519536
SKU0120,2025-10-31,16,10.838871570753179
SKU0120,2025-11-01,5,11.803371988586344
SKU0120,2025-11-02,9,11.47572839215833
SKU0120,2025-11-03,22,11.389688893199628
SKU0120,2025-11-04,6,11.83056818680385
SKU0120,2025-11-05,7,12.046860587619028
SKU0120,2025-11-06,15,12.454898659328489
SKU0120,2025-11-07,25,11.806228228319062
SKU0120,2025-11-08,6,13.107849896238461
SKU0120,2025-11-09,19,12.813711960901315
SKU0120,2025-11-10,16,13.016838797687878
SKU0120,2025-11-11,7,13.629174366360607
SKU0120,2025-11-12,9,13.06407397052506
SKU0120,2025-11-13,10,13.01476784529225
SKU0120,2025-11-14,15,12.917974811273107
SKU0120,2025-11-15,12,13.205406321700371
SKU0120,2025-11-16,12,13.437387203361723
SKU0120,2025-11-17,15,13.370045971866322
SKU0120,2025-11-18,21,13.170851516824287
SKU0120,2025-11-19,14,13.759283439399074
SKU0120,2025-11-20,14,14.055490244450501
SKU0120,2025-11-21,14,13.750720655437936
SKU0120,2025-11-22,18,13.797498646560872
SKU0120,2025-11-23,22,14.097383459519989
SKU0120,2025-11-24,8,14.5826685855324
SKU0120,2025-11-25,13,14.236364585992272
SKU0120,2025-11-26,15,14.309615978993634
SKU0120,2025-11-27,11,14.294189793727117
SKU0120,2025-11-28,14,14.215222927122747
SKU0120,2025-11-29,27,14.094906961827698
SKU0120,2025-11-30,30,14.431633205723772
SKU0120,2025-12-01,13,15.13794684272897
SKU0120,2025-12-02,15,15.235746482871805
SKU0120,2025-12-03,11,15.517538173736556
SKU0120,2025-12-04,11,15.565183716351171
SKU0120,2025-12-05,16,15.478032890549603
SKU0120,2025-12-06,8,15.864072871736703
SKU0120,2025-12-07,15,15.427959418203505
SKU0120,2025-12-08,16,15.06062540732545
SKU0120,2025-12-09,10,15.517094232189093
SKU0120,2025-12-10,19,15.70924869002925
SKU0120,2025-12-11,26,16.018294822720545
SKU0120,2025-12-12,12,16.594856740331377
SKU0120,2025-12-13,8,16.62748339719177
SKU0120,2025-12-14,18,16.210846379649006
SKU0120,2025-12-15,14,16.532074265945386
SKU0120,2025-12-16,15,16.835435610052123
SKU0120,2025-12-17,11,16.879111170209445
SKU0120,2025-12-18,14,16.60073954705321
SKU0120,2025-12-19,19,16.1880446527887
SKU0120,2025-12-20,18,16.814911696236166
SKU0120,2025-12-21,21,17.061577657161447
SKU0120,2025-12-22,17,17.382664816973847
SKU0120,2025-12-23,8,17.180630729980958
SKU0120,2025-12-24,17,16.6725660945414
SKU0120,2025-12-25,22,17.05756885267824
SKU0120,2025-12-26,15,17.46213371970713
SKU0120,2025-12-27,21,17.376314658718286
SKU0120,2025-12-28,21,17.62813912092076
SKU0120,2025-12-29,12,17.743407496100527
SKU0120,2025-12-30,23,17.716640020621853
SKU0120,2025-12-31,12,17.9716701048562
SKU0121,2025-10-01,22,17.877948680018896
SKU0121,2025-10-02,10,18.15013769123994
SKU0121,2025-10-03,24,19.193645332020395
SKU0121,2025-10-04,28,18.04014606490278
SKU0121,2025-10-05,20,17.89357291198887
SKU0121,2025-10-06,10,17.795952942728473
SKU0121,2025-10-07,3,19.07814754943597
SKU0121,2025-10-08,36,18.203423634375138
SKU0121,2025-10-09,14,17.75600684753749
SKU0121,2025-10-10,26,18.143029159766055
SKU0121,2025-10-11,28,17.895567124885734
SKU0121,2025-10-12,27,17.082708572348476
SKU0121,2025-10-13,13,17.24483894503177
SKU0121,2025-10-14,14,17.586024899078637
SKU0121,2025-10-15,24,18.364676358940706
SKU0121,2025-10-16,10,17.691286380509855
SKU0121,2025-10-17,16,18.4694042606732
SKU0121,2025-10-18,14,18.18946900177377
SKU0121,2025-10-19,14,18.52614797431128
SKU0121,2025-10-20,3,18.256334655283652
SKU0121,2025-10-21,20,17.05435792455025
SKU0121,2025-10-22,19,16.580031906696515
SKU0121,2025-10-23,20,17.584519970242116
SKU0121,2025-10-24,15,17.415787882398362
SKU0121,2025-10-25,25,17.681327354433105
SKU0121,2025-10-26,12,17.108187422450847
SKU0121,2025-10-27,21,17.34828021424661
SKU0121,2025-10-28,28,17.530787922949127
SKU0121,2025-10-29,11,16.759030394806985
SKU0121,2025-10-30,20,18.426941989202938
SKU0121,2025-10-31,21,17.592557051597858
SKU0121,2025-11-01,18,18.59078943504658
SKU0121,2025-11-02,23,18.981588285282907
SKU0121,2025-11-03,22,18.476998669570296
SKU0121,2025-11-04,15,18.632913060588745
SKU0121,2025-11-05,10,18.532135558608143
SKU0121,2025-11-06,15,20.080069134944743
SKU0121,2025-11-07,15,19.999537354861985
SKU0121,2025-11-08,9,19.146802039465896
SKU0121,2025-11-09,25,19.40128890265496
SKU0121,2025-11-10,28,18.789144542071174
SKU0121,2025-11-11,35,18.094200240518433
SKU0121,2025-11-12,16,18.618190703666706
SKU0121,2025-11-13,20,19.262765088928326
SKU0121,2025-11-14,24,19.08225476221096
SKU0121,2025-11-15,38,19.105148678028137
SKU0121,2025-11-16,32,19.3277410605821
SKU0121,2025-11-17,21,19.339500197715537
SKU0121,2025-11-18,27,20.582809500642064
SKU0121,2025-11-19,14,20.716491886651813
SKU0121,2025-11-20,12,21.824223432950483
SKU0121,2025-11-21,18,21.823220202159046
SKU0121,2025-11-22,11,21.43190458464143
SKU0121,2025-11-23,26,21.173951731282404
SKU0121,2025-11-24,42,19.857385819838534
SKU0121,2025-11-25,27,19.901420069338386
SKU0121,2025-11-26,27,21.548744626649263
SKU0121,2025-11-27,15,22.076063672488726
SKU0121,2025-11-28,13,21.53306237222762
SKU0121,2025-11-29,27,22.322611666970616
SKU0121,2025-11-30,24,21.543380834979953
SKU0121,2025-12-01,32,23.614011140921892
SKU0121,2025-12-02,19,23.474486109808367
SKU0121,2025-12-03,12,24.29443408323507
SKU0121,2025-12-04,19,23.61931272732534
SKU0121,2025-12-05,29,23.592756328043016
SKU0121,2025-12-06,20,23.741615191585538
SKU0121,2025-12-07,31,24.50605194459567
SKU0121,2025-12-08,27,23.941652664001182
SKU0121,2025-12-09,12,24.41488138968483
SKU0121,2025-12-10,20,25.815314042954288
SKU0121,2025-12-11,19,25.398387197571225
SKU0121,2025-12-12,25,24.89311896335198
SKU0121,2025-12-13,28,24.49707038776951
SKU0121,2025-12-14,34,24.723942877371623
SKU0121,2025-12-15,46,23.46493512888023
SKU0121,2025-12-16,13,25.85174953472251
SKU0121,2025-12-17,27,26.57522554124517
SKU0121,2025-12-18,24,26.145751426132033
SKU0121,2025-12-19,19,25.682422109252123
SKU0121,2025-12-20,29,26.34174112552276
SKU0121,2025-12-21,19,25.057400148468663
SKU0121,2025-12-22,27,26.279119073886314
SKU0121,2025-12-23,24,26.36626991728892
SKU0121,2025-12-24,26,26.929811439238176
SKU0121,2025-12-25,22,26.286169666488863
SKU0121,2025-12-26,37,26.675257918565773
SKU0121,2025-12-27,34,26.93359022988542
SKU0121,2025-12-28,30,26.845907520962136
SKU0121,2025-12-29,25,26.357502914089963
SKU0121,2025-12-30,43,27.546963287659594
SKU0121,2025-12-31,27,27.786666339931674
SKU0123,2025-10-01,8,18.013241215971107
SKU0123,2025-10-02,13,19.0936373107403
SKU0123,2025-10-03,12,18.49208922652401
SKU0123,2025-10-04,18,17.903570214348814
SKU0123,2025-10-05,19,17.7705465066996
SKU0123,2025-10-06,26,17.529216045038318
SKU0123,2025-10-07,28,17.527493951117048
SKU0123,2025-10-08,8,17.84158106010707
SKU0123,2025-10-09,13,18.642905815482052
SKU0123,2025-10-10,17,18.181333311105387
SKU0123,2025-10-11,45,17.435520858240206
SKU0123,2025-10-12,1,17.59373305353863
SKU0123,2025-10-13,16,18.446287048939755
SKU0123,2025-10-14,23,17.680285315211247
SKU0123,2025-10-15,21,16.808013001193597
SKU0123,2025-10-16,17,16.705554929981187
SKU0123,2025-10-17,31,16.585082860026752
SKU0123,2025-10-18,24,17.279668645079784
SKU0123,2025-10-19,15,17.707655628780184
SKU0123,2025-10-20,18,17.603085611040747
SKU0123,2025-10-21,4,18.09504900177305
SKU0123,2025-10-22,16,17.895207565761282
SKU0123,2025-10-23,12,17.827339680812063
SKU0123,2025-10-24,27,17.740434088941942
SKU0123,2025-10-25,31,17.22561039954882
SKU0123,2025-10-26,16,17.791981667419826
SKU0123,2025-10-27,11,17.91901803989665
SKU0123,2025-10-28,20,18.3937948617691
SKU0123,2025-10-29,27,18.820055678495848
SKU0123,2025-10-30,11,20.172342193021784
SKU0123,2025-10-31,15,19.958503471867136
SKU0123,2025-11-01,10,21.469965941675238
SKU0123,2025-11-02,11,20.26760376556745
SKU0123,2025-11-03,25,19.54951197243511
SKU0123,2025-11-04,8,19.648990879426457
SKU0123,2025-11-05,36,20.62561571483449
SKU0123,2025-11-06,27,20.18994888150109
SKU0123,2025-11-07,26,19.86509656120917
SKU0123,2025-11-08,6,19.92855287914365
SKU0123,2025-11-09,18,20.961042943299848
SKU0123,2025-11-10,16,20.10902287015083
SKU0123,2025-11-11,25,19.173720068260813
SKU0123,2025-11-12,20,20.24193829167871
SKU0123,2025-11-13,14,20.3205546306696
SKU0123,2025-11-14,23,19.495288521597153
SKU0123,2025-11-15,30,18.841251066857907
SKU0123,2025-11-16,20,19.240907497262132
SKU0123,2025-11-17,14,18.961811502706354
SKU0123,2025-11-18,21,18.990390699286944
SKU0123,2025-11-19,30,18.387147998627913
SKU0123,2025-11-20,24,18.66095882783792
SKU0123,2025-11-21,20,19.553227059293782
SKU0123,2025-11-22,19,19.680443095240026
SKU0123,2025-11-23,12,19.758823326688816
SKU0123,2025-11-24,14,20.189231291446205
SKU0123,2025-11-25,29,19.463900807435273
SKU0123,2025-11-26,37,19.78008749737832
SKU0123,2025-11-27,6,19.50973105993504
SKU0123,2025-11-28,17,20.178247271684544
SKU0123,2025-11-29,50,19.08005176397647
SKU0123,2025-11-30,15,20.600436375237816
SKU0123,2025-12-01,21,22.02350429319824
SKU0123,2025-12-02,19,23.060272646328283
SKU0123,2025-12-03,38,23.977219955754876
SKU0123,2025-12-04,31,24.239022494922494
SKU0123,2025-12-05,23,24.27707547669723
SKU0123,2025-12-06,18,24.795796528064493
SKU0123,2025-12-07,22,23.647132999912518
SKU0123,2025-12-08,36,23.90139543356257
SKU0123,2025-12-09,38,24.95009210346104
SKU0123,2025-12-10,41,25.768703827854875
SKU0123,2025-12-11,16,25.58106416373991
SKU0123,2025-12-12,20,26.498200105693027
SKU0123,2025-12-13,27,25.047927697967506
SKU0123,2025-12-14,20,25.977322711913455
SKU0123,2025-12-15,33,25.799688268140056
SKU0123,2025-12-16,21,26.435149395662343
SKU0123,2025-12-17,19,26.079301915989358
SKU0123,2025-12-18,25,25.63173260636202
SKU0123,2025-12-19,20,26.29947483638893
SKU0123,2025-12-20,26,26.30904646831054
SKU0123,2025-12-21,39,26.08883634509058
SKU0123,2025-12-22,34,27.21964397894984
SKU0123,2025-12-23,20,26.988647380266894
SKU0123,2025-12-24,25,27.499026864867055
SKU0123,2025-12-25,30,27.03577113361925
SKU0123,2025-12-26,33,26.636203951717235
SKU0123,2025-12-27,32,27.789431961510598
SKU0123,2025-12-28,47,27.492146607287534
SKU0123,2025-12-29,13,27.77922190903757
SKU0123,2025-12-30,17,26.829453422173817
SKU0123,2025-12-31,36,27.14036049571932
SKU0124,2025-10-01,15,17.85503407959648
SKU0124,2025-10-02,15,18.274628464208178
SKU0124,2025-10-03,18,18.591473029831338
SKU0124,2025-10-04,5,18.27991629449548
SKU0124,2025-10-05,11,17.52693131558059
SKU0124,2025-10-06,8,17.79425984573575
SKU0124,2025-10-07,21,17.312392700649664
SKU0124,2025-10-08,18,17.607691248934337
SKU0124,2025-10-09,25,17.55054886429809
SKU0124,2025-10-10,11,17.23104508406758
SKU0124,2025-10-11,18,17.599346409795643
SKU0124,2025-10-12,20,17.656160221514728
SKU0124,2025-10-13,29,17.34721304518144
SKU0124,2025-10-14,20,16.943367288481056
SKU0124,2025-10-15,19,17.636054132567654
SKU0124,2025-10-16,10,17.74411655504846
SKU0124,2025-10-17,14,17.76800947463363
SKU0124,2025-10-18,16,17.572284452400307
SKU0124,2025-10-19,40,17.41118071076332
SKU0124,2025-10-20,13,17.11000093165602
SKU0124,2025-10-21,11,17.150908200567592
SKU0124,2025-10-22,11,17.849525167740417
SKU0124,2025-10-23,21,18.055263743143154
SKU0124,2025-10-24,25,17.909631142654604
SKU0124,2025-10-25,38,16.82260438975711
SKU0124,2025-10-26,8,16.15671086064883
SKU0124,2025-10-27,21,16.898481132802516
SKU0124,2025-10-28,16,18.015167413426422
SKU0124,2025-10-29,22,17.43692651792562
SKU0124,2025-10-30,30,17.554305997787083
SKU0124,2025-10-31,32,17.324706082519604
SKU0124,2025-11-01,34,18.78958740186169
SKU0124,2025-11-02,20,18.696608149857486
SKU0124,2025-11-03,9,19.101840932241572
SKU0124,2025-11-04,25,20.261663680528713
SKU0124,2025-11-05,20,20.081251489129635
SKU0124,2025-11-06,19,20.9228503819777
SKU0124,2025-11-07,36,19.898998719668104
SKU0124,2025-11-08,13,19.776505763951945
SKU0124,2025-11-09,11,20.21096625856979
SKU0124,2025-11-10,9,20.084592779152114
SKU0124,2025-11-11,14,19.63354845970821
SKU0124,2025-11-12,12,19.80595952863871
SKU0124,2025-11-13,19,19.044537295122318
SKU0124,2025-11-14,12,19.145650611475755
SKU0124,2025-11-15,29,18.69685692434645
SKU0124,2025-11-16,18,18.843289359327205
SKU0124,2025-11-17,7,19.236705476678907
SKU0124,2025-11-18,24,19.541815696998317
SKU0124,2025-11-19,24,19.439402321182957
SKU0124,2025-11-20,18,19.46531548649265
SKU0124,2025-11-21,29,18.90436967659207
SKU0124,2025-11-22,31,19.545933413811994
SKU0124,2025-11-23,29,19.125074300165092
SKU0124,2025-11-24,27,19.2705027137967
SKU0124,2025-11-25,19,20.07961372721626
SKU0124,2025-11-26,29,20.59796184665188
SKU0124,2025-11-27,28,20.036572970569765
SKU0124,2025-11-28,25,21.769619990226456
SKU0124,2025-11-29,40,21.647283014253034
SKU0124,2025-11-30,17,21.878447062027927
SKU0124,2025-12-01,8,23.45821077584691
SKU0124,2025-12-02,35,22.595163321144735
SKU0124,2025-12-03,13,22.502669248650967
SKU0124,2025-12-04,23,23.6436184931733
SKU0124,2025-12-05,20,22.678546669222502
SKU0124,2025-12-06,34,23.688470372494248
SKU0124,2025-12-07,36,24.169177906061652
SKU0124,2025-12-08,29,24.375400291482322
SKU0124,2025-12-09,31,24.6534926818173
SKU0124,2025-12-10,25,25.598211731968732
SKU0124,2025-12-11,32,26.041297932544918
SKU0124,2025-12-12,11,25.988459982913234
SKU0124,2025-12-13,25,27.018781610708686
SKU0124,2025-12-14,37,26.402340314547203
SKU0124,2025-12-15,15,26.763711544865163
SKU0124,2025-12-16,26,26.41236587050425
SKU0124,2025-12-17,29,27.115610931542996
SKU0124,2025-12-18,16,27.854266779206824
SKU0124,2025-12-19,30,27.34109073028333
SKU0124,2025-12-20,42,26.124473916741884
SKU0124,2025-12-21,30,26.103076016204223
SKU0124,2025-12-22,19,25.880000728562624
SKU0124,2025-12-23,23,27.106502379001608
SKU0124,2025-12-24,37,27.65767061317509
SKU0124,2025-12-25,26,27.059821981531616
SKU0124,2025-12-26,40,27.637052975941128
SKU0124,2025-12-27,55,27.437467378378628
SKU0124,2025-12-28,28,27.759759338059965
SKU0124,2025-12-29,13,27.55630441527348
SKU0124,2025-12-30,25,26.88496980267187
SKU0124,2025-12-31,33,27.137891150180426
SKU0128,2025-10-01,19,13.760893207692805
SKU0128,2025-10-02,11,13.627639478061743
SKU0128,2025-10-03,22,13.750453590396782
SKU0128,2025-10-04,13,14.027555416965386
SKU0128,2025-10-05,14,14.149990102982356
SKU0128,2025-10-06,5,14.02924415131109
SKU0128,2025-10-07,20,14.180006218784506
SKU0128,2025-10-08,16,13.711645843264245
SKU0128,2025-10-09,13,13.885494957858889
SKU0128,2025-10-10,9,13.83312698449558
SKU0128,2025-10-11,20,13.869843540282801
SKU0128,2025-10-12,24,13.887397683721307
SKU0128,2025-10-13,13,14.18673242906169
SKU0128,2025-10-14,10,13.998913700111695
SKU0128,2025-10-15,3,13.655048303063982
SKU0128,2025-10-16,9,13.445290544672863
SKU0128,2025-10-17,19,12.970627390511725
SKU0128,2025-10-18,15,12.789786242253879
SKU0128,2025-10-19,21,12.886147137231962
SKU0128,2025-10-20,19,13.10973481875584
SKU0128,2025-10-21,14,13.16870636803794
SKU0128,2025-10-22,14,13.268091740494707
SKU0128,2025-10-23,11,13.306291598490333
SKU0128,2025-10-24,6,13.146906218589256
SKU0128,2025-10-25,11,12.82811421468212
SKU0128,2025-10-26,18,12.509221570230867
SKU0128,2025-10-27,10,12.924541330407674
SKU0128,2025-10-28,5,12.76787438514089
SKU0128,2025-10-29,24,12.938170619875578
SKU0128,2025-10-30,28,13.45937279113736
SKU0128,2025-10-31,20,13.785013679325104
SKU0128,2025-11-01,21,15.130931066859096
SKU0128,2025-11-02,7,15.618185272954873
SKU0128,2025-11-03,14,15.732057787404203
SKU0128,2025-11-04,5,15.325301882100618
SKU0128,2025-11-05,11,15.014192243782448
SKU0128,2025-11-06,16,15.096315196452586
SKU0128,2025-11-07,1,14.716185332484073
SKU0128,2025-11-08,14,14.823367989977685
SKU0128,2025-11-09,6,14.956806808517284
SKU0128,2025-11-10,19,14.817618723159518
SKU0128,2025-11-11,8,14.70431147753556
SKU0128,2025-11-12,17,14.23501842125451
SKU0128,2025-11-13,16,14.091675058593495
SKU0128,2025-11-14,24,14.909382081696691
SKU0128,2025-11-15,19,15.654177933106896
SKU0128,2025-11-16,27,15.65479655830082
SKU0128,2025-11-17,9,16.545436587110107
SKU0128,2025-11-18,17,16.041879943671944
SKU0128,2025-11-19,19,15.667875288241998
SKU0128,2025-11-20,7,15.673895073547435
SKU0128,2025-11-21,11,15.654074228335293
SKU0128,2025-11-22,24,15.562676167793414
SKU0128,2025-11-23,6,15.679521366399866
SKU0128,2025-11-24,7,15.676021705736119
SKU0128,2025-11-25,19,15.625054163451969
SKU0128,2025-11-26,19,15.726840507044427
SKU0128,2025-11-27,16,15.973061475033157
SKU0128,2025-11-28,12,15.821979216861767
SKU0128,2025-11-29,16,15.705147376953569
SKU0128,2025-11-30,9,15.311055663828453
SKU0128,2025-12-01,20,15.715648119285508
SKU0128,2025-12-02,16,16.122072961476015
SKU0128,2025-12-03,14,16.58280875408353
SKU0128,2025-12-04,15,16.777321960515792
SKU0128,2025-12-05,20,16.874312293176747
SKU0128,2025-12-06,7,16.619997039659296
SKU0128,2025-12-07,27,16.83412393395938
SKU0128,2025-12-08,17,17.762799039639177
SKU0128,2025-12-09,16,17.84608594850045
SKU0128,2025-12-10,11,18.103859567406175
SKU0128,2025-12-11,11,17.685566291277773
SKU0128,2025-12-12,21,17.084891596551564
SKU0128,2025-12-13,18,17.661991608235724
SKU0128,2025-12-14,22,17.718490355049653
SKU0128,2025-12-15,14,18.564276800279124
SKU0128,2025-12-16,20,18.316677193770264
SKU0128,2025-12-17,17,18.784888660667292
SKU0128,2025-12-18,17,18.754271944444387
SKU0128,2025-12-19,21,18.301129670691108
SKU0128,2025-12-20,34,18.87720688926039
SKU0128,2025-12-21,19,19.441408612586837
SKU0128,2025-12-22,12,19.715202570283466
SKU0128,2025-12-23,26,19.76121399891196
SKU0128,2025-12-24,15,19.82334545080742
SKU0128,2025-12-25,23,19.99722280719656
SKU0128,2025-12-26,32,19.956066362819385
SKU0128,2025-12-27,28,20.558713762205667
SKU0128,2025-12-28,17,20.459381517513332
SKU0128,2025-12-29,17,20.59995643745457
SKU0128,2025-12-30,12,20.49998326185172
SKU0128,2025-12-31,31,20.30542434906602
SKU0133,2025-10-01,10,9.432759752963893
SKU0133,2025-10-02,7,9.383498266888136
SKU0133,2025-10-03,12,9.427064218812605
SKU0133,2025-10-04,12,9.290230295039331
SKU0133,2025-10-05,11,9.492898299982526
SKU0133,2025-10-06,3,9.497610804291243
SKU0133,2025-10-07,17,9.3299951533868
SKU0133,2025-10-08,9,9.45277040762477
SKU0133,2025-10-09,4,9.416056688193828
SKU0133,2025-10-10,6,9.557506698768567
SKU0133,2025-10-11,10,9.486736279792991
SKU0133,2025-10-12,9,9.13336049927031
SKU0133,2025-10-13,8,9.092517031531164
SKU0133,2025-10-14,11,9.145927124654515
SKU0133,2025-10-15,3,9.13835267569282
SKU0133,2025-10-16,10,9.152407913747174
SKU0133,2025-10-17,8,9.149123065254527
SKU0133,2025-10-18,9,9.101627397957996
SKU0133,2025-10-19,9,9.118161731930583
SKU0133,2025-10-20,15,8.851667067895363
SKU0133,2025-10-21,7,9.331631280660552
SKU0133,2025-10-22,6,9.101575247032635
SKU0133,2025-10-23,10,8.901987741449979
SKU0133,2025-10-24,11,8.975790990626372
SKU0133,2025-10-25,2,9.120309942983457
SKU0133,2025-10-26,15,9.010476677430363
SKU0133,2025-10-27,7,9.055490659846678
SKU0133,2025-10-28,4,8.765804420983573
SKU0133,2025-10-29,10,8.603062274677697
SKU0133,2025-10-30,7,8.698127671181016
SKU0133,2025-10-31,7,8.672636163934829
SKU0133,2025-11-01,10,9.29206745158374
SKU0133,2025-11-02,7,9.4064492854901
SKU0133,2025-11-03,11,9.294115310286145
SKU0133,2025-11-04,12,9.319885468024022
SKU0133,2025-11-05,10,9.530595196934723
SKU0133,2025-11-06,8,9.791437595756049
SKU0133,2025-11-07,13,9.499235571471779
SKU0133,2025-11-08,7,9.604270348160219
SKU0133,2025-11-09,12,9.812168343540414
SKU0133,2025-11-10,6,9.913098040491377
SKU0133,2025-11-11,11,9.219278605713374
SKU0133,2025-11-12,6,9.744083541289204
SKU0133,2025-11-13,13,9.436189993721698
SKU0133,2025-11-14,3,9.527570099781208
SKU0133,2025-11-15,8,9.32230425581343
SKU0133,2025-11-16,8,9.369104437654622
SKU0133,2025-11-17,8,9.348807683395005
SKU0133,2025-11-18,4,9.288137625788071
SKU0133,2025-11-19,3,9.361668755087717
SKU0133,2025-11-20,12,8.927205690376399
SKU0133,2025-11-21,6,9.21867385906064
SKU0133,2025-11-22,11,9.22800400183018
SKU0133,2025-11-23,15,9.353623354023622
SKU0133,2025-11-24,18,9.633301038795217
SKU0133,2025-11-25,4,9.967434580549265
SKU0133,2025-11-26,10,9.524852738245292
SKU0133,2025-11-27,12,9.506719677115207
SKU0133,2025-11-28,20,9.93455798974817
SKU0133,2025-11-29,23,10.078176028937683
SKU0133,2025-11-30,12,11.140724907155713
SKU0133,2025-12-01,20,11.877944646211487
SKU0133,2025-12-02,13,11.377247370078305
SKU0133,2025-12-03,13,11.902048719784746
SKU0133,2025-12-04,19,12.241419896612062
SKU0133,2025-12-05,11,11.969047009134297
SKU0133,2025-12-06,10,12.164289478000688
SKU0133,2025-12-07,12,12.060842525320124
SKU0133,2025-12-08,7,11.981648045024688
SKU0133,2025-12-09,19,11.805639272331685
SKU0133,2025-12-10,21,12.3836338565091
SKU0133,2025-12-11,16,13.343522192638186
SKU0133,2025-12-12,20,13.45159406230993
SKU0133,2025-12-13,14,13.416754775763376
SKU0133,2025-12-14,13,14.21335287251505
SKU0133,2025-12-15,16,14.112752753162107
SKU0133,2025-12-16,9,14.134001046000972
SKU0133,2025-12-17,19,13.962546459038661
SKU0133,2025-12-18,18,14.064423561406798
SKU0133,2025-12-19,10,14.322640285231989
SKU0133,2025-12-20,21,14.968090253187
SKU0133,2025-12-21,26,14.871839425427462
SKU0133,2025-12-22,20,14.937023951223479
SKU0133,2025-12-23,15,15.418452200218915
SKU0133,2025-12-24,13,15.719183097889012
SKU0133,2025-12-25,13,15.786173647567958
SKU0133,2025-12-26,15,15.854877518938803
SKU0133,2025-12-27,15,15.855874244597373
SKU0133,2025-12-28,30,15.935613786197168
SKU0133,2025-12-29,14,15.585605703232487
SKU0133,2025-12-30,10,16.205194828393093
SKU0133,2025-12-31,13,16.097735045313595
SKU0134,2025-10-01,16,18.524048029880188
SKU0134,2025-10-02,13,18.231499794150746
SKU0134,2025-10-03,22,18.761039794757234
SKU0134,2025-10-04,7,18.5077499643818
SKU0134,2025-10-05,7,18.456879563494894
SKU0134,2025-10-06,12,17.165964243061453
SKU0134,2025-10-07,3,16.932892649172143
SKU0134,2025-10-08,25,16.651515358704064
SKU0134,2025-10-09,18,17.66221632759993
SKU0134,2025-10-10,40,17.971083797304235
SKU0134,2025-10-11,16,17.975450639936696
SKU0134,2025-10-12,41,17.658458393970612
SKU0134,2025-10-13,8,18.38715224144332
SKU0134,2025-10-14,16,18.0003407252078
SKU0134,2025-10-15,30,17.55414938117325
SKU0134,2025-10-16,20,17.66935769618055
SKU0134,2025-10-17,25,17.26382596101335
SKU0134,2025-10-18,25,17.76602040772892
SKU0134,2025-10-19,19,17.921891097650185
SKU0134,2025-10-20,27,17.14594236161021
SKU0134,2025-10-21,22,17.845648767394945
SKU0134,2025-10-22,26,18.223711139803903
SKU0134,2025-10-23,19,18.069498237334056
SKU0134,2025-10-24,16,17.45473413444662
SKU0134,2025-10-25,14,18.497696545363855
SKU0134,2025-10-26,25,17.881694845807697
SKU0134,2025-10-27,20,18.945127651889848
SKU0134,2025-10-28,17,18.4566950228367
SKU0134,2025-10-29,29,18.31261177346195
SKU0134,2025-10-30,27,18.667847725885782
SKU0134,2025-10-31,31,18.471337943888507
SKU0134,2025-11-01,15,19.329457220605608
SKU0134,2025-11-02,20,21.779589680901402
SKU0134,2025-11-03,23,19.361923981858236
SKU0134,2025-11-04,18,20.11305845335336
SKU0134,2025-11-05,13,22.126921805045278
SKU0134,2025-11-06,34,22.135813935929384
SKU0134,2025-11-07,17,23.297495005687676
SKU0134,2025-11-08,44,22.26631786644192
SKU0134,2025-11-09,15,21.149027303910053
SKU0134,2025-11-10,13,21.014117279737306
SKU0134,2025-11-11,15,21.813108410832207
SKU0134,2025-11-12,23,20.768305583989395
SKU0134,2025-11-13,24,22.47794294450513
SKU0134,2025-11-14,21,21.835999686186646
SKU0134,2025-11-15,30,23.08938286764005
SKU0134,2025-11-16,25,21.952241880042806
SKU0134,2025-11-17,18,21.69052881099418
SKU0134,2025-11-18,23,23.567239989668938
SKU0134,2025-11-19,19,23.510427770666816
SKU0134,2025-11-20,35,23.20698601580689
SKU0134,2025-11-21,19,23.070668943806183
SKU0134,2025-11-22,21,23.392381380905398
SKU0134,2025-11-23,21,23.50214237916247
SKU0134,2025-11-24,33,23.265648307771713
SKU0134,2025-11-25,28,23.13551796515374
SKU0134,2025-11-26,13,22.982563308282028
SKU0134,2025-11-27,30,24.77780550189897
SKU0134,2025-11-28,19,22.86104600780785
SKU0134,2025-11-29,20,24.342037926101003
SKU0134,2025-11-30,29,24.237329002135944
SKU0134,2025-12-01,19,25.237273907548246
SKU0134,2025-12-02,28,24.662728886358995
SKU0134,2025-12-03,25,25.485999811702587
SKU0134,2025-12-04,11,26.06950834356129
SKU0134,2025-12-05,43,27.236521125294896
SKU0134,2025-12-06,23,27.070154524411617
SKU0134,2025-12-07,24,26.406465862206133
SKU0134,2025-12-08,31,25.403368900364285
SKU0134,2025-12-09,24,27.437066443458818
SKU0134,2025-12-10,16,27.687477245680224
SKU0134,2025-12-11,28,27.25981952215737
SKU0134,2025-12-12,38,27.59817161506465
SKU0134,2025-12-13,40,27.371110104237694
SKU0134,2025-12-14,33,26.75638530827136
SKU0134,2025-12-15,25,26.614423872150336
SKU0134,2025-12-16,31,27.126413605783252
SKU0134,2025-12-17,39,27.761106170233422
SKU0134,2025-12-18,31,27.12295659627966
SKU0134,2025-12-19,21,27.27312207615648
SKU0134,2025-12-20,16,27.109877396435362
SKU0134,2025-12-21,28,27.516249403517392
SKU0134,2025-12-22,27,26.493231471471788
SKU0134,2025-12-23,17,27.448119231051727
SKU0134,2025-12-24,14,28.26513775774672
SKU0134,2025-12-25,28,28.195868350505865
SKU0134,2025-12-26,33,27.206015011522677
SKU0134,2025-12-27,37,27.228159429483522
SKU0134,2025-12-28,21,27.877128415914083
SKU0134,2025-12-29,32,27.774376039742204
SKU0134,2025-12-30,34,27.14511021809465
SKU0134,2025-12-31,31,27.529427306746918
SKU0136,2025-10-01,11,15.43869811052936
SKU0136,2025-10-02,11,15.744500532197206
SKU0136,2025-10-03,7,15.537909117952271
SKU0136,2025-10-04,6,15.327447958259368
SKU0136,2025-10-05,5,14.66299329840449
SKU0136,2025-10-06,29,14.87495629515223
SKU0136,2025-10-07,8,15.298617458346774
SKU0136,2025-10-08,27,15.516999133828314
SKU0136,2025-10-09,11,15.352766347434471
SKU0136,2025-10-10,10,15.505706598323773
SKU0136,2025-10-11,0,15.696030538532732
SKU0136,2025-10-12,16,15.466374655682603
SKU0136,2025-10-13,13,15.479371895610234
SKU0136,2025-10-14,15,15.692114644943711
SKU0136,2025-10-15,23,15.744918859601361
SKU0136,2025-10-16,22,15.002872182692391
SKU0136,2025-10-17,11,15.188287293293758
SKU0136,2025-10-18,9,15.429200268799509
SKU0136,2025-10-19,19,15.565631859899595
SKU0136,2025-10-20,2,14.947727621817634
SKU0136,2025-10-21,1,15.453656443267949
SKU0136,2025-10-22,24,14.399324527682422
SKU0136,2025-10-23,21,14.835633936337619
SKU0136,2025-10-24,14,15.069590649214513
SKU0136,2025-10-25,3,14.908811150907997
SKU0136,2025-10-26,24,14.897961359156854
SKU0136,2025-10-27,14,14.709228292809504
SKU0136,2025-10-28,9,14.810415291412873
SKU0136,2025-10-29,11,14.55064335108902
SKU0136,2025-10-30,13,14.722543312387947
SKU0136,2025-10-31,16,14.537922878870123
SKU0136,2025-11-01,20,15.466518992214379
SKU0136,2025-11-02,14,15.624875507783058
SKU0136,2025-11-03,16,15.660713896310751
SKU0136,2025-11-04,23,15.757693400841964
SKU0136,2025-11-05,17,15.951533339613407
SKU0136,2025-11-06,19,16.010103393393354
SKU0136,2025-11-07,18,16.204784861025146
SKU0136,2025-11-08,14,15.870808611200548
SKU0136,2025-11-09,19,15.978908190813168
SKU0136,2025-11-10,17,15.898541216292923
SKU0136,2025-11-11,21,16.666395459455103
SKU0136,2025-11-12,19,17.291947677604192
SKU0136,2025-11-13,13,17.935394926048883
SKU0136,2025-11-14,18,17.30625994248196
SKU0136,2025-11-15,23,16.949173425056866
SKU0136,2025-11-16,11,17.70648555061246
SKU0136,2025-11-17,6,17.545339886713222
SKU0136,2025-11-18,18,16.63270748892379
SKU0136,2025-11-19,24,16.705816882005895
SKU0136,2025-11-20,12,16.957287576487335
SKU0136,2025-11-21,22,17.42057067161108
SKU0136,2025-11-22,21,17.18221404057995
SKU0136,2025-11-23,15,17.39490916990034
SKU0136,2025-11-24,16,17.38461735933015
SKU0136,2025-11-25,16,17.672674366708698
SKU0136,2025-11-26,17,17.29675458597004
SKU0136,2025-11-27,14,17.2697067196068
SKU0136,2025-11-28,18,17.10909815623719
SKU0136,2025-11-29,17,17.03261828777586
SKU0136,2025-11-30,30,17.50917224965907
SKU0136,2025-12-01,17,18.773527325620734
SKU0136,2025-12-02,17,19.090046932812044
SKU0136,2025-12-03,19,19.031994041339715
SKU0136,2025-12-04,21,19.365887161220982
SKU0136,2025-12-05,18,19.817070387268913
SKU0136,2025-12-06,20,19.166638012823025
SKU0136,2025-12-07,24,19.958577310080805
SKU0136,2025-12-08,17,19.692272531175192
SKU0136,2025-12-09,11,19.95676208921798
SKU0136,2025-12-10,30,20.413382862273533
SKU0136,2025-12-11,27,20.189170885871906
SKU0136,2025-12-12,20,20.948581006369174
SKU0136,2025-12-13,8,20.821178175633538
SKU0136,2025-12-14,21,21.000227948091165
SKU0136,2025-12-15,19,20.782304040708077
SKU0136,2025-12-16,10,20.532865870216554
SKU0136,2025-12-17,29,21.06468495674872
SKU0136,2025-12-18,22,20.477273676388986
SKU0136,2025-12-19,28,20.97071089531675
SKU0136,2025-12-20,35,21.63154904084231
SKU0136,2025-12-21,19,21.600302887798343
SKU0136,2025-12-22,26,22.17892878945332
SKU0136,2025-12-23,40,21.841727938547574
SKU0136,2025-12-24,22,22.47638572038595
SKU0136,2025-12-25,18,23.053324473509026
SKU0136,2025-12-26,30,23.326768488591874
SKU0136,2025-12-27,31,23.714587426314647
SKU0136,2025-12-28,31,23.491493268118905
SKU0136,2025-12-29,15,23.02994111257988
SKU0136,2025-12-30,19,24.398973830109558
SKU0136,2025-12-31,32,23.757675935015815
SKU0144,2025-10-01,21,16.745561745005034
SKU0144,2025-10-02,3,17.144313304154114
SKU0144,2025-10-03,10,16.942075565614317
SKU0144,2025-10-04,30,16.872715685656807
SKU0144,2025-10-05,15,17.07354904907961
SKU0144,2025-10-06,24,16.555416277408895
SKU0144,2025-10-07,16,16.40968737335368
SKU0144,2025-10-08,21,16.673605630237212
SKU0144,2025-10-09,17,17.11953556005198
SKU0144,2025-10-10,15,17.29186813800881
SKU0144,2025-10-11,13,17.556794586132323
SKU0144,2025-10-12,17,17.267996540916265
SKU0144,2025-10-13,18,16.877775354686715
SKU0144,2025-10-14,16,16.69686746720053
SKU0144,2025-10-15,9,16.715389573237694
SKU0144,2025-10-16,22,17.60953937425303
SKU0144,2025-10-17,22,16.664490823088943
SKU0144,2025-10-18,21,16.488197578561348
SKU0144,2025-10-19,11,16.55343338322334
SKU0144,2025-10-20,26,16.443757403010746
SKU0144,2025-10-21,19,16.11875166404448
SKU0144,2025-10-22,11,16.064721072079745
SKU0144,2025-10-23,7,16.729117682006404
SKU0144,2025-10-24,22,16.961641617071496
SKU0144,2025-10-25,27,16.473064794958354
SKU0144,2025-10-26,17,16.077348352278207
SKU0144,2025-10-27,9,16.85283317736974
SKU0144,2025-10-28,23,17.168323922287875
SKU0144,2025-10-29,28,16.628989547851937
SKU0144,2025-10-30,10,17.256275546744966
SKU0144,2025-10-31,28,17.384179815289393
SKU0144,2025-11-01,17,18.42180720739747
SKU0144,2025-11-02,18,18.248676740110557
SKU0144,2025-11-03,18,18.137685053090465
SKU0144,2025-11-04,22,18.49930094386691
SKU0144,2025-11-05,18,18.572576321399424
SKU0144,2025-11-06,24,18.398724251871027
SKU0144,2025-11-07,17,18.943629528401523
SKU0144,2025-11-08,12,18.24566342837133
SKU0144,2025-11-09,10,18.89755616574069
SKU0144,2025-11-10,11,19.005443418606035
SKU0144,2025-11-11,20,18.40165611943154
SKU0144,2025-11-12,19,17.975935774940332
SKU0144,2025-11-13,24,18.70184190983597
SKU0144,2025-11-14,36,18.37598170333371
SKU0144,2025-11-15,28,19.79563276893056
SKU0144,2025-11-16,9,20.112808924745206
SKU0144,2025-11-17,14,21.19443157826333
SKU0144,2025-11-18,29,19.77633881185773
SKU0144,2025-11-19,28,20.430816914460852
SKU0144,2025-11-20,16,20.50186581421818
SKU0144,2025-11-21,23,20.599920019080987
SKU0144,2025-11-22,34,21.06391896000511
SKU0144,2025-11-23,7,20.79468708136257
SKU0144,2025-11-24,20,21.63530505513147
SKU0144,2025-11-25,29,20.835679869930626
SKU0144,2025-11-26,33,21.267169169360574
SKU0144,2025-11-27,16,21.331268056480813
SKU0144,2025-11-28,29,21.552803097225343
SKU0144,2025-11-29,20,21.552020212104715
SKU0144,2025-11-30,24,22.12816353559539
SKU0144,2025-12-01,24,22.61302652329702
SKU0144,2025-12-02,16,23.656259038072996
SKU0144,2025-12-03,18,23.288600211522688
SKU0144,2025-12-04,18,23.41148889827477
SKU0144,2025-12-05,17,22.773772879019766
SKU0144,2025-12-06,20,22.1649825242224
SKU0144,2025-12-07,27,22.43001052296655
SKU0144,2025-12-08,18,23.27977991971957
SKU0144,2025-12-09,34,23.091776811007808
SKU0144,2025-12-10,26,24.22127184483604
SKU0144,2025-12-11,37,25.67350842529381
SKU0144,2025-12-12,38,25.870173798246025
SKU0144,2025-12-13,29,25.55237611332691
SKU0144,2025-12-14,47,26.174685440294045
SKU0144,2025-12-15,19,27.28149041833143
SKU0144,2025-12-16,22,26.60686797923193
SKU0144,2025-12-17,24,26.50348840834927
SKU0144,2025-12-18,25,27.826456661139346
SKU0144,2025-12-19,30,27.775711437064317
SKU0144,2025-12-20,13,27.127644145766528
SKU0144,2025-12-21,27,26.89697064516482
SKU0144,2025-12-22,22,26.732269999827164
SKU0144,2025-12-23,17,25.929746078583122
SKU0144,2025-12-24,43,27.115553224583316
SKU0144,2025-12-25,40,27.362167482770367
SKU0144,2025-12-26,29,27.557133702051733
SKU0144,2025-12-27,14,27.327630566900254
SKU0144,2025-12-28,15,27.997224622074388
SKU0144,2025-12-29,35,27.955766900778734
SKU0144,2025-12-30,20,27.47327740440381
SKU0144,2025-12-31,52,27.857153177340802
SKU0147,2025-10-01,11,12.67484916407435
SKU0147,2025-10-02,23,12.592395311569154
SKU0147,2025-10-03,16,12.672523374697553
SKU0147,2025-10-04,15,12.749079603714794
SKU0147,2025-10-05,19,12.861781528906867
SKU0147,2025-10-06,14,12.806626480518574
SKU0147,2025-10-07,11,13.007105167765182
SKU0147,2025-10-08,18,12.9115845232652
SKU0147,2025-10-09,23,12.599730586677662
SKU0147,2025-10-10,11,12.988511608788151
SKU0147,2025-10-11,12,13.545398764832372
SKU0147,2025-10-12,12,13.458575623458177
SKU0147,2025-10-13,9,13.300190494189966
SKU0147,2025-10-14,15,13.228505888027104
SKU0147,2025-10-15,22,12.85857937780913
SKU0147,2025-10-16,3,13.190668700965867
SKU0147,2025-10-17,9,12.980201261424973
SKU0147,2025-10-18,18,12.608442974387927
SKU0147,2025-10-19,8,12.684550215248665
SKU0147,2025-10-20,11,12.635675324786666
SKU0147,2025-10-21,14,12.246508823853869
SKU0147,2025-10-22,25,12.532379472306461
SKU0147,2025-10-23,11,12.65232050344049
SKU0147,2025-10-24,5,12.799543301724437
SKU0147,2025-10-25,25,12.325079849758216
SKU0147,2025-10-26,5,12.860358736843988
SKU0147,2025-10-27,11,12.985399482044063
SKU0147,2025-10-28,27,12.76991254813988
SKU0147,2025-10-29,14,13.150713110971791
SKU0147,2025-10-30,27,13.587531441042078
SKU0147,2025-10-31,10,13.599699742945283
SKU0147,2025-11-01,2,15.404506515962
SKU0147,2025-11-02,9,14.674546507369936
SKU0147,2025-11-03,9,14.572942536342408
SKU0147,2025-11-04,16,14.573274852199358
SKU0147,2025-11-05,15,14.018832354056986
SKU0147,2025-11-06,7,14.495482774688002
SKU0147,2025-11-07,8,14.75917721135934
SKU0147,2025-11-08,24,14.076377719296847
SKU0147,2025-11-09,26,14.116720422694067
SKU0147,2025-11-10,21,14.750800698982912
SKU0147,2025-11-11,20,14.90222390833284
SKU0147,2025-11-12,25,15.937951465329597
SKU0147,2025-11-13,17,16.56716430020848
SKU0147,2025-11-14,12,16.370494479406013
SKU0147,2025-11-15,8,16.613262743905672
SKU0147,2025-11-16,14,16.082759136494555
SKU0147,2025-11-17,7,15.8726965061804
SKU0147,2025-11-18,17,15.323036467206725
SKU0147,2025-11-19,7,15.580912824163567
SKU0147,2025-11-20,22,15.44444564075262
SKU0147,2025-11-21,12,16.14158034910109
SKU0147,2025-11-22,8,15.454405550849222
SKU0147,2025-11-23,20,15.1702446807124
SKU0147,2025-11-24,29,15.485831823175722
SKU0147,2025-11-25,24,15.697786142354815
SKU0147,2025-11-26,18,17.48344016347038
SKU0147,2025-11-27,12,17.6010254288411
SKU0147,2025-11-28,12,17.651983072174666
SKU0147,2025-11-29,20,17.429124112248623
SKU0147,2025-11-30,18,16.90914551620213
SKU0147,2025-12-01,20,18.106010225945184
SKU0147,2025-12-02,27,18.23742249235746
SKU0147,2025-12-03,17,18.952386026114937
SKU0147,2025-12-04,27,19.061584995135117
SKU0147,2025-12-05,22,19.232545174648116
SKU0147,2025-12-06,24,19.34364343588024
SKU0147,2025-12-07,25,19.590093147093278
SKU0147,2025-12-08,15,19.578791908098605
SKU0147,2025-12-09,14,19.71016766244176
SKU0147,2025-12-10,21,19.981553014790553
SKU0147,2025-12-11,34,19.82895051392146
SKU0147,2025-12-12,18,20.171349843533395
SKU0147,2025-12-13,20,19.971177974600682
SKU0147,2025-12-14,14,19.917234049568325
SKU0147,2025-12-15,17,20.46185707643669
SKU0147,2025-12-16,14,20.05156714546097
SKU0147,2025-12-17,30,20.612302731934864
SKU0147,2025-12-18,15,20.237779342483776
SKU0147,2025-12-19,29,20.846155256283986
SKU0147,2025-12-20,19,19.87538273555409
SKU0147,2025-12-21,14,20.007648948198412
SKU0147,2025-12-22,15,20.923910171927144
SKU0147,2025-12-23,19,20.91365555145602
SKU0147,2025-12-24,18,20.678769858334867
SKU0147,2025-12-25,33,20.19099263600967
SKU0147,2025-12-26,30,21.242328695341826
SKU0147,2025-12-27,26,21.63915160455152
SKU0147,2025-12-28,10,21.350836820532344
SKU0147,2025-12-29,20,22.058197987007834
SKU0147,2025-12-30,19,21.126593081074734
SKU0147,2025-12-31,26,20.774834774745052
SKU0150,2025-10-01,14,9.994713113829677
SKU0150,2025-10-02,10,10.117459146084986
SKU0150,2025-10-03,10,10.306745739331266
SKU0150,2025-10-04,14,10.336862251216147
SKU0150,2025-10-05,14,10.478407283303666
SKU0150,2025-10-06,1,10.214158640765161
SKU0150,2025-10-07,14,10.344505525069701
SKU0150,2025-10-08,3,10.225421742784722
SKU0150,2025-10-09,13,10.216456384522372
SKU0150,2025-10-10,4,10.14760710408602
SKU0150,2025-10-11,12,10.364781124557453
SKU0150,2025-10-12,14,10.05144371237903
SKU0150,2025-10-13,9,10.147837566757289
SKU0150,2025-10-14,5,10.341794937608329
SKU0150,2025-10-15,10,10.06703592251728
SKU0150,2025-10-16,4,9.967742322441431
SKU0150,2025-10-17,6,9.788230159691695
SKU0150,2025-10-18,18,9.941509614241482
SKU0150,2025-10-19,6,10.042352345344646
SKU0150,2025-10-20,18,9.80399933135647
SKU0150,2025-10-21,10,10.157508089315684
SKU0150,2025-10-22,16,9.909402154128456
SKU0150,2025-10-23,13,10.00401812558438
SKU0150,2025-10-24,14,9.927570145569087
SKU0150,2025-10-25,17,9.99524791881292
SKU0150,2025-10-26,3,10.266390344918085
SKU0150,2025-10-27,9,10.293119093624805
SKU0150,2025-10-28,20,10.148077160242273
SKU0150,2025-10-29,15,10.292436008247181
SKU0150,2025-10-30,8,10.197002858535777
SKU0150,2025-10-31,8,10.357889124677657
SKU0150,2025-11-01,2,11.183407024398575
SKU0150,2025-11-02,14,10.783391140384055
SKU0150,2025-11-03,14,10.773818177561687
SKU0150,2025-11-04,19,11.020153201057436
SKU0150,2025-11-05,13,11.035249551854813
SKU0150,2025-11-06,7,11.608456690970785
SKU0150,2025-11-07,9,11.600905127483381
SKU0150,2025-11-08,9,11.80585426602401
SKU0150,2025-11-09,7,11.496344270608958
SKU0150,2025-11-10,15,11.309925138459258
SKU0150,2025-11-11,15,11.85494630512879
SKU0150,2025-11-12,15,11.862408131631696
SKU0150,2025-11-13,12,12.178339942298539
SKU0150,2025-11-14,10,12.525902773604388
SKU0150,2025-11-15,3,12.368290022566711
SKU0150,2025-11-16,12,12.293444891078556
SKU0150,2025-11-17,19,12.743417180080751
SKU0150,2025-11-18,10,12.42331791181847
SKU0150,2025-11-19,8,12.939652623849238
SKU0150,2025-11-20,9,12.785911566050258
SKU0150,2025-11-21,13,12.825910899997929
SKU0150,2025-11-22,6,12.705178066638656
SKU0150,2025-11-23,7,12.511215160946907
SKU0150,2025-11-24,15,11.646844311890844
SKU0150,2025-11-25,13,11.814625679942242
SKU0150,2025-11-26,11,12.60557425767966
SKU0150,2025-11-27,20,12.79717499429152
SKU0150,2025-11-28,8,12.78139941934589
SKU0150,2025-11-29,16,11.87481242679034
SKU0150,2025-11-30,11,12.42861466484982
SKU0150,2025-12-01,9,13.098708682868066
SKU0150,2025-12-02,23,13.201900271164915
SKU0150,2025-12-03,12,13.725998442442695
SKU0150,2025-12-04,12,13.371000974455512
SKU0150,2025-12-05,16,13.579307672088214
SKU0150,2025-12-06,13,13.427912903807364
SKU0150,2025-12-07,11,13.7342791794976
SKU0150,2025-12-08,16,13.943348606066467
SKU0150,2025-12-09,15,13.54732743773883
SKU0150,2025-12-10,5,14.187613203550383
SKU0150,2025-12-11,12,14.07688055592878
SKU0150,2025-12-12,18,13.959349905300554
SKU0150,2025-12-13,21,13.871217300509935
SKU0150,2025-12-14,17,14.58743526066147
SKU0150,2025-12-15,25,14.433456533717594
SKU0150,2025-12-16,20,15.046467189744936
SKU0150,2025-12-17,19,15.531969535911317
SKU0150,2025-12-18,20,15.67615673220867
SKU0150,2025-12-19,26,15.805438926266003
SKU0150,2025-12-20,21,16.501976823455824
SKU0150,2025-12-21,14,16.74123399255975
SKU0150,2025-12-22,10,16.369027541259577
SKU0150,2025-12-23,21,16.581722758868086
SKU0150,2025-12-24,14,16.519955093344784
SKU0150,2025-12-25,13,16.668458832152933
SKU0150,2025-12-26,17,16.626726085221765
SKU0150,2025-12-27,12,16.857924775569398
SKU0150,2025-12-28,25,16.659891275540918
SKU0150,2025-12-29,13,16.84171317169698
SKU0150,2025-12-30,15,16.945613250131426
SKU0150,2025-12-31,20,17.077762414008824
SKU0025,2025-10-01,5,12.0
SKU0025,2025-10-02,13,14.0
SKU0025,2025-10-03,9,8.0
SKU0025,2025-10-04,4,2.0
SKU0025,2025-10-05,7,5.0
SKU0025,2025-10-06,17,6.0
SKU0025,2025-10-07,11,7.0
SKU0025,2025-10-08,4,11.0
SKU0025,2025-10-09,23,8.0
SKU0025,2025-10-10,2,8.0
SKU0025,2025-10-11,19,7.0
SKU0025,2025-10-12,19,1.0
SKU0025,2025-10-13,7,12.0
SKU0025,2025-10-14,13,9.0
SKU0025,2025-10-15,11,11.0
SKU0025,2025-10-16,14,26.0
SKU0025,2025-10-17,8,13.0
SKU0025,2025-10-18,9,9.0
SKU0025,2025-10-19,13,7.0
SKU0025,2025-10-20,9,18.0
SKU0025,2025-10-21,17,3.0
SKU0025,2025-10-22,8,8.0
SKU0025,2025-10-23,8,10.0
SKU0025,2025-10-24,8,5.0
SKU0025,2025-10-25,2,3.0
SKU0025,2025-10-26,12,7.0
SKU0025,2025-10-27,15,8.0
SKU0025,2025-10-28,16,12.0
SKU0025,2025-10-29,6,18.0
SKU0025,2025-10-30,4,14.0
SKU0025,2025-10-31,7,6.0
SKU0025,2025-11-01,10,22.0
SKU0025,2025-11-02,14,2.0
SKU0025,2025-11-03,8,9.0
SKU0025,2025-11-04,12,9.0
SKU0025,2025-11-05,15,4.0
SKU0025,2025-11-06,12,16.0
SKU0025,2025-11-07,13,14.0
SKU0025,2025-11-08,7,6.0
SKU0025,2025-11-09,17,9.0
SKU0025,2025-11-10,5,15.0
SKU0025,2025-11-11,14,6.0
SKU0025,2025-11-12,16,9.0
SKU0025,2025-11-13,15,22.0
SKU0025,2025-11-14,14,12.0
SKU0025,2025-11-15,17,16.0
SKU0025,2025-11-16,13,11.0
SKU0025,2025-11-17,9,15.0
SKU0025,2025-11-18,3,16.0
SKU0025,2025-11-19,14,11.0
SKU0025,2025-11-20,15,11.0
SKU0025,2025-11-21,12,12.0
SKU0025,2025-11-22,16,15.0
SKU0025,2025-11-23,13,16.0
SKU0025,2025-11-24,14,10.0
SKU0025,2025-11-25,11,12.0
SKU0025,2025-11-26,7,11.0
SKU0025,2025-11-27,15,9.0
SKU0025,2025-11-28,10,13.0
SKU0025,2025-11-29,14,10.0
SKU0025,2025-11-30,12,21.0
SKU0025,2025-12-01,21,17.0
SKU0025,2025-12-02,10,13.0
SKU0025,2025-12-03,7,14.0
SKU0025,2025-12-04,8,12.0
SKU0025,2025-12-05,15,18.0
SKU0025,2025-12-06,24,19.0
SKU0025,2025-12-07,8,6.0
SKU0025,2025-12-08,19,7.0
SKU0025,2025-12-09,23,13.0
SKU0025,2025-12-10,10,17.0
SKU0025,2025-12-11,14,14.0
SKU0025,2025-12-12,11,18.0
SKU0025,2025-12-13,11,8.0
SKU0025,2025-12-14,14,15.0
SKU0025,2025-12-15,15,17.0
SKU0025,2025-12-16,15,8.0
SKU0025,2025-12-17,19,14.0
SKU0025,2025-12-18,22,18.0
SKU0025,2025-12-19,22,13.0
SKU0025,2025-12-20,7,18.0
SKU0025,2025-12-21,19,23.0
SKU0025,2025-12-22,9,9.0
SKU0025,2025-12-23,14,11.0
SKU0025,2025-12-24,19,23.0
SKU0025,2025-12-25,14,26.0
SKU0025,2025-12-26,9,16.0
SKU0025,2025-12-27,11,15.0
SKU0025,2025-12-28,25,21.0
SKU0025,2025-12-29,9,14.0
SKU0025,2025-12-30,8,15.0
SKU0025,2025-12-31,27,14.0
SKU0047,2025-10-01,12,9.0
SKU0047,2025-10-02,25,14.0
SKU0047,2025-10-03,14,5.0
SKU0047,2025-10-04,14,7.0
SKU0047,2025-10-05,8,30.0
SKU0047,2025-10-06,1,14.0
SKU0047,2025-10-07,6,11.0
SKU0047,2025-10-08,22,3.0
SKU0047,2025-10-09,10,17.0
SKU0047,2025-10-10,12,14.0
SKU0047,2025-10-11,17,5.0
SKU0047,2025-10-12,11,17.0
SKU0047,2025-10-13,8,17.0
SKU0047,2025-10-14,11,13.0
SKU0047,2025-10-15,14,14.0
SKU0047,2025-10-16,9,22.0
SKU0047,2025-10-17,10,11.0
SKU0047,2025-10-18,29,5.0
SKU0047,2025-10-19,19,8.0
SKU0047,2025-10-20,10,10.0
SKU0047,2025-10-21,9,13.0
SKU0047,2025-10-22,10,11.0
SKU0047,2025-10-23,17,3.0
SKU0047,2025-10-24,16,20.0
SKU0047,2025-10-25,15,24.0
SKU0047,2025-10-26,14,9.0
SKU0047,2025-10-27,17,25.0
SKU0047,2025-10-28,18,4.0
SKU0047,2025-10-29,5,20.0
SKU0047,2025-10-30,14,17.0
SKU0047,2025-10-31,10,1.0
SKU0047,2025-11-01,19,10.0
SKU0047,2025-11-02,14,13.0
SKU0047,2025-11-03,15,8.0
SKU0047,2025-11-04,11,13.0
SKU0047,2025-11-05,12,5.0
SKU0047,2025-11-06,9,14.0
SKU0047,2025-11-07,11,7.0
SKU0047,2025-11-08,11,15.0
SKU0047,2025-11-09,20,5.0
SKU0047,2025-11-10,23,11.0
SKU0047,2025-11-11,19,14.0
SKU0047,2025-11-12,17,17.0
SKU0047,2025-11-13,12,7.0
SKU0047,2025-11-14,10,16.0
SKU0047,2025-11-15,20,7.0
SKU0047,2025-11-16,12,10.0
SKU0047,2025-11-17,13,11.0
SKU0047,2025-11-18,13,12.0
SKU0047,2025-11-19,23,10.0
SKU0047,2025-11-20,19,13.0
SKU0047,2025-11-21,10,15.0
SKU0047,2025-11-22,16,12.0
SKU0047,2025-11-23,20,16.0
SKU0047,2025-11-24,21,10.0
SKU0047,2025-11-25,11,17.0
SKU0047,2025-11-26,28,14.0
SKU0047,2025-11-27,25,9.0
SKU0047,2025-11-28,21,6.0
SKU0047,2025-11-29,20,10.0
SKU0047,2025-11-30,26,18.0
SKU0047,2025-12-01,12,10.0
SKU0047,2025-12-02,13,26.0
SKU0047,2025-12-03,25,10.0
SKU0047,2025-12-04,29,11.0
SKU0047,2025-12-05,19,8.0
SKU0047,2025-12-06,23,21.0
SKU0047,2025-12-07,26,11.0
SKU0047,2025-12-08,16,24.0
SKU0047,2025-12-09,21,9.0
SKU0047,2025-12-10,12,12.0
SKU0047,2025-12-11,19,17.0
SKU0047,2025-12-12,9,26.0
SKU0047,2025-12-13,28,28.0
SKU0047,2025-12-14,18,21.0
SKU0047,2025-12-15,25,12.0
SKU0047,2025-12-16,22,11.0
SKU0047,2025-12-17,24,19.0
SKU0047,2025-12-18,22,12.0
SKU0047,2025-12-19,19,21.0
SKU0047,2025-12-20,22,20.0
SKU0047,2025-12-21,16,22.0
SKU0047,2025-12-22,18,19.0
SKU0047,2025-12-23,29,16.0
SKU0047,2025-12-24,25,16.0
SKU0047,2025-12-25,19,13.0
SKU0047,2025-12-26,20,26.0
SKU0047,2025-12-27,25,28.0
SKU0047,2025-12-28,10,29.0
SKU0047,2025-12-29,18,22.0
SKU0047,2025-12-30,20,23.0
SKU0047,2025-12-31,27,18.0
SKU0054,2025-10-01,21,24.0
SKU0054,2025-10-02,22,19.0
SKU0054,2025-10-03,14,11.0
SKU0054,2025-10-04,23,12.0
SKU0054,2025-10-05,12,7.0
SKU0054,2025-10-06,6,5.0
SKU0054,2025-10-07,21,9.0
SKU0054,2025-10-08,11,5.0
SKU0054,2025-10-09,3,11.0
SKU0054,2025-10-10,16,27.0
SKU0054,2025-10-11,24,6.0
SKU0054,2025-10-12,17,7.0
SKU0054,2025-10-13,30,9.0
SKU0054,2025-10-14,19,17.0
SKU0054,2025-10-15,18,13.0
SKU0054,2025-10-16,16,8.0
SKU0054,2025-10-17,6,8.0
SKU0054,2025-10-18,13,19.0
SKU0054,2025-10-19,14,6.0
SKU0054,2025-10-20,7,10.0
SKU0054,2025-10-21,11,21.0
SKU0054,2025-10-22,21,10.0
SKU0054,2025-10-23,15,17.0
SKU0054,2025-10-24,9,19.0
SKU0054,2025-10-25,19,13.0
SKU0054,2025-10-26,10,9.0
SKU0054,2025-10-27,15,19.0
SKU0054,2025-10-28,8,7.0
SKU0054,2025-10-29,12,10.0
SKU0054,2025-10-30,16,15.0
SKU0054,2025-10-31,16,10.0
SKU0054,2025-11-01,8,21.0
SKU0054,2025-11-02,17,4.0
SKU0054,2025-11-03,11,5.0
SKU0054,2025-11-04,17,17.0
SKU0054,2025-11-05,13,4.0
SKU0054,2025-11-06,13,9.0
SKU0054,2025-11-07,17,17.0
SKU0054,2025-11-08,20,16.0
SKU0054,2025-11-09,11,8.0
SKU0054,2025-11-10,21,18.0
SKU0054,2025-11-11,15,12.0
SKU0054,2025-11-12,17,21.0
SKU0054,2025-11-13,14,18.0
SKU0054,2025-11-14,10,16.0
SKU0054,2025-11-15,18,18.0
SKU0054,2025-11-16,22,18.0
SKU0054,2025-11-17,16,24.0
SKU0054,2025-11-18,22,16.0
SKU0054,2025-11-19,27,16.0
SKU0054,2025-11-20,19,15.0
SKU0054,2025-11-21,11,6.0
SKU0054,2025-11-22,14,4.0
SKU0054,2025-11-23,15,20.0
SKU0054,2025-11-24,15,17.0
SKU0054,2025-11-25,12,13.0
SKU0054,2025-11-26,30,13.0
SKU0054,2025-11-27,24,12.0
SKU0054,2025-11-28,29,14.0
SKU0054,2025-11-29,18,24.0
SKU0054,2025-11-30,12,33.0
SKU0054,2025-12-01,28,13.0
SKU0054,2025-12-02,14,12.0
SKU0054,2025-12-03,4,17.0
SKU0054,2025-12-04,11,24.0
SKU0054,2025-12-05,13,7.0
SKU0054,2025-12-06,25,6.0
SKU0054,2025-12-07,15,16.0
SKU0054,2025-12-08,15,6.0
SKU0054,2025-12-09,32,30.0
SKU0054,2025-12-10,17,11.0
SKU0054,2025-12-11,23,33.0
SKU0054,2025-12-12,27,19.0
SKU0054,2025-12-13,16,20.0
SKU0054,2025-12-14,24,16.0
SKU0054,2025-12-15,11,30.0
SKU0054,2025-12-16,19,13.0
SKU0054,2025-12-17,24,16.0
SKU0054,2025-12-18,23,22.0
SKU0054,2025-12-19,9,23.0
SKU0054,2025-12-20,13,19.0
SKU0054,2025-12-21,21,17.0
SKU0054,2025-12-22,18,21.0
SKU0054,2025-12-23,17,11.0
SKU0054,2025-12-24,32,11.0
SKU0054,2025-12-25,22,18.0
SKU0054,2025-12-26,19,12.0
SKU0054,2025-12-27,36,16.0
SKU0054,2025-12-28,14,18.0
SKU0054,2025-12-29,25,24.0
SKU0054,2025-12-30,27,16.0
SKU0054,2025-12-31,19,14.0
SKU0075,2025-10-01,18,6.0
SKU0075,2025-10-02,9,13.0
SKU0075,2025-10-03,10,27.0
SKU0075,2025-10-04,3,10.0
SKU0075,2025-10-05,13,3.0
SKU0075,2025-10-06,5,11.0
SKU0075,2025-10-07,12,12.0
SKU0075,2025-10-08,14,9.0
SKU0075,2025-10-09,9,0.0
SKU0075,2025-10-10,7,11.0
SKU0075,2025-10-11,9,6.0
SKU0075,2025-10-12,11,15.0
SKU0075,2025-10-13,9,16.0
SKU0075,2025-10-14,15,8.0
SKU0075,2025-10-15,15,6.0
SKU0075,2025-10-16,4,3.0
SKU0075,2025-10-17,8,14.0
SKU0075,2025-10-18,14,11.0
SKU0075,2025-10-19,10,5.0
SKU0075,2025-10-20,20,14.0
SKU0075,2025-10-21,8,6.0
SKU0075,2025-10-22,7,21.0
SKU0075,2025-10-23,7,12.0
SKU0075,2025-10-24,11,11.0
SKU0075,2025-10-25,16,0.0
SKU0075,2025-10-26,14,17.0
SKU0075,2025-10-27,11,9.0
SKU0075,2025-10-28,1,10.0
SKU0075,2025-10-29,12,8.0
SKU0075,2025-10-30,14,3.0
SKU0075,2025-10-31,12,6.0
SKU0075,2025-11-01,8,12.0
SKU0075,2025-11-02,21,7.0
SKU0075,2025-11-03,14,6.0
SKU0075,2025-11-04,16,15.0
SKU0075,2025-11-05,16,22.0
SKU0075,2025-11-06,11,14.0
SKU0075,2025-11-07,20,14.0
SKU0075,2025-11-08,9,18.0
SKU0075,2025-11-09,13,13.0
SKU0075,2025-11-10,14,13.0
SKU0075,2025-11-11,8,1.0
SKU0075,2025-11-12,7,10.0
SKU0075,2025-11-13,15,11.0
SKU0075,2025-11-14,15,7.0
SKU0075,2025-11-15,15,16.0
SKU0075,2025-11-16,21,14.0
SKU0075,2025-11-17,9,23.0
SKU0075,2025-11-18,12,16.0
SKU0075,2025-11-19,18,8.0
SKU0075,2025-11-20,25,14.0
SKU0075,2025-11-21,9,16.0
SKU0075,2025-11-22,26,11.0
SKU0075,2025-11-23,14,15.0
SKU0075,2025-11-24,19,9.0
SKU0075,2025-11-25,15,17.0
SKU0075,2025-11-26,14,20.0
SKU0075,2025-11-27,14,14.0
SKU0075,2025-11-28,16,15.0
SKU0075,2025-11-29,11,6.0
SKU0075,2025-11-30,11,10.0
SKU0075,2025-12-01,19,12.0
SKU0075,2025-12-02,13,15.0
SKU0075,2025-12-03,17,18.0
SKU0075,2025-12-04,20,14.0
SKU0075,2025-12-05,10,10.0
SKU0075,2025-12-06,14,9.0
SKU0075,2025-12-07,12,14.0
SKU0075,2025-12-08,11,6.0
SKU0075,2025-12-09,17,22.0
SKU0075,2025-12-10,22,8.0
SKU0075,2025-12-11,25,19.0
SKU0075,2025-12-12,6,17.0
SKU0075,2025-12-13,15,8.0
SKU0075,2025-12-14,20,18.0
SKU0075,2025-12-15,12,19.0
SKU0075,2025-12-16,21,17.0
SKU0075,2025-12-17,11,8.0
SKU0075,2025-12-18,22,11.0
SKU0075,2025-12-19,16,20.0
SKU0075,2025-12-20,9,19.0
SKU0075,2025-12-21,23,14.0
SKU0075,2025-12-22,18,18.0
SKU0075,2025-12-23,17,17.0
SKU0075,2025-12-24,17,15.0
SKU0075,2025-12-25,9,11.0
SKU0075,2025-12-26,22,9.0
SKU0075,2025-12-27,17,18.0
SKU0075,2025-12-28,27,16.0
SKU0075,2025-12-29,18,15.0
SKU0075,2025-12-30,13,16.0
SKU0075,2025-12-31,16,16.0
SKU0080,2025-10-01,7,5.0
SKU0080,2025-10-02,5,9.0
SKU0080,2025-10-03,13,10.0
SKU0080,2025-10-04,21,15.0
SKU0080,2025-10-05,11,5.0
SKU0080,2025-10-06,6,9.0
SKU0080,2025-10-07,7,16.0
SKU0080,2025-10-08,7,19.0
SKU0080,2025-10-09,5,9.0
SKU0080,2025-10-10,13,12.0
SKU0080,2025-10-11,14,6.0
SKU0080,2025-10-12,11,9.0
SKU0080,2025-10-13,11,18.0
SKU0080,2025-10-14,9,7.0
SKU0080,2025-10-15,13,17.0
SKU0080,2025-10-16,14,9.0
SKU0080,2025-10-17,17,15.0
SKU0080,2025-10-18,8,8.0
SKU0080,2025-10-19,8,8.0
SKU0080,2025-10-20,9,5.0
SKU0080,2025-10-21,12,14.0
SKU0080,2025-10-22,5,4.0
SKU0080,2025-10-23,16,8.0
SKU0080,2025-10-24,6,10.0
SKU0080,2025-10-25,10,15.0
SKU0080,2025-10-26,8,2.0
SKU0080,2025-10-27,10,6.0
SKU0080,2025-10-28,10,10.0
SKU0080,2025-10-29,16,7.0
SKU0080,2025-10-30,8,8.0
SKU0080,2025-10-31,12,10.0
SKU0080,2025-11-01,11,13.0
SKU0080,2025-11-02,4,11.0
SKU0080,2025-11-03,12,7.0
SKU0080,2025-11-04,7,6.0
SKU0080,2025-11-05,9,20.0
SKU0080,2025-11-06,7,12.0
SKU0080,2025-11-07,3,9.0
SKU0080,2025-11-08,13,4.0
SKU0080,2025-11-09,4,12.0
SKU0080,2025-11-10,14,4.0
SKU0080,2025-11-11,6,5.0
SKU0080,2025-11-12,10,13.0
SKU0080,2025-11-13,1,4.0
SKU0080,2025-11-14,14,3.0
SKU0080,2025-11-15,11,8.0
SKU0080,2025-11-16,6,12.0
SKU0080,2025-11-17,15,12.0
SKU0080,2025-11-18,25,10.0
SKU0080,2025-11-19,21,10.0
SKU0080,2025-11-20,16,15.0
SKU0080,2025-11-21,12,9.0
SKU0080,2025-11-22,6,8.0
SKU0080,2025-11-23,8,11.0
SKU0080,2025-11-24,17,12.0
SKU0080,2025-11-25,16,23.0
SKU0080,2025-11-26,16,8.0
SKU0080,2025-11-27,15,15.0
SKU0080,2025-11-28,8,17.0
SKU0080,2025-11-29,13,26.0
SKU0080,2025-11-30,19,9.0
SKU0080,2025-12-01,11,10.0
SKU0080,2025-12-02,19,9.0
SKU0080,2025-12-03,16,22.0
SKU0080,2025-12-04,20,17.0
SKU0080,2025-12-05,8,11.0
SKU0080,2025-12-06,14,17.0
SKU0080,2025-12-07,14,12.0
SKU0080,2025-12-08,19,7.0
SKU0080,2025-12-09,13,12.0
SKU0080,2025-12-10,14,23.0
SKU0080,2025-12-11,8,18.0
SKU0080,2025-12-12,8,16.0
SKU0080,2025-12-13,22,25.0
SKU0080,2025-12-14,10,14.0
SKU0080,2025-12-15,6,18.0
SKU0080,2025-12-16,7,8.0
SKU0080,2025-12-17,23,23.0
SKU0080,2025-12-18,17,14.0
SKU0080,2025-12-19,19,10.0
SKU0080,2025-12-20,16,10.0
SKU0080,2025-12-21,14,13.0
SKU0080,2025-12-22,15,11.0
SKU0080,2025-12-23,17,15.0
SKU0080,2025-12-24,11,12.0
SKU0080,2025-12-25,11,25.0
SKU0080,2025-12-26,10,10.0
SKU0080,2025-12-27,20,13.0
SKU0080,2025-12-28,18,11.0
SKU0080,2025-12-29,15,19.0
SKU0080,2025-12-30,12,15.0
SKU0080,2025-12-31,16,17.0
SKU0122,2025-10-01,7,10.0
SKU0122,2025-10-02,17,15.0
SKU0122,2025-10-03,20,14.0
SKU0122,2025-10-04,16,5.0
SKU0122,2025-10-05,24,15.0
SKU0122,2025-10-06,3,16.0
SKU0122,2025-10-07,15,20.0
SKU0122,2025-10-08,12,10.0
SKU0122,2025-10-09,18,14.0
SKU0122,2025-10-10,11,9.0
SKU0122,2025-10-11,16,7.0
SKU0122,2025-10-12,19,20.0
SKU0122,2025-10-13,0,14.0
SKU0122,2025-10-14,17,11.0
SKU0122,2025-10-15,14,30.0
SKU0122,2025-10-16,17,11.0
SKU0122,2025-10-17,20,4.0
SKU0122,2025-10-18,20,14.0
SKU0122,2025-10-19,18,14.0
SKU0122,2025-10-20,9,14.0
SKU0122,2025-10-21,21,17.0
SKU0122,2025-10-22,17,17.0
SKU0122,2025-10-23,9,21.0
SKU0122,2025-10-24,11,19.0
SKU0122,2025-10-25,14,16.0
SKU0122,2025-10-26,9,5.0
SKU0122,2025-10-27,7,15.0
SKU0122,2025-10-28,15,17.0
SKU0122,2025-10-29,11,19.0
SKU0122,2025-10-30,11,11.0
SKU0122,2025-10-31,15,20.0
SKU0122,2025-11-01,12,17.0
SKU0122,2025-11-02,10,9.0
SKU0122,2025-11-03,12,19.0
SKU0122,2025-11-04,10,13.0
SKU0122,2025-11-05,11,19.0
SKU0122,2025-11-06,15,11.0
SKU0122,2025-11-07,15,6.0
SKU0122,2025-11-08,14,19.0
SKU0122,2025-11-09,28,21.0
SKU0122,2025-11-10,14,11.0
SKU0122,2025-11-11,29,19.0
SKU0122,2025-11-12,10,10.0
SKU0122,2025-11-13,19,19.0
SKU0122,2025-11-14,18,20.0
SKU0122,2025-11-15,18,11.0
SKU0122,2025-11-16,18,20.0
SKU0122,2025-11-17,8,4.0
SKU0122,2025-11-18,17,15.0
SKU0122,2025-11-19,8,11.0
SKU0122,2025-11-20,24,12.0
SKU0122,2025-11-21,25,17.0
SKU0122,2025-11-22,24,20.0
SKU0122,2025-11-23,9,18.0
SKU0122,2025-11-24,11,20.0
SKU0122,2025-11-25,12,9.0
SKU0122,2025-11-26,17,6.0
SKU0122,2025-11-27,22,13.0
SKU0122,2025-11-28,22,16.0
SKU0122,2025-11-29,9,20.0
SKU0122,2025-11-30,31,11.0
SKU0122,2025-12-01,27,15.0
SKU0122,2025-12-02,17,13.0
SKU0122,2025-12-03,7,20.0
SKU0122,2025-12-04,12,15.0
SKU0122,2025-12-05,20,13.0
SKU0122,2025-12-06,23,10.0
SKU0122,2025-12-07,25,15.0
SKU0122,2025-12-08,21,17.0
SKU0122,2025-12-09,20,40.0
SKU0122,2025-12-10,15,22.0
SKU0122,2025-12-11,22,24.0
SKU0122,2025-12-12,26,20.0
SKU0122,2025-12-13,32,32.0
SKU0122,2025-12-14,23,24.0
SKU0122,2025-12-15,22,25.0
SKU0122,2025-12-16,23,14.0
SKU0122,2025-12-17,16,15.0
SKU0122,2025-12-18,21,23.0
SKU0122,2025-12-19,18,28.0
SKU0122,2025-12-20,13,12.0
SKU0122,2025-12-21,15,9.0
SKU0122,2025-12-22,26,21.0
SKU0122,2025-12-23,23,26.0
SKU0122,2025-12-24,28,29.0
SKU0122,2025-12-25,24,14.0
SKU0122,2025-12-26,23,19.0
SKU0122,2025-12-27,25,11.0
SKU0122,2025-12-28,21,13.0
SKU0122,2025-12-29,21,26.0
SKU0122,2025-12-30,28,27.0
SKU0122,2025-12-31,14,29.0
SKU0138,2025-10-01,8,13.0
SKU0138,2025-10-02,17,10.0
SKU0138,2025-10-03,17,17.0
SKU0138,2025-10-04,16,12.0
SKU0138,2025-10-05,17,8.0
SKU0138,2025-10-06,15,1.0
SKU0138,2025-10-07,7,3.0
SKU0138,2025-10-08,10,9.0
SKU0138,2025-10-09,15,16.0
SKU0138,2025-10-10,15,11.0
SKU0138,2025-10-11,19,9.0
SKU0138,2025-10-12,13,11.0
SKU0138,2025-10-13,11,9.0
SKU0138,2025-10-14,6,9.0
SKU0138,2025-10-15,17,8.0
SKU0138,2025-10-16,17,14.0
SKU0138,2025-10-17,10,11.0
SKU0138,2025-10-18,20,8.0
SKU0138,2025-10-19,17,2.0
SKU0138,2025-10-20,6,0.0
SKU0138,2025-10-21,13,5.0
SKU0138,2025-10-22,7,10.0
SKU0138,2025-10-23,16,9.0
SKU0138,2025-10-24,8,9.0
SKU0138,2025-10-25,11,6.0
SKU0138,2025-10-26,6,10.0
SKU0138,2025-10-27,4,6.0
SKU0138,2025-10-28,12,6.0
SKU0138,2025-10-29,13,16.0
SKU0138,2025-10-30,11,10.0
SKU0138,2025-10-31,10,11.0
SKU0138,2025-11-01,16,15.0
SKU0138,2025-11-02,14,15.0
SKU0138,2025-11-03,13,7.0
SKU0138,2025-11-04,22,10.0
SKU0138,2025-11-05,13,13.0
SKU0138,2025-11-06,5,5.0
SKU0138,2025-11-07,16,1.0
SKU0138,2025-11-08,12,18.0
SKU0138,2025-11-09,11,8.0
SKU0138,2025-11-10,7,12.0
SKU0138,2025-11-11,19,15.0
SKU0138,2025-11-12,19,17.0
SKU0138,2025-11-13,19,14.0
SKU0138,2025-11-14,17,9.0
SKU0138,2025-11-15,13,11.0
SKU0138,2025-11-16,13,9.0
SKU0138,2025-11-17,21,10.0
SKU0138,2025-11-18,16,13.0
SKU0138,2025-11-19,10,9.0
SKU0138,2025-11-20,14,15.0
SKU0138,2025-11-21,15,16.0
SKU0138,2025-11-22,6,15.0
SKU0138,2025-11-23,17,14.0
SKU0138,2025-11-24,14,10.0
SKU0138,2025-11-25,5,14.0
SKU0138,2025-11-26,17,8.0
SKU0138,2025-11-27,13,13.0
SKU0138,2025-11-28,13,13.0
SKU0138,2025-11-29,20,11.0
SKU0138,2025-11-30,20,17.0
SKU0138,2025-12-01,19,17.0
SKU0138,2025-12-02,13,10.0
SKU0138,2025-12-03,13,14.0
SKU0138,2025-12-04,23,7.0
SKU0138,2025-12-05,18,12.0
SKU0138,2025-12-06,12,13.0
SKU0138,2025-12-07,14,8.0
SKU0138,2025-12-08,15,14.0
SKU0138,2025-12-09,8,14.0
SKU0138,2025-12-10,19,7.0
SKU0138,2025-12-11,17,15.0
SKU0138,2025-12-12,8,20.0
SKU0138,2025-12-13,5,16.0
SKU0138,2025-12-14,9,21.0
SKU0138,2025-12-15,14,9.0
SKU0138,2025-12-16,22,11.0
SKU0138,2025-12-17,26,9.0
SKU0138,2025-12-18,20,14.0
SKU0138,2025-12-19,19,6.0
SKU0138,2025-12-20,19,7.0
SKU0138,2025-12-21,12,8.0
SKU0138,2025-12-22,13,10.0
SKU0138,2025-12-23,32,14.0
SKU0138,2025-12-24,24,17.0
SKU0138,2025-12-25,18,27.0
SKU0138,2025-12-26,7,27.0
SKU0138,2025-12-27,17,7.0
SKU0138,2025-12-28,12,20.0
SKU0138,2025-12-29,14,19.0
SKU0138,2025-12-30,12,15.0
SKU0138,2025-12-31,22,8.0
SKU0140,2025-10-01,15,12.0
SKU0140,2025-10-02,7,1.0
SKU0140,2025-10-03,11,15.0
SKU0140,2025-10-04,12,4.0
SKU0140,2025-10-05,15,8.0
SKU0140,2025-10-06,6,15.0
SKU0140,2025-10-07,12,7.0
SKU0140,2025-10-08,5,0.0
SKU0140,2025-10-09,22,9.0
SKU0140,2025-10-10,18,10.0
SKU0140,2025-10-11,9,5.0
SKU0140,2025-10-12,14,7.0
SKU0140,2025-10-13,6,4.0
SKU0140,2025-10-14,5,8.0
SKU0140,2025-10-15,10,11.0
SKU0140,2025-10-16,7,3.0
SKU0140,2025-10-17,12,5.0
SKU0140,2025-10-18,15,5.0
SKU0140,2025-10-19,8,16.0
SKU0140,2025-10-20,7,12.0
SKU0140,2025-10-21,13,16.0
SKU0140,2025-10-22,6,6.0
SKU0140,2025-10-23,9,6.0
SKU0140,2025-10-24,13,5.0
SKU0140,2025-10-25,13,17.0
SKU0140,2025-10-26,16,20.0
SKU0140,2025-10-27,10,8.0
SKU0140,2025-10-28,13,10.0
SKU0140,2025-10-29,9,7.0
SKU0140,2025-10-30,5,6.0
SKU0140,2025-10-31,5,6.0
SKU0140,2025-11-01,12,10.0
SKU0140,2025-11-02,7,7.0
SKU0140,2025-11-03,6,3.0
SKU0140,2025-11-04,1,13.0
SKU0140,2025-11-05,6,16.0
SKU0140,2025-11-06,5,17.0
SKU0140,2025-11-07,7,12.0
SKU0140,2025-11-08,8,27.0
SKU0140,2025-11-09,5,13.0
SKU0140,2025-11-10,8,9.0
SKU0140,2025-11-11,14,11.0
SKU0140,2025-11-12,21,5.0
SKU0140,2025-11-13,16,24.0
SKU0140,2025-11-14,11,16.0
SKU0140,2025-11-15,18,8.0
SKU0140,2025-11-16,22,15.0
SKU0140,2025-11-17,6,3.0
SKU0140,2025-11-18,9,5.0
SKU0140,2025-11-19,11,11.0
SKU0140,2025-11-20,6,7.0
SKU0140,2025-11-21,10,10.0
SKU0140,2025-11-22,6,7.0
SKU0140,2025-11-23,12,16.0
SKU0140,2025-11-24,17,6.0
SKU0140,2025-11-25,15,10.0
SKU0140,2025-11-26,12,12.0
SKU0140,2025-11-27,12,20.0
SKU0140,2025-11-28,15,7.0
SKU0140,2025-11-29,16,13.0
SKU0140,2025-11-30,15,14.0
SKU0140,2025-12-01,6,6.0
SKU0140,2025-12-02,14,15.0
SKU0140,2025-12-03,20,12.0
SKU0140,2025-12-04,11,15.0
SKU0140,2025-12-05,19,18.0
SKU0140,2025-12-06,12,15.0
SKU0140,2025-12-07,11,24.0
SKU0140,2025-12-08,10,8.0
SKU0140,2025-12-09,9,19.0
SKU0140,2025-12-10,15,23.0
SKU0140,2025-12-11,23,11.0
SKU0140,2025-12-12,6,2.0
SKU0140,2025-12-13,15,19.0
SKU0140,2025-12-14,25,4.0
SKU0140,2025-12-15,14,18.0
SKU0140,2025-12-16,11,12.0
SKU0140,2025-12-17,13,18.0
SKU0140,2025-12-18,11,10.0
SKU0140,2025-12-19,10,10.0
SKU0140,2025-12-20,13,25.0
SKU0140,2025-12-21,15,17.0
SKU0140,2025-12-22,25,10.0
SKU0140,2025-12-23,6,14.0
SKU0140,2025-12-24,19,16.0
SKU0140,2025-12-25,20,16.0
SKU0140,2025-12-26,8,11.0
SKU0140,2025-12-27,12,11.0
SKU0140,2025-12-28,17,20.0
SKU0140,2025-12-29,21,13.0
SKU0140,2025-12-30,24,19.0
SKU0140,2025-12-31,16,18.0
SKU0001,2025-10-01,2,4.0
SKU0001,2025-10-02,1,4.0
SKU0001,2025-10-03,3,3.0
SKU0001,2025-10-04,3,4.0
SKU0001,2025-10-05,8,3.0
SKU0001,2025-10-06,5,4.0
SKU0001,2025-10-07,2,3.0
SKU0001,2025-10-08,2,1.0
SKU0001,2025-10-09,2,2.0
SKU0001,2025-10-10,7,6.0
SKU0001,2025-10-11,7,1.0
SKU0001,2025-10-12,0,3.0
SKU0001,2025-10-13,4,5.0
SKU0001,2025-10-14,4,4.0
SKU0001,2025-10-15,5,2.0
SKU0001,2025-10-16,3,2.0
SKU0001,2025-10-17,3,3.0
SKU0001,2025-10-18,0,2.0
SKU0001,2025-10-19,5,7.0
SKU0001,2025-10-20,5,3.0
SKU0001,2025-10-21,3,4.0
SKU0001,2025-10-22,1,3.0
SKU0001,2025-10-23,7,0.0
SKU0001,2025-10-24,3,1.0
SKU0001,2025-10-25,4,3.0
SKU0001,2025-10-26,3,1.0
SKU0001,2025-10-27,0,5.0
SKU0001,2025-10-28,5,6.0
SKU0001,2025-10-29,3,5.0
SKU0001,2025-10-30,6,2.0
SKU0001,2025-10-31,5,6.0
SKU0001,2025-11-01,3,8.0
SKU0001,2025-11-02,4,2.0
SKU0001,2025-11-03,1,1.0
SKU0001,2025-11-04,1,7.0
SKU0001,2025-11-05,4,4.0
SKU0001,2025-11-06,0,0.0
SKU0001,2025-11-07,5,2.0
SKU0001,2025-11-08,6,1.0
SKU0001,2025-11-09,7,3.0
SKU0001,2025-11-10,5,5.0
SKU0001,2025-11-11,3,8.0
SKU0001,2025-11-12,5,5.0
SKU0001,2025-11-13,5,4.0
SKU0001,2025-11-14,4,12.0
SKU0001,2025-11-15,5,13.0
SKU0001,2025-11-16,5,5.0
SKU0001,2025-11-17,1,7.0
SKU0001,2025-11-18,3,5.0
SKU0001,2025-11-19,1,2.0
SKU0001,2025-11-20,9,3.0
SKU0001,2025-11-21,11,4.0
SKU0001,2025-11-22,6,3.0
SKU0001,2025-11-23,2,7.0
SKU0001,2025-11-24,5,3.0
SKU0001,2025-11-25,6,3.0
SKU0001,2025-11-26,0,5.0
SKU0001,2025-11-27,7,5.0
SKU0001,2025-11-28,5,4.0
SKU0001,2025-11-29,3,2.0
SKU0001,2025-11-30,6,7.0
SKU0001,2025-12-01,7,8.0
SKU0001,2025-12-02,2,4.0
SKU0001,2025-12-03,9,3.0
SKU0001,2025-12-04,2,4.0
SKU0001,2025-12-05,4,1.0
SKU0001,2025-12-06,6,7.0
SKU0001,2025-12-07,2,4.0
SKU0001,2025-12-08,7,11.0
SKU0001,2025-12-09,7,3.0
SKU0001,2025-12-10,8,8.0
SKU0001,2025-12-11,7,7.0
SKU0001,2025-12-12,6,2.0
SKU0001,2025-12-13,5,6.0
SKU0001,2025-12-14,5,4.0
SKU0001,2025-12-15,5,4.0
SKU0001,2025-12-16,7,12.0
SKU0001,2025-12-17,1,11.0
SKU0001,2025-12-18,4,3.0
SKU0001,2025-12-19,4,0.0
SKU0001,2025-12-20,10,3.0
SKU0001,2025-12-21,5,4.0
SKU0001,2025-12-22,5,3.0
SKU0001,2025-12-23,5,2.0
SKU0001,2025-12-24,5,10.0
SKU0001,2025-12-25,5,5.0
SKU0001,2025-12-26,8,4.0
SKU0001,2025-12-27,5,3.0
SKU0001,2025-12-28,8,4.0
SKU0001,2025-12-29,5,10.0
SKU0001,2025-12-30,8,7.0
SKU0001,2025-12-31,9,4.0
SKU0003,2025-10-01,4,8.0
SKU0003,2025-10-02,6,6.0
SKU0003,2025-10-03,3,1.0
SKU0003,2025-10-04,5,8.0
SKU0003,2025-10-05,3,4.0
SKU0003,2025-10-06,4,5.0
SKU0003,2025-10-07,3,4.0
SKU0003,2025-10-08,8,1.0
SKU0003,2025-10-09,2,2.0
SKU0003,2025-10-10,8,2.0
SKU0003,2025-10-11,0,3.0
SKU0003,2025-10-12,9,7.0
SKU0003,2025-10-13,5,4.0
SKU0003,2025-10-14,6,2.0
SKU0003,2025-10-15,10,1.0
SKU0003,2025-10-16,4,2.0
SKU0003,2025-10-17,6,4.0
SKU0003,2025-10-18,3,1.0
SKU0003,2025-10-19,2,9.0
SKU0003,2025-10-20,2,3.0
SKU0003,2025-10-21,8,7.0
SKU0003,2025-10-22,4,8.0
SKU0003,2025-10-23,1,4.0
SKU0003,2025-10-24,8,5.0
SKU0003,2025-10-25,8,5.0
SKU0003,2025-10-26,3,4.0
SKU0003,2025-10-27,4,3.0
SKU0003,2025-10-28,4,2.0
SKU0003,2025-10-29,6,4.0
SKU0003,2025-10-30,6,5.0
SKU0003,2025-10-31,8,3.0
SKU0003,2025-11-01,1,3.0
SKU0003,2025-11-02,9,8.0
SKU0003,2025-11-03,0,1.0
SKU0003,2025-11-04,6,6.0
SKU0003,2025-11-05,2,5.0
SKU0003,2025-11-06,5,6.0
SKU0003,2025-11-07,3,5.0
SKU0003,2025-11-08,4,5.0
SKU0003,2025-11-09,4,4.0
SKU0003,2025-11-10,8,1.0
SKU0003,2025-11-11,1,2.0
SKU0003,2025-11-12,4,7.0
SKU0003,2025-11-13,1,4.0
SKU0003,2025-11-14,7,6.0
SKU0003,2025-11-15,10,2.0
SKU0003,2025-11-16,2,0.0
SKU0003,2025-11-17,8,0.0
SKU0003,2025-11-18,9,7.0
SKU0003,2025-11-19,4,1.0
SKU0003,2025-11-20,7,3.0
SKU0003,2025-11-21,3,4.0
SKU0003,2025-11-22,5,14.0
SKU0003,2025-11-23,5,2.0
SKU0003,2025-11-24,3,7.0
SKU0003,2025-11-25,4,8.0
SKU0003,2025-11-26,4,11.0
SKU0003,2025-11-27,6,5.0
SKU0003,2025-11-28,3,3.0
SKU0003,2025-11-29,7,7.0
SKU0003,2025-11-30,8,3.0
SKU0003,2025-12-01,4,4.0
SKU0003,2025-12-02,7,3.0
SKU0003,2025-12-03,5,8.0
SKU0003,2025-12-04,4,5.0
SKU0003,2025-12-05,11,7.0
SKU0003,2025-12-06,11,3.0
SKU0003,2025-12-07,4,4.0
SKU0003,2025-12-08,5,6.0
SKU0003,2025-12-09,7,11.0
SKU0003,2025-12-10,3,3.0
SKU0003,2025-12-11,6,5.0
SKU0003,2025-12-12,5,7.0
SKU0003,2025-12-13,4,5.0
SKU0003,2025-12-14,8,4.0
SKU0003,2025-12-15,6,2.0
SKU0003,2025-12-16,2,4.0
SKU0003,2025-12-17,4,11.0
SKU0003,2025-12-18,3,2.0
SKU0003,2025-12-19,6,5.0
SKU0003,2025-12-20,9,6.0
SKU0003,2025-12-21,7,11.0
SKU0003,2025-12-22,7,7.0
SKU0003,2025-12-23,12,3.0
SKU0003,2025-12-24,4,9.0
SKU0003,2025-12-25,7,10.0
SKU0003,2025-12-26,15,8.0
SKU0003,2025-12-27,9,3.0
SKU0003,2025-12-28,7,4.0
SKU0003,2025-12-29,12,7.0
SKU0003,2025-12-30,10,10.0
SKU0003,2025-12-31,7,6.0
SKU0004,2025-10-01,9,9.0
SKU0004,2025-10-02,1,16.0
SKU0004,2025-10-03,13,10.0
SKU0004,2025-10-04,13,6.0
SKU0004,2025-10-05,10,5.0
SKU0004,2025-10-06,9,6.0
SKU0004,2025-10-07,16,4.0
SKU0004,2025-10-08,10,12.0
SKU0004,2025-10-09,5,7.0
SKU0004,2025-10-10,7,12.0
SKU0004,2025-10-11,2,10.0
SKU0004,2025-10-12,13,3.0
SKU0004,2025-10-13,7,15.0
SKU0004,2025-10-14,14,12.0
SKU0004,2025-10-15,19,8.0
SKU0004,2025-10-16,18,7.0
SKU0004,2025-10-17,17,4.0
SKU0004,2025-10-18,11,21.0
SKU0004,2025-10-19,15,6.0
SKU0004,2025-10-20,20,7.0
SKU0004,2025-10-21,15,14.0
SKU0004,2025-10-22,13,6.0
SKU0004,2025-10-23,3,8.0
SKU0004,2025-10-24,14,11.0
SKU0004,2025-10-25,4,8.0
SKU0004,2025-10-26,15,5.0
SKU0004,2025-10-27,3,8.0
SKU0004,2025-10-28,6,4.0
SKU0004,2025-10-29,16,14.0
SKU0004,2025-10-30,16,10.0
SKU0004,2025-10-31,6,9.0
SKU0004,2025-11-01,9,10.0
SKU0004,2025-11-02,21,6.0
SKU0004,2025-11-03,7,8.0
SKU0004,2025-11-04,9,18.0
SKU0004,2025-11-05,8,7.0
SKU0004,2025-11-06,18,13.0
SKU0004,2025-11-07,12,8.0
SKU0004,2025-11-08,12,24.0
SKU0004,2025-11-09,13,3.0
SKU0004,2025-11-10,10,14.0
SKU0004,2025-11-11,13,8.0
SKU0004,2025-11-12,18,13.0
SKU0004,2025-11-13,14,2.0
SKU0004,2025-11-14,16,17.0
SKU0004,2025-11-15,10,6.0
SKU0004,2025-11-16,15,3.0
SKU0004,2025-11-17,26,5.0
SKU0004,2025-11-18,12,15.0
SKU0004,2025-11-19,19,15.0
SKU0004,2025-11-20,7,13.0
SKU0004,2025-11-21,8,11.0
SKU0004,2025-11-22,7,4.0
SKU0004,2025-11-23,11,16.0
SKU0004,2025-11-24,7,20.0
SKU0004,2025-11-25,12,11.0
SKU0004,2025-11-26,15,7.0
SKU0004,2025-11-27,16,13.0
SKU0004,2025-11-28,20,11.0
SKU0004,2025-11-29,9,10.0
SKU0004,2025-11-30,19,22.0
SKU0004,2025-12-01,12,9.0
SKU0004,2025-12-02,15,14.0
SKU0004,2025-12-03,20,18.0
SKU0004,2025-12-04,12,10.0
SKU0004,2025-12-05,17,10.0
SKU0004,2025-12-06,11,19.0
SKU0004,2025-12-07,18,12.0
SKU0004,2025-12-08,17,16.0
SKU0004,2025-12-09,13,13.0
SKU0004,2025-12-10,11,21.0
SKU0004,2025-12-11,9,14.0
SKU0004,2025-12-12,15,15.0
SKU0004,2025-12-13,37,9.0
SKU0004,2025-12-14,19,12.0
SKU0004,2025-12-15,33,15.0
SKU0004,2025-12-16,13,12.0
SKU0004,2025-12-17,15,12.0
SKU0004,2025-12-18,25,15.0
SKU0004,2025-12-19,15,13.0
SKU0004,2025-12-20,26,22.0
SKU0004,2025-12-21,16,19.0
SKU0004,2025-12-22,12,15.0
SKU0004,2025-12-23,15,4.0
SKU0004,2025-12-24,7,33.0
SKU0004,2025-12-25,17,12.0
SKU0004,2025-12-26,19,20.0
SKU0004,2025-12-27,22,10.0
SKU0004,2025-12-28,30,19.0
SKU0004,2025-12-29,24,19.0
SKU0004,2025-12-30,17,18.0
SKU0004,2025-12-31,12,10.0
SKU0008,2025-10-01,2,0.0
SKU0008,2025-10-02,2,2.0
SKU0008,2025-10-03,2,3.0
SKU0008,2025-10-04,7,4.0
SKU0008,2025-10-05,3,1.0
SKU0008,2025-10-06,6,4.0
SKU0008,2025-10-07,1,4.0
SKU0008,2025-10-08,3,4.0
SKU0008,2025-10-09,1,2.0
SKU0008,2025-10-10,2,0.0
SKU0008,2025-10-11,6,7.0
SKU0008,2025-10-12,2,3.0
SKU0008,2025-10-13,1,1.0
SKU0008,2025-10-14,5,5.0
SKU0008,2025-10-15,4,4.0
SKU0008,2025-10-16,7,4.0
SKU0008,2025-10-17,1,10.0
SKU0008,2025-10-18,6,3.0
SKU0008,2025-10-19,0,3.0
SKU0008,2025-10-20,3,2.0
SKU0008,2025-10-21,2,0.0
SKU0008,2025-10-22,5,0.0
SKU0008,2025-10-23,3,2.0
SKU0008,2025-10-24,1,6.0
SKU0008,2025-10-25,3,2.0
SKU0008,2025-10-26,1,4.0
SKU0008,2025-10-27,2,0.0
SKU0008,2025-10-28,4,4.0
SKU0008,2025-10-29,5,3.0
SKU0008,2025-10-30,1,2.0
SKU0008,2025-10-31,1,7.0
SKU0008,2025-11-01,10,3.0
SKU0008,2025-11-02,3,4.0
SKU0008,2025-11-03,0,0.0
SKU0008,2025-11-04,3,5.0
SKU0008,2025-11-05,8,1.0
SKU0008,2025-11-06,4,3.0
SKU0008,2025-11-07,3,1.0
SKU0008,2025-11-08,5,3.0
SKU0008,2025-11-09,3,0.0
SKU0008,2025-11-10,3,2.0
SKU0008,2025-11-11,9,2.0
SKU0008,2025-11-12,6,2.0
SKU0008,2025-11-13,6,4.0
SKU0008,2025-11-14,2,6.0
SKU0008,2025-11-15,4,3.0
SKU0008,2025-11-16,4,4.0
SKU0008,2025-11-17,5,2.0
SKU0008,2025-11-18,5,3.0
SKU0008,2025-11-19,5,2.0
SKU0008,2025-11-20,4,7.0
SKU0008,2025-11-21,6,4.0
SKU0008,2025-11-22,3,7.0
SKU0008,2025-11-23,2,5.0
SKU0008,2025-11-24,11,5.0
SKU0008,2025-11-25,10,3.0
SKU0008,2025-11-26,3,6.0
SKU0008,2025-11-27,3,8.0
SKU0008,2025-11-28,3,7.0
SKU0008,2025-11-29,4,4.0
SKU0008,2025-11-30,8,2.0
SKU0008,2025-12-01,4,5.0
SKU0008,2025-12-02,6,5.0
SKU0008,2025-12-03,2,3.0
SKU0008,2025-12-04,4,5.0
SKU0008,2025-12-05,1,2.0
SKU0008,2025-12-06,4,2.0
SKU0008,2025-12-07,5,3.0
SKU0008,2025-12-08,1,7.0
SKU0008,2025-12-09,4,4.0
SKU0008,2025-12-10,3,7.0
SKU0008,2025-12-11,4,2.0
SKU0008,2025-12-12,5,3.0
SKU0008,2025-12-13,4,5.0
SKU0008,2025-12-14,4,11.0
SKU0008,2025-12-15,7,2.0
SKU0008,2025-12-16,5,6.0
SKU0008,2025-12-17,7,8.0
SKU0008,2025-12-18,9,3.0
SKU0008,2025-12-19,1,3.0
SKU0008,2025-12-20,2,11.0
SKU0008,2025-12-21,7,7.0
SKU0008,2025-12-22,3,1.0
SKU0008,2025-12-23,3,7.0
SKU0008,2025-12-24,12,3.0
SKU0008,2025-12-25,1,1.0
SKU0008,2025-12-26,8,2.0
SKU0008,2025-12-27,4,9.0
SKU0008,2025-12-28,5,3.0
SKU0008,2025-12-29,12,10.0
SKU0008,2025-12-30,8,3.0
SKU0008,2025-12-31,5,2.0
SKU0011,2025-10-01,2,1.0
SKU0011,2025-10-02,3,1.0
SKU0011,2025-10-03,3,3.0
SKU0011,2025-10-04,3,4.0
SKU0011,2025-10-05,6,1.0
SKU0011,2025-10-06,4,6.0
SKU0011,2025-10-07,3,2.0
SKU0011,2025-10-08,2,4.0
SKU0011,2025-10-09,5,3.0
SKU0011,2025-10-10,1,3.0
SKU0011,2025-10-11,9,5.0
SKU0011,2025-10-12,0,6.0
SKU0011,2025-10-13,11,4.0
SKU0011,2025-10-14,7,4.0
SKU0011,2025-10-15,3,5.0
SKU0011,2025-10-16,1,1.0
SKU0011,2025-10-17,3,4.0
SKU0011,2025-10-18,7,6.0
SKU0011,2025-10-19,8,5.0
SKU0011,2025-10-20,1,5.0
SKU0011,2025-10-21,5,5.0
SKU0011,2025-10-22,1,3.0
SKU0011,2025-10-23,6,0.0
SKU0011,2025-10-24,3,2.0
SKU0011,2025-10-25,4,5.0
SKU0011,2025-10-26,0,6.0
SKU0011,2025-10-27,9,8.0
SKU0011,2025-10-28,5,3.0
SKU0011,2025-10-29,8,4.0
SKU0011,2025-10-30,8,6.0
SKU0011,2025-10-31,4,4.0
SKU0011,2025-11-01,10,2.0
SKU0011,2025-11-02,6,8.0
SKU0011,2025-11-03,3,5.0
SKU0011,2025-11-04,3,3.0
SKU0011,2025-11-05,2,4.0
SKU0011,2025-11-06,9,4.0
SKU0011,2025-11-07,5,6.0
SKU0011,2025-11-08,4,3.0
SKU0011,2025-11-09,3,3.0
SKU0011,2025-11-10,8,3.0
SKU0011,2025-11-11,3,6.0
SKU0011,2025-11-12,3,3.0
SKU0011,2025-11-13,3,7.0
SKU0011,2025-11-14,9,4.0
SKU0011,2025-11-15,5,2.0
SKU0011,2025-11-16,6,3.0
SKU0011,2025-11-17,5,4.0
SKU0011,2025-11-18,6,7.0
SKU0011,2025-11-19,4,6.0
SKU0011,2025-11-20,6,7.0
SKU0011,2025-11-21,2,3.0
SKU0011,2025-11-22,5,7.0
SKU0011,2025-11-23,2,8.0
SKU0011,2025-11-24,4,3.0
SKU0011,2025-11-25,1,3.0
SKU0011,2025-11-26,3,9.0
SKU0011,2025-11-27,2,8.0
SKU0011,2025-11-28,8,0.0
SKU0011,2025-11-29,11,3.0
SKU0011,2025-11-30,5,12.0
SKU0011,2025-12-01,3,4.0
SKU0011,2025-12-02,7,8.0
SKU0011,2025-12-03,9,3.0
SKU0011,2025-12-04,7,2.0
SKU0011,2025-12-05,5,8.0
SKU0011,2025-12-06,4,6.0
SKU0011,2025-12-07,4,5.0
SKU0011,2025-12-08,1,6.0
SKU0011,2025-12-09,11,4.0
SKU0011,2025-12-10,7,8.0
SKU0011,2025-12-11,9,7.0
SKU0011,2025-12-12,2,5.0
SKU0011,2025-12-13,6,14.0
SKU0011,2025-12-14,6,3.0
SKU0011,2025-12-15,8,12.0
SKU0011,2025-12-16,3,3.0
SKU0011,2025-12-17,0,0.0
SKU0011,2025-12-18,4,5.0
SKU0011,2025-12-19,6,11.0
SKU0011,2025-12-20,7,6.0
SKU0011,2025-12-21,12,10.0
SKU0011,2025-12-22,9,9.0
SKU0011,2025-12-23,13,9.0
SKU0011,2025-12-24,3,4.0
SKU0011,2025-12-25,8,6.0
SKU0011,2025-12-26,12,4.0
SKU0011,2025-12-27,11,10.0
SKU0011,2025-12-28,15,9.0
SKU0011,2025-12-29,0,10.0
SKU0011,2025-12-30,12,4.0
SKU0011,2025-12-31,7,6.0
SKU0016,2025-10-01,13,13.0
SKU0016,2025-10-02,20,12.0
SKU0016,2025-10-03,18,20.0
SKU0016,2025-10-04,30,10.0
SKU0016,2025-10-05,30,24.0
SKU0016,2025-10-06,18,18.0
SKU0016,2025-10-07,26,16.0
SKU0016,2025-10-08,29,18.0
SKU0016,2025-10-09,14,31.0
SKU0016,2025-10-10,29,12.0
SKU0016,2025-10-11,15,23.0
SKU0016,2025-10-12,5,13.0
SKU0016,2025-10-13,43,14.0
SKU0016,2025-10-14,8,6.0
SKU0016,2025-10-15,7,9.0
SKU0016,2025-10-16,12,20.0
SKU0016,2025-10-17,23,16.0
SKU0016,2025-10-18,12,16.0
SKU0016,2025-10-19,11,23.0
SKU0016,2025-10-20,30,33.0
SKU0016,2025-10-21,19,18.0
SKU0016,2025-10-22,17,31.0
SKU0016,2025-10-23,16,12.0
SKU0016,2025-10-24,25,10.0
SKU0016,2025-10-25,30,14.0
SKU0016,2025-10-26,20,13.0
SKU0016,2025-10-27,19,24.0
SKU0016,2025-10-28,22,22.0
SKU0016,2025-10-29,13,38.0
SKU0016,2025-10-30,23,13.0
SKU0016,2025-10-31,21,31.0
SKU0016,2025-11-01,23,7.0
SKU0016,2025-11-02,21,21.0
SKU0016,2025-11-03,7,14.0
SKU0016,2025-11-04,28,16.0
SKU0016,2025-11-05,18,14.0
SKU0016,2025-11-06,24,2.0
SKU0016,2025-11-07,21,17.0
SKU0016,2025-11-08,16,15.0
SKU0016,2025-11-09,8,25.0
SKU0016,2025-11-10,24,25.0
SKU0016,2025-11-11,19,13.0
SKU0016,2025-11-12,22,29.0
SKU0016,2025-11-13,22,13.0
SKU0016,2025-11-14,10,11.0
SKU0016,2025-11-15,33,26.0
SKU0016,2025-11-16,26,35.0
SKU0016,2025-11-17,32,32.0
SKU0016,2025-11-18,26,12.0
SKU0016,2025-11-19,20,8.0
SKU0016,2025-11-20,20,24.0
SKU0016,2025-11-21,22,18.0
SKU0016,2025-11-22,14,19.0
SKU0016,2025-11-23,21,19.0
SKU0016,2025-11-24,23,15.0
SKU0016,2025-11-25,33,25.0
SKU0016,2025-11-26,17,28.0
SKU0016,2025-11-27,15,11.0
SKU0016,2025-11-28,23,19.0
SKU0016,2025-11-29,32,19.0
SKU0016,2025-11-30,27,44.0
SKU0016,2025-12-01,10,17.0
SKU0016,2025-12-02,46,22.0
SKU0016,2025-12-03,29,18.0
SKU0016,2025-12-04,26,25.0
SKU0016,2025-12-05,10,10.0
SKU0016,2025-12-06,13,32.0
SKU0016,2025-12-07,32,13.0
SKU0016,2025-12-08,31,19.0
SKU0016,2025-12-09,18,23.0
SKU0016,2025-12-10,38,28.0
SKU0016,2025-12-11,35,15.0
SKU0016,2025-12-12,30,32.0
SKU0016,2025-12-13,28,23.0
SKU0016,2025-12-14,19,24.0
SKU0016,2025-12-15,24,12.0
SKU0016,2025-12-16,25,20.0
SKU0016,2025-12-17,26,30.0
SKU0016,2025-12-18,34,16.0
SKU0016,2025-12-19,40,38.0
SKU0016,2025-12-20,33,16.0
SKU0016,2025-12-21,25,30.0
SKU0016,2025-12-22,34,29.0
SKU0016,2025-12-23,39,32.0
SKU0016,2025-12-24,24,43.0
SKU0016,2025-12-25,27,34.0
SKU0016,2025-12-26,29,24.0
SKU0016,2025-12-27,20,29.0
SKU0016,2025-12-28,18,9.0
SKU0016,2025-12-29,38,15.0
SKU0016,2025-12-30,35,30.0
SKU0016,2025-12-31,32,28.0
SKU0023,2025-10-01,5,2.0
SKU0023,2025-10-02,6,3.0
SKU0023,2025-10-03,4,3.0
SKU0023,2025-10-04,3,7.0
SKU0023,2025-10-05,2,6.0
SKU0023,2025-10-06,4,0.0
SKU0023,2025-10-07,4,3.0
SKU0023,2025-10-08,4,7.0
SKU0023,2025-10-09,2,4.0
SKU0023,2025-10-10,4,2.0
SKU0023,2025-10-11,5,6.0
SKU0023,2025-10-12,2,1.0
SKU0023,2025-10-13,3,3.0
SKU0023,2025-10-14,2,2.0
SKU0023,2025-10-15,11,4.0
SKU0023,2025-10-16,6,0.0
SKU0023,2025-10-17,1,2.0
SKU0023,2025-10-18,2,2.0
SKU0023,2025-10-19,6,2.0
SKU0023,2025-10-20,5,5.0
SKU0023,2025-10-21,4,4.0
SKU0023,2025-10-22,1,3.0
SKU0023,2025-10-23,3,1.0
SKU0023,2025-10-24,8,3.0
SKU0023,2025-10-25,3,3.0
SKU0023,2025-10-26,2,1.0
SKU0023,2025-10-27,8,2.0
SKU0023,2025-10-28,0,6.0
SKU0023,2025-10-29,1,4.0
SKU0023,2025-10-30,6,6.0
SKU0023,2025-10-31,3,2.0
SKU0023,2025-11-01,11,6.0
SKU0023,2025-11-02,6,5.0
SKU0023,2025-11-03,8,5.0
SKU0023,2025-11-04,4,7.0
SKU0023,2025-11-05,3,5.0
SKU0023,2025-11-06,7,3.0
SKU0023,2025-11-07,4,7.0
SKU0023,2025-11-08,5,2.0
SKU0023,2025-11-09,2,6.0
SKU0023,2025-11-10,2,3.0
SKU0023,2025-11-11,3,1.0
SKU0023,2025-11-12,4,2.0
SKU0023,2025-11-13,1,5.0
SKU0023,2025-11-14,4,2.0
SKU0023,2025-11-15,0,5.0
SKU0023,2025-11-16,5,2.0
SKU0023,2025-11-17,7,2.0
SKU0023,2025-11-18,5,3.0
SKU0023,2025-11-19,3,3.0
SKU0023,2025-11-20,5,5.0
SKU0023,2025-11-21,10,5.0
SKU0023,2025-11-22,2,3.0
SKU0023,2025-11-23,5,4.0
SKU0023,2025-11-24,2,5.0
SKU0023,2025-11-25,5,4.0
SKU0023,2025-11-26,3,9.0
SKU0023,2025-11-27,1,1.0
SKU0023,2025-11-28,1,4.0
SKU0023,2025-11-29,1,6.0
SKU0023,2025-11-30,5,5.0
SKU0023,2025-12-01,6,7.0
SKU0023,2025-12-02,3,7.0
SKU0023,2025-12-03,2,6.0
SKU0023,2025-12-04,1,0.0
SKU0023,2025-12-05,4,5.0
SKU0023,2025-12-06,7,6.0
SKU0023,2025-12-07,5,6.0
SKU0023,2025-12-08,8,4.0
SKU0023,2025-12-09,2,4.0
SKU0023,2025-12-10,2,5.0
SKU0023,2025-12-11,7,3.0
SKU0023,2025-12-12,5,1.0
SKU0023,2025-12-13,10,3.0
SKU0023,2025-12-14,0,5.0
SKU0023,2025-12-15,4,4.0
SKU0023,2025-12-16,8,4.0
SKU0023,2025-12-17,3,8.0
SKU0023,2025-12-18,3,5.0
SKU0023,2025-12-19,7,4.0
SKU0023,2025-12-20,0,2.0
SKU0023,2025-12-21,5,5.0
SKU0023,2025-12-22,6,5.0
SKU0023,2025-12-23,7,3.0
SKU0023,2025-12-24,5,7.0
SKU0023,2025-12-25,3,5.0
SKU0023,2025-12-26,6,3.0
SKU0023,2025-12-27,5,7.0
SKU0023,2025-12-28,7,6.0
SKU0023,2025-12-29,5,1.0
SKU0023,2025-12-30,2,8.0
SKU0023,2025-12-31,6,5.0
SKU0034,2025-10-01,4,7.0
SKU0034,2025-10-02,1,3.0
SKU0034,2025-10-03,0,2.0
SKU0034,2025-10-04,9,2.0
SKU0034,2025-10-05,2,2.0
SKU0034,2025-10-06,5,6.0
SKU0034,2025-10-07,3,0.0
SKU0034,2025-10-08,4,7.0
SKU0034,2025-10-09,0,3.0
SKU0034,2025-10-10,7,2.0
SKU0034,2025-10-11,4,10.0
SKU0034,2025-10-12,3,4.0
SKU0034,2025-10-13,2,1.0
SKU0034,2025-10-14,12,4.0
SKU0034,2025-10-15,9,3.0
SKU0034,2025-10-16,3,5.0
SKU0034,2025-10-17,5,10.0
SKU0034,2025-10-18,9,5.0
SKU0034,2025-10-19,9,3.0
SKU0034,2025-10-20,3,5.0
SKU0034,2025-10-21,4,4.0
SKU0034,2025-10-22,5,3.0
SKU0034,2025-10-23,3,2.0
SKU0034,2025-10-24,5,7.0
SKU0034,2025-10-25,2,5.0
SKU0034,2025-10-26,9,3.0
SKU0034,2025-10-27,6,5.0
SKU0034,2025-10-28,4,5.0
SKU0034,2025-10-29,5,0.0
SKU0034,2025-10-30,10,5.0
SKU0034,2025-10-31,8,7.0
SKU0034,2025-11-01,6,8.0
SKU0034,2025-11-02,6,1.0
SKU0034,2025-11-03,5,1.0
SKU0034,2025-11-04,1,2.0
SKU0034,2025-11-05,9,4.0
SKU0034,2025-11-06,6,8.0
SKU0034,2025-11-07,3,1.0
SKU0034,2025-11-08,1,5.0
SKU0034,2025-11-09,2,10.0
SKU0034,2025-11-10,7,4.0
SKU0034,2025-11-11,11,8.0
SKU0034,2025-11-12,4,2.0
SKU0034,2025-11-13,4,6.0
SKU0034,2025-11-14,12,6.0
SKU0034,2025-11-15,3,7.0
SKU0034,2025-11-16,4,3.0
SKU0034,2025-11-17,13,4.0
SKU0034,2025-11-18,5,4.0
SKU0034,2025-11-19,7,10.0
SKU0034,2025-11-20,13,3.0
SKU0034,2025-11-21,8,5.0
SKU0034,2025-11-22,2,4.0
SKU0034,2025-11-23,10,2.0
SKU0034,2025-11-24,0,1.0
SKU0034,2025-11-25,4,7.0
SKU0034,2025-11-26,13,12.0
SKU0034,2025-11-27,4,2.0
SKU0034,2025-11-28,6,5.0
SKU0034,2025-11-29,3,6.0
SKU0034,2025-11-30,4,4.0
SKU0034,2025-12-01,3,6.0
SKU0034,2025-12-02,10,4.0
SKU0034,2025-12-03,5,5.0
SKU0034,2025-12-04,7,8.0
SKU0034,2025-12-05,6,10.0
SKU0034,2025-12-06,5,2.0
SKU0034,2025-12-07,2,5.0
SKU0034,2025-12-08,9,2.0
SKU0034,2025-12-09,1,3.0
SKU0034,2025-12-10,8,1.0
SKU0034,2025-12-11,6,4.0
SKU0034,2025-12-12,10,8.0
SKU0034,2025-12-13,5,3.0
SKU0034,2025-12-14,3,5.0
SKU0034,2025-12-15,6,2.0
SKU0034,2025-12-16,12,7.0
SKU0034,2025-12-17,10,5.0
SKU0034,2025-12-18,8,8.0
SKU0034,2025-12-19,6,6.0
SKU0034,2025-12-20,12,4.0
SKU0034,2025-12-21,10,4.0
SKU0034,2025-12-22,7,8.0
SKU0034,2025-12-23,5,4.0
SKU0034,2025-12-24,9,14.0
SKU0034,2025-12-25,2,9.0
SKU0034,2025-12-26,7,9.0
SKU0034,2025-12-27,8,5.0
SKU0034,2025-12-28,8,4.0
SKU0034,2025-12-29,3,8.0
SKU0034,2025-12-30,10,6.0
SKU0034,2025-12-31,6,2.0
SKU0048,2025-10-01,7,3.0
SKU0048,2025-10-02,4,4.0
SKU0048,2025-10-03,5,4.0
SKU0048,2025-10-04,4,5.0
SKU0048,2025-10-05,6,3.0
SKU0048,2025-10-06,4,3.0
SKU0048,2025-10-07,7,2.0
SKU0048,2025-10-08,3,10.0
SKU0048,2025-10-09,5,5.0
SKU0048,2025-10-10,8,4.0
SKU0048,2025-10-11,5,7.0
SKU0048,2025-10-12,7,3.0
SKU0048,2025-10-13,4,11.0
SKU0048,2025-10-14,2,10.0
SKU0048,2025-10-15,10,6.0
SKU0048,2025-10-16,9,3.0
SKU0048,2025-10-17,5,8.0
SKU0048,2025-10-18,1,7.0
SKU0048,2025-10-19,7,5.0
SKU0048,2025-10-20,10,5.0
SKU0048,2025-10-21,3,4.0
SKU0048,2025-10-22,4,4.0
SKU0048,2025-10-23,5,8.0
SKU0048,2025-10-24,3,6.0
SKU0048,2025-10-25,8,3.0
SKU0048,2025-10-26,6,8.0
SKU0048,2025-10-27,9,8.0
SKU0048,2025-10-28,3,7.0
SKU0048,2025-10-29,11,4.0
SKU0048,2025-10-30,2,3.0
SKU0048,2025-10-31,1,8.0
SKU0048,2025-11-01,1,6.0
SKU0048,2025-11-02,4,4.0
SKU0048,2025-11-03,3,8.0
SKU0048,2025-11-04,3,5.0
SKU0048,2025-11-05,7,3.0
SKU0048,2025-11-06,11,7.0
SKU0048,2025-11-07,1,3.0
SKU0048,2025-11-08,10,7.0
SKU0048,2025-11-09,6,5.0
SKU0048,2025-11-10,7,3.0
SKU0048,2025-11-11,9,7.0
SKU0048,2025-11-12,6,2.0
SKU0048,2025-11-13,6,19.0
SKU0048,2025-11-14,4,7.0
SKU0048,2025-11-15,3,7.0
SKU0048,2025-11-16,6,2.0
SKU0048,2025-11-17,11,10.0
SKU0048,2025-11-18,5,5.0
SKU0048,2025-11-19,2,8.0
SKU0048,2025-11-20,5,8.0
SKU0048,2025-11-21,9,7.0
SKU0048,2025-11-22,11,12.0
SKU0048,2025-11-23,5,7.0
SKU0048,2025-11-24,9,10.0
SKU0048,2025-11-25,7,7.0
SKU0048,2025-11-26,7,16.0
SKU0048,2025-11-27,8,8.0
SKU0048,2025-11-28,2,5.0
SKU0048,2025-11-29,4,4.0
SKU0048,2025-11-30,17,5.0
SKU0048,2025-12-01,8,6.0
SKU0048,2025-12-02,14,7.0
SKU0048,2025-12-03,4,8.0
SKU0048,2025-12-04,8,16.0
SKU0048,2025-12-05,9,11.0
SKU0048,2025-12-06,7,9.0
SKU0048,2025-12-07,5,5.0
SKU0048,2025-12-08,6,10.0
SKU0048,2025-12-09,4,10.0
SKU0048,2025-12-10,12,7.0
SKU0048,2025-12-11,6,10.0
SKU0048,2025-12-12,6,8.0
SKU0048,2025-12-13,7,12.0
SKU0048,2025-12-14,10,8.0
SKU0048,2025-12-15,6,8.0
SKU0048,2025-12-16,14,8.0
SKU0048,2025-12-17,7,12.0
SKU0048,2025-12-18,4,13.0
SKU0048,2025-12-19,8,3.0
SKU0048,2025-12-20,9,2.0
SKU0048,2025-12-21,16,14.0
SKU0048,2025-12-22,9,9.0
SKU0048,2025-12-23,5,9.0
SKU0048,2025-12-24,11,4.0
SKU0048,2025-12-25,14,13.0
SKU0048,2025-12-26,8,7.0
SKU0048,2025-12-27,9,3.0
SKU0048,2025-12-28,13,10.0
SKU0048,2025-12-29,15,14.0
SKU0048,2025-12-30,5,7.0
SKU0048,2025-12-31,11,12.0
SKU0059,2025-10-01,2,2.0
SKU0059,2025-10-02,3,6.0
SKU0059,2025-10-03,5,8.0
SKU0059,2025-10-04,6,7.0
SKU0059,2025-10-05,4,2.0
SKU0059,2025-10-06,2,2.0
SKU0059,2025-10-07,4,6.0
SKU0059,2025-10-08,1,3.0
SKU0059,2025-10-09,2,5.0
SKU0059,2025-10-10,14,2.0
SKU0059,2025-10-11,8,9.0
SKU0059,2025-10-12,2,1.0
SKU0059,2025-10-13,3,4.0
SKU0059,2025-10-14,6,8.0
SKU0059,2025-10-15,4,7.0
SKU0059,2025-10-16,4,0.0
SKU0059,2025-10-17,4,3.0
SKU0059,2025-10-18,0,4.0
SKU0059,2025-10-19,9,0.0
SKU0059,2025-10-20,2,6.0
SKU0059,2025-10-21,10,1.0
SKU0059,2025-10-22,5,4.0
SKU0059,2025-10-23,3,5.0
SKU0059,2025-10-24,4,5.0
SKU0059,2025-10-25,4,4.0
SKU0059,2025-10-26,4,5.0
SKU0059,2025-10-27,5,3.0
SKU0059,2025-10-28,3,4.0
SKU0059,2025-10-29,0,2.0
SKU0059,2025-10-30,1,1.0
SKU0059,2025-10-31,8,3.0
SKU0059,2025-11-01,5,5.0
SKU0059,2025-11-02,4,4.0
SKU0059,2025-11-03,5,2.0
SKU0059,2025-11-04,2,3.0
SKU0059,2025-11-05,7,3.0
SKU0059,2025-11-06,3,5.0
SKU0059,2025-11-07,10,9.0
SKU0059,2025-11-08,2,9.0
SKU0059,2025-11-09,0,3.0
SKU0059,2025-11-10,6,3.0
SKU0059,2025-11-11,1,2.0
SKU0059,2025-11-12,4,3.0
SKU0059,2025-11-13,5,6.0
SKU0059,2025-11-14,7,4.0
SKU0059,2025-11-15,2,4.0
SKU0059,2025-11-16,7,5.0
SKU0059,2025-11-17,5,4.0
SKU0059,2025-11-18,5,11.0
SKU0059,2025-11-19,4,8.0
SKU0059,2025-11-20,3,6.0
SKU0059,2025-11-21,7,4.0
SKU0059,2025-11-22,6,3.0
SKU0059,2025-11-23,4,4.0
SKU0059,2025-11-24,5,6.0
SKU0059,2025-11-25,6,8.0
SKU0059,2025-11-26,10,5.0
SKU0059,2025-11-27,0,9.0
SKU0059,2025-11-28,4,2.0
SKU0059,2025-11-29,10,4.0
SKU0059,2025-11-30,3,5.0
SKU0059,2025-12-01,9,3.0
SKU0059,2025-12-02,4,4.0
SKU0059,2025-12-03,17,8.0
SKU0059,2025-12-04,1,3.0
SKU0059,2025-12-05,2,7.0
SKU0059,2025-12-06,5,0.0
SKU0059,2025-12-07,8,5.0
SKU0059,2025-12-08,6,6.0
SKU0059,2025-12-09,3,2.0
SKU0059,2025-12-10,8,3.0
SKU0059,2025-12-11,3,3.0
SKU0059,2025-12-12,1,5.0
SKU0059,2025-12-13,5,4.0
SKU0059,2025-12-14,6,3.0
SKU0059,2025-12-15,5,4.0
SKU0059,2025-12-16,7,5.0
SKU0059,2025-12-17,11,6.0
SKU0059,2025-12-18,9,6.0
SKU0059,2025-12-19,5,6.0
SKU0059,2025-12-20,6,7.0
SKU0059,2025-12-21,12,6.0
SKU0059,2025-12-22,8,9.0
SKU0059,2025-12-23,4,5.0
SKU0059,2025-12-24,5,8.0
SKU0059,2025-12-25,5,3.0
SKU0059,2025-12-26,8,9.0
SKU0059,2025-12-27,8,2.0
SKU0059,2025-12-28,7,7.0
SKU0059,2025-12-29,7,6.0
SKU0059,2025-12-30,5,3.0
SKU0059,2025-12-31,6,5.0
SKU0062,2025-10-01,4,8.0
SKU0062,2025-10-02,14,14.0
SKU0062,2025-10-03,10,8.0
SKU0062,2025-10-04,16,10.0
SKU0062,2025-10-05,19,4.0
SKU0062,2025-10-06,12,8.0
SKU0062,2025-10-07,9,7.0
SKU0062,2025-10-08,15,13.0
SKU0062,2025-10-09,10,15.0
SKU0062,2025-10-10,12,8.0
SKU0062,2025-10-11,2,16.0
SKU0062,2025-10-12,12,7.0
SKU0062,2025-10-13,6,9.0
SKU0062,2025-10-14,5,7.0
SKU0062,2025-10-15,10,11.0
SKU0062,2025-10-16,5,10.0
SKU0062,2025-10-17,4,3.0
SKU0062,2025-10-18,10,13.0
SKU0062,2025-10-19,12,10.0
SKU0062,2025-10-20,7,12.0
SKU0062,2025-10-21,10,4.0
SKU0062,2025-10-22,10,19.0
SKU0062,2025-10-23,20,18.0
SKU0062,2025-10-24,16,12.0
SKU0062,2025-10-25,7,12.0
SKU0062,2025-10-26,9,11.0
SKU0062,2025-10-27,7,11.0
SKU0062,2025-10-28,12,17.0
SKU0062,2025-10-29,10,7.0
SKU0062,2025-10-30,15,13.0
SKU0062,2025-10-31,6,14.0
SKU0062,2025-11-01,8,9.0
SKU0062,2025-11-02,15,14.0
SKU0062,2025-11-03,21,11.0
SKU0062,2025-11-04,16,12.0
SKU0062,2025-11-05,5,2.0
SKU0062,2025-11-06,10,6.0
SKU0062,2025-11-07,16,14.0
SKU0062,2025-11-08,14,6.0
SKU0062,2025-11-09,3,17.0
SKU0062,2025-11-10,13,3.0
SKU0062,2025-11-11,13,19.0
SKU0062,2025-11-12,15,12.0
SKU0062,2025-11-13,12,22.0
SKU0062,2025-11-14,19,8.0
SKU0062,2025-11-15,13,12.0
SKU0062,2025-11-16,3,16.0
SKU0062,2025-11-17,12,15.0
SKU0062,2025-11-18,14,8.0
SKU0062,2025-11-19,14,13.0
SKU0062,2025-11-20,17,6.0
SKU0062,2025-11-21,15,15.0
SKU0062,2025-11-22,12,11.0
SKU0062,2025-11-23,6,9.0
SKU0062,2025-11-24,18,8.0
SKU0062,2025-11-25,7,15.0
SKU0062,2025-11-26,12,12.0
SKU0062,2025-11-27,5,10.0
SKU0062,2025-11-28,19,16.0
SKU0062,2025-11-29,12,8.0
SKU0062,2025-11-30,10,11.0
SKU0062,2025-12-01,16,22.0
SKU0062,2025-12-02,12,17.0
SKU0062,2025-12-03,15,19.0
SKU0062,2025-12-04,3,23.0
SKU0062,2025-12-05,3,20.0
SKU0062,2025-12-06,15,17.0
SKU0062,2025-12-07,9,15.0
SKU0062,2025-12-08,13,18.0
SKU0062,2025-12-09,10,16.0
SKU0062,2025-12-10,10,5.0
SKU0062,2025-12-11,12,21.0
SKU0062,2025-12-12,8,14.0
SKU0062,2025-12-13,13,11.0
SKU0062,2025-12-14,11,3.0
SKU0062,2025-12-15,7,16.0
SKU0062,2025-12-16,13,12.0
SKU0062,2025-12-17,11,14.0
SKU0062,2025-12-18,26,12.0
SKU0062,2025-12-19,15,15.0
SKU0062,2025-12-20,21,22.0
SKU0062,2025-12-21,21,6.0
SKU0062,2025-12-22,18,9.0
SKU0062,2025-12-23,9,12.0
SKU0062,2025-12-24,21,23.0
SKU0062,2025-12-25,21,20.0
SKU0062,2025-12-26,11,20.0
SKU0062,2025-12-27,16,2.0
SKU0062,2025-12-28,18,9.0
SKU0062,2025-12-29,9,16.0
SKU0062,2025-12-30,25,10.0
SKU0062,2025-12-31,9,10.0
SKU0067,2025-10-01,3,7.0
SKU0067,2025-10-02,4,7.0
SKU0067,2025-10-03,11,8.0
SKU0067,2025-10-04,9,6.0
SKU0067,2025-10-05,6,11.0
SKU0067,2025-10-06,5,4.0
SKU0067,2025-10-07,2,5.0
SKU0067,2025-10-08,7,3.0
SKU0067,2025-10-09,3,9.0
SKU0067,2025-10-10,10,4.0
SKU0067,2025-10-11,3,10.0
SKU0067,2025-10-12,10,4.0
SKU0067,2025-10-13,10,3.0
SKU0067,2025-10-14,1,4.0
SKU0067,2025-10-15,7,3.0
SKU0067,2025-10-16,13,8.0
SKU0067,2025-10-17,8,4.0
SKU0067,2025-10-18,3,9.0
SKU0067,2025-10-19,6,3.0
SKU0067,2025-10-20,5,8.0
SKU0067,2025-10-21,5,5.0
SKU0067,2025-10-22,4,6.0
SKU0067,2025-10-23,2,5.0
SKU0067,2025-10-24,7,5.0
SKU0067,2025-10-25,6,6.0
SKU0067,2025-10-26,5,4.0
SKU0067,2025-10-27,10,2.0
SKU0067,2025-10-28,6,5.0
SKU0067,2025-10-29,5,7.0
SKU0067,2025-10-30,4,9.0
SKU0067,2025-10-31,5,3.0
SKU0067,2025-11-01,4,3.0
SKU0067,2025-11-02,6,13.0
SKU0067,2025-11-03,10,3.0
SKU0067,2025-11-04,3,10.0
SKU0067,2025-11-05,1,5.0
SKU0067,2025-11-06,11,4.0
SKU0067,2025-11-07,4,12.0
SKU0067,2025-11-08,5,3.0
SKU0067,2025-11-09,7,7.0
SKU0067,2025-11-10,12,11.0
SKU0067,2025-11-11,4,4.0
SKU0067,2025-11-12,7,3.0
SKU0067,2025-11-13,8,2.0
SKU0067,2025-11-14,4,6.0
SKU0067,2025-11-15,8,12.0
SKU0067,2025-11-16,7,8.0
SKU0067,2025-11-17,4,1.0
SKU0067,2025-11-18,4,6.0
SKU0067,2025-11-19,3,3.0
SKU0067,2025-11-20,2,13.0
SKU0067,2025-11-21,16,11.0
SKU0067,2025-11-22,9,7.0
SKU0067,2025-11-23,8,6.0
SKU0067,2025-11-24,8,10.0
SKU0067,2025-11-25,8,9.0
SKU0067,2025-11-26,8,22.0
SKU0067,2025-11-27,11,2.0
SKU0067,2025-11-28,4,4.0
SKU0067,2025-11-29,11,2.0
SKU0067,2025-11-30,7,4.0
SKU0067,2025-12-01,0,8.0
SKU0067,2025-12-02,12,8.0
SKU0067,2025-12-03,14,5.0
SKU0067,2025-12-04,4,7.0
SKU0067,2025-12-05,0,3.0
SKU0067,2025-12-06,12,6.0
SKU0067,2025-12-07,4,7.0
SKU0067,2025-12-08,9,4.0
SKU0067,2025-12-09,9,5.0
SKU0067,2025-12-10,6,7.0
SKU0067,2025-12-11,4,9.0
SKU0067,2025-12-12,14,8.0
SKU0067,2025-12-13,18,8.0
SKU0067,2025-12-14,2,10.0
SKU0067,2025-12-15,15,7.0
SKU0067,2025-12-16,25,16.0
SKU0067,2025-12-17,9,7.0
SKU0067,2025-12-18,13,8.0
SKU0067,2025-12-19,11,5.0
SKU0067,2025-12-20,7,4.0
SKU0067,2025-12-21,5,8.0
SKU0067,2025-12-22,11,11.0
SKU0067,2025-12-23,2,2.0
SKU0067,2025-12-24,3,12.0
SKU0067,2025-12-25,9,12.0
SKU0067,2025-12-26,8,13.0
SKU0067,2025-12-27,16,12.0
SKU0067,2025-12-28,9,9.0
SKU0067,2025-12-29,9,6.0
SKU0067,2025-12-30,12,6.0
SKU0067,2025-12-31,15,15.0
SKU0069,2025-10-01,1,5.0
SKU0069,2025-10-02,3,5.0
SKU0069,2025-10-03,6,11.0
SKU0069,2025-10-04,4,4.0
SKU0069,2025-10-05,3,3.0
SKU0069,2025-10-06,1,5.0
SKU0069,2025-10-07,4,3.0
SKU0069,2025-10-08,4,3.0
SKU0069,2025-10-09,7,5.0
SKU0069,2025-10-10,8,4.0
SKU0069,2025-10-11,2,4.0
SKU0069,2025-10-12,4,2.0
SKU0069,2025-10-13,8,3.0
SKU0069,2025-10-14,6,6.0
SKU0069,2025-10-15,2,2.0
SKU0069,2025-10-16,1,1.0
SKU0069,2025-10-17,1,5.0
SKU0069,2025-10-18,3,5.0
SKU0069,2025-10-19,1,5.0
SKU0069,2025-10-20,4,5.0
SKU0069,2025-10-21,5,1.0
SKU0069,2025-10-22,3,6.0
SKU0069,2025-10-23,2,1.0
SKU0069,2025-10-24,2,2.0
SKU0069,2025-10-25,4,4.0
SKU0069,2025-10-26,3,4.0
SKU0069,2025-10-27,3,5.0
SKU0069,2025-10-28,1,3.0
SKU0069,2025-10-29,3,11.0
SKU0069,2025-10-30,5,3.0
SKU0069,2025-10-31,2,2.0
SKU0069,2025-11-01,12,1.0
SKU0069,2025-11-02,4,3.0
SKU0069,2025-11-03,7,2.0
SKU0069,2025-11-04,4,3.0
SKU0069,2025-11-05,3,6.0
SKU0069,2025-11-06,4,4.0
SKU0069,2025-11-07,9,2.0
SKU0069,2025-11-08,8,3.0
SKU0069,2025-11-09,4,4.0
SKU0069,2025-11-10,6,3.0
SKU0069,2025-11-11,2,3.0
SKU0069,2025-11-12,5,4.0
SKU0069,2025-11-13,4,4.0
SKU0069,2025-11-14,2,2.0
SKU0069,2025-11-15,7,4.0
SKU0069,2025-11-16,3,6.0
SKU0069,2025-11-17,2,3.0
SKU0069,2025-11-18,5,1.0
SKU0069,2025-11-19,3,3.0
SKU0069,2025-11-20,3,2.0
SKU0069,2025-11-21,12,5.0
SKU0069,2025-11-22,7,2.0
SKU0069,2025-11-23,5,3.0
SKU0069,2025-11-24,3,1.0
SKU0069,2025-11-25,2,1.0
SKU0069,2025-11-26,5,7.0
SKU0069,2025-11-27,2,8.0
SKU0069,2025-11-28,8,6.0
SKU0069,2025-11-29,5,3.0
SKU0069,2025-11-30,7,7.0
SKU0069,2025-12-01,6,6.0
SKU0069,2025-12-02,3,10.0
SKU0069,2025-12-03,9,5.0
SKU0069,2025-12-04,5,4.0
SKU0069,2025-12-05,8,4.0
SKU0069,2025-12-06,3,2.0
SKU0069,2025-12-07,11,6.0
SKU0069,2025-12-08,2,4.0
SKU0069,2025-12-09,7,5.0
SKU0069,2025-12-10,3,3.0
SKU0069,2025-12-11,2,4.0
SKU0069,2025-12-12,4,1.0
SKU0069,2025-12-13,5,4.0
SKU0069,2025-12-14,6,4.0
SKU0069,2025-12-15,3,13.0
SKU0069,2025-12-16,7,7.0
SKU0069,2025-12-17,4,5.0
SKU0069,2025-12-18,5,4.0
SKU0069,2025-12-19,8,5.0
SKU0069,2025-12-20,4,6.0
SKU0069,2025-12-21,6,8.0
SKU0069,2025-12-22,8,8.0
SKU0069,2025-12-23,5,2.0
SKU0069,2025-12-24,8,7.0
SKU0069,2025-12-25,5,4.0
SKU0069,2025-12-26,7,2.0
SKU0069,2025-12-27,10,2.0
SKU0069,2025-12-28,3,7.0
SKU0069,2025-12-29,5,2.0
SKU0069,2025-12-30,8,12.0
SKU0069,2025-12-31,12,4.0
SKU0070,2025-10-01,1,2.0
SKU0070,2025-10-02,5,4.0
SKU0070,2025-10-03,2,7.0
SKU0070,2025-10-04,2,13.0
SKU0070,2025-10-05,1,6.0
SKU0070,2025-10-06,8,1.0
SKU0070,2025-10-07,11,6.0
SKU0070,2025-10-08,4,2.0
SKU0070,2025-10-09,4,6.0
SKU0070,2025-10-10,6,2.0
SKU0070,2025-10-11,3,5.0
SKU0070,2025-10-12,2,8.0
SKU0070,2025-10-13,5,3.0
SKU0070,2025-10-14,9,7.0
SKU0070,2025-10-15,1,0.0
SKU0070,2025-10-16,4,4.0
SKU0070,2025-10-17,2,6.0
SKU0070,2025-10-18,3,3.0
SKU0070,2025-10-19,5,5.0
SKU0070,2025-10-20,2,3.0
SKU0070,2025-10-21,6,4.0
SKU0070,2025-10-22,2,5.0
SKU0070,2025-10-23,5,8.0
SKU0070,2025-10-24,7,2.0
SKU0070,2025-10-25,2,0.0
SKU0070,2025-10-26,4,1.0
SKU0070,2025-10-27,5,5.0
SKU0070,2025-10-28,2,1.0
SKU0070,2025-10-29,0,6.0
SKU0070,2025-10-30,3,8.0
SKU0070,2025-10-31,7,10.0
SKU0070,2025-11-01,8,6.0
SKU0070,2025-11-02,8,4.0
SKU0070,2025-11-03,4,3.0
SKU0070,2025-11-04,3,1.0
SKU0070,2025-11-05,7,3.0
SKU0070,2025-11-06,6,3.0
SKU0070,2025-11-07,8,2.0
SKU0070,2025-11-08,1,7.0
SKU0070,2025-11-09,6,5.0
SKU0070,2025-11-10,6,2.0
SKU0070,2025-11-11,5,1.0
SKU0070,2025-11-12,6,11.0
SKU0070,2025-11-13,9,2.0
SKU0070,2025-11-14,13,6.0
SKU0070,2025-11-15,9,6.0
SKU0070,2025-11-16,0,4.0
SKU0070,2025-11-17,10,8.0
SKU0070,2025-11-18,4,12.0
SKU0070,2025-11-19,11,9.0
SKU0070,2025-11-20,4,3.0
SKU0070,2025-11-21,9,4.0
SKU0070,2025-11-22,5,4.0
SKU0070,2025-11-23,6,6.0
SKU0070,2025-11-24,4,4.0
SKU0070,2025-11-25,2,6.0
SKU0070,2025-11-26,4,5.0
SKU0070,2025-11-27,8,6.0
SKU0070,2025-11-28,3,3.0
SKU0070,2025-11-29,4,10.0
SKU0070,2025-11-30,3,4.0
SKU0070,2025-12-01,6,4.0
SKU0070,2025-12-02,5,12.0
SKU0070,2025-12-03,5,2.0
SKU0070,2025-12-04,3,3.0
SKU0070,2025-12-05,3,10.0
SKU0070,2025-12-06,7,4.0
SKU0070,2025-12-07,8,6.0
SKU0070,2025-12-08,5,7.0
SKU0070,2025-12-09,3,7.0
SKU0070,2025-12-10,6,8.0
SKU0070,2025-12-11,10,7.0
SKU0070,2025-12-12,10,10.0
SKU0070,2025-12-13,7,7.0
SKU0070,2025-12-14,7,7.0
SKU0070,2025-12-15,6,4.0
SKU0070,2025-12-16,3,4.0
SKU0070,2025-12-17,4,9.0
SKU0070,2025-12-18,12,9.0
SKU0070,2025-12-19,7,5.0
SKU0070,2025-12-20,3,3.0
SKU0070,2025-12-21,5,2.0
SKU0070,2025-12-22,2,8.0
SKU0070,2025-12-23,7,1.0
SKU0070,2025-12-24,9,9.0
SKU0070,2025-12-25,3,2.0
SKU0070,2025-12-26,4,7.0
SKU0070,2025-12-27,8,5.0
SKU0070,2025-12-28,8,5.0
SKU0070,2025-12-29,11,8.0
SKU0070,2025-12-30,9,10.0
SKU0070,2025-12-31,12,8.0
SKU0078,2025-10-01,3,1.0
SKU0078,2025-10-02,1,5.0
SKU0078,2025-10-03,0,3.0
SKU0078,2025-10-04,5,2.0
SKU0078,2025-10-05,8,5.0
SKU0078,2025-10-06,1,2.0
SKU0078,2025-10-07,3,1.0
SKU0078,2025-10-08,3,3.0
SKU0078,2025-10-09,3,0.0
SKU0078,2025-10-10,4,2.0
SKU0078,2025-10-11,3,5.0
SKU0078,2025-10-12,4,6.0
SKU0078,2025-10-13,1,7.0
SKU0078,2025-10-14,2,2.0
SKU0078,2025-10-15,8,2.0
SKU0078,2025-10-16,1,4.0
SKU0078,2025-10-17,3,3.0
SKU0078,2025-10-18,2,3.0
SKU0078,2025-10-19,3,3.0
SKU0078,2025-10-20,3,4.0
SKU0078,2025-10-21,2,2.0
SKU0078,2025-10-22,2,4.0
SKU0078,2025-10-23,4,7.0
SKU0078,2025-10-24,3,11.0
SKU0078,2025-10-25,3,3.0
SKU0078,2025-10-26,9,0.0
SKU0078,2025-10-27,8,3.0
SKU0078,2025-10-28,2,0.0
SKU0078,2025-10-29,5,7.0
SKU0078,2025-10-30,3,2.0
SKU0078,2025-10-31,1,7.0
SKU0078,2025-11-01,2,1.0
SKU0078,2025-11-02,8,3.0
SKU0078,2025-11-03,2,11.0
SKU0078,2025-11-04,3,2.0
SKU0078,2025-11-05,7,0.0
SKU0078,2025-11-06,4,4.0
SKU0078,2025-11-07,3,7.0
SKU0078,2025-11-08,4,4.0
SKU0078,2025-11-09,4,4.0
SKU0078,2025-11-10,5,3.0
SKU0078,2025-11-11,1,1.0
SKU0078,2025-11-12,4,3.0
SKU0078,2025-11-13,10,10.0
SKU0078,2025-11-14,6,13.0
SKU0078,2025-11-15,7,3.0
SKU0078,2025-11-16,6,5.0
SKU0078,2025-11-17,3,2.0
SKU0078,2025-11-18,5,3.0
SKU0078,2025-11-19,1,4.0
SKU0078,2025-11-20,9,4.0
SKU0078,2025-11-21,3,9.0
SKU0078,2025-11-22,5,6.0
SKU0078,2025-11-23,7,7.0
SKU0078,2025-11-24,1,1.0
SKU0078,2025-11-25,11,2.0
SKU0078,2025-11-26,9,4.0
SKU0078,2025-11-27,3,1.0
SKU0078,2025-11-28,6,7.0
SKU0078,2025-11-29,5,5.0
SKU0078,2025-11-30,3,8.0
SKU0078,2025-12-01,7,3.0
SKU0078,2025-12-02,10,6.0
SKU0078,2025-12-03,7,6.0
SKU0078,2025-12-04,5,4.0
SKU0078,2025-12-05,15,5.0
SKU0078,2025-12-06,1,7.0
SKU0078,2025-12-07,5,6.0
SKU0078,2025-12-08,6,2.0
SKU0078,2025-12-09,5,8.0
SKU0078,2025-12-10,5,7.0
SKU0078,2025-12-11,7,5.0
SKU0078,2025-12-12,3,7.0
SKU0078,2025-12-13,6,6.0
SKU0078,2025-12-14,1,4.0
SKU0078,2025-12-15,9,4.0
SKU0078,2025-12-16,8,5.0
SKU0078,2025-12-17,5,4.0
SKU0078,2025-12-18,6,15.0
SKU0078,2025-12-19,5,4.0
SKU0078,2025-12-20,12,3.0
SKU0078,2025-12-21,12,6.0
SKU0078,2025-12-22,7,7.0
SKU0078,2025-12-23,4,12.0
SKU0078,2025-12-24,11,1.0
SKU0078,2025-12-25,4,10.0
SKU0078,2025-12-26,3,7.0
SKU0078,2025-12-27,5,10.0
SKU0078,2025-12-28,10,7.0
SKU0078,2025-12-29,3,6.0
SKU0078,2025-12-30,10,9.0
SKU0078,2025-12-31,14,0.0
SKU0079,2025-10-01,3,7.0
SKU0079,2025-10-02,4,1.0
SKU0079,2025-10-03,7,6.0
SKU0079,2025-10-04,3,5.0
SKU0079,2025-10-05,4,3.0
SKU0079,2025-10-06,0,1.0
SKU0079,2025-10-07,1,4.0
SKU0079,2025-10-08,1,4.0
SKU0079,2025-10-09,3,2.0
SKU0079,2025-10-10,1,2.0
SKU0079,2025-10-11,4,5.0
SKU0079,2025-10-12,6,2.0
SKU0079,2025-10-13,1,3.0
SKU0079,2025-10-14,5,5.0
SKU0079,2025-10-15,7,4.0
SKU0079,2025-10-16,0,3.0
SKU0079,2025-10-17,1,6.0
SKU0079,2025-10-18,2,5.0
SKU0079,2025-10-19,5,4.0
SKU0079,2025-10-20,2,4.0
SKU0079,2025-10-21,2,3.0
SKU0079,2025-10-22,6,2.0
SKU0079,2025-10-23,3,1.0
SKU0079,2025-10-24,5,10.0
SKU0079,2025-10-25,4,5.0
SKU0079,2025-10-26,4,4.0
SKU0079,2025-10-27,3,2.0
SKU0079,2025-10-28,4,0.0
SKU0079,2025-10-29,6,0.0
SKU0079,2025-10-30,1,5.0
SKU0079,2025-10-31,5,3.0
SKU0079,2025-11-01,7,4.0
SKU0079,2025-11-02,11,3.0
SKU0079,2025-11-03,7,5.0
SKU0079,2025-11-04,4,5.0
SKU0079,2025-11-05,2,1.0
SKU0079,2025-11-06,3,2.0
SKU0079,2025-11-07,2,4.0
SKU0079,2025-11-08,9,0.0
SKU0079,2025-11-09,4,4.0
SKU0079,2025-11-10,2,4.0
SKU0079,2025-11-11,3,1.0
SKU0079,2025-11-12,4,3.0
SKU0079,2025-11-13,6,8.0
SKU0079,2025-11-14,4,2.0
SKU0079,2025-11-15,4,1.0
SKU0079,2025-11-16,5,6.0
SKU0079,2025-11-17,6,6.0
SKU0079,2025-11-18,2,0.0
SKU0079,2025-11-19,7,13.0
SKU0079,2025-11-20,4,3.0
SKU0079,2025-11-21,2,3.0
SKU0079,2025-11-22,7,12.0
SKU0079,2025-11-23,6,9.0
SKU0079,2025-11-24,6,6.0
SKU0079,2025-11-25,4,7.0
SKU0079,2025-11-26,5,0.0
SKU0079,2025-11-27,2,1.0
SKU0079,2025-11-28,6,5.0
SKU0079,2025-11-29,5,3.0
SKU0079,2025-11-30,7,5.0
SKU0079,2025-12-01,7,6.0
SKU0079,2025-12-02,4,2.0
SKU0079,2025-12-03,5,3.0
SKU0079,2025-12-04,5,6.0
SKU0079,2025-12-05,2,3.0
SKU0079,2025-12-06,6,5.0
SKU0079,2025-12-07,7,3.0
SKU0079,2025-12-08,8,3.0
SKU0079,2025-12-09,3,6.0
SKU0079,2025-12-10,7,1.0
SKU0079,2025-12-11,4,2.0
SKU0079,2025-12-12,6,5.0
SKU0079,2025-12-13,7,7.0
SKU0079,2025-12-14,5,8.0
SKU0079,2025-12-15,7,4.0
SKU0079,2025-12-16,6,3.0
SKU0079,2025-12-17,6,7.0
SKU0079,2025-12-18,10,9.0
SKU0079,2025-12-19,4,1.0
SKU0079,2025-12-20,3,3.0
SKU0079,2025-12-21,11,4.0
SKU0079,2025-12-22,11,3.0
SKU0079,2025-12-23,4,4.0
SKU0079,2025-12-24,7,6.0
SKU0079,2025-12-25,4,2.0
SKU0079,2025-12-26,2,4.0
SKU0079,2025-12-27,9,3.0
SKU0079,2025-12-28,9,8.0
SKU0079,2025-12-29,5,1.0
SKU0079,2025-12-30,4,5.0
SKU0079,2025-12-31,8,3.0
SKU0081,2025-10-01,2,1.0
SKU0081,2025-10-02,3,4.0
SKU0081,2025-10-03,2,6.0
SKU0081,2025-10-04,1,7.0
SKU0081,2025-10-05,7,8.0
SKU0081,2025-10-06,4,2.0
SKU0081,2025-10-07,6,3.0
SKU0081,2025-10-08,3,2.0
SKU0081,2025-10-09,2,5.0
SKU0081,2025-10-10,3,9.0
SKU0081,2025-10-11,3,5.0
SKU0081,2025-10-12,8,3.0
SKU0081,2025-10-13,2,2.0
SKU0081,2025-10-14,4,1.0
SKU0081,2025-10-15,1,4.0
SKU0081,2025-10-16,3,11.0
SKU0081,2025-10-17,8,3.0
SKU0081,2025-10-18,4,1.0
SKU0081,2025-10-19,1,3.0
SKU0081,2025-10-20,5,3.0
SKU0081,2025-10-21,2,1.0
SKU0081,2025-10-22,5,3.0
SKU0081,2025-10-23,2,4.0
SKU0081,2025-10-24,3,4.0
SKU0081,2025-10-25,3,2.0
SKU0081,2025-10-26,3,2.0
SKU0081,2025-10-27,5,4.0
SKU0081,2025-10-28,0,5.0
SKU0081,2025-10-29,4,9.0
SKU0081,2025-10-30,2,1.0
SKU0081,2025-10-31,4,4.0
SKU0081,2025-11-01,7,4.0
SKU0081,2025-11-02,3,3.0
SKU0081,2025-11-03,3,5.0
SKU0081,2025-11-04,5,4.0
SKU0081,2025-11-05,4,2.0
SKU0081,2025-11-06,9,1.0
SKU0081,2025-11-07,7,3.0
SKU0081,2025-11-08,5,6.0
SKU0081,2025-11-09,3,1.0
SKU0081,2025-11-10,5,6.0
SKU0081,2025-11-11,2,5.0
SKU0081,2025-11-12,3,3.0
SKU0081,2025-11-13,4,5.0
SKU0081,2025-11-14,8,6.0
SKU0081,2025-11-15,1,8.0
SKU0081,2025-11-16,8,3.0
SKU0081,2025-11-17,5,5.0
SKU0081,2025-11-18,2,2.0
SKU0081,2025-11-19,7,5.0
SKU0081,2025-11-20,3,2.0
SKU0081,2025-11-21,6,4.0
SKU0081,2025-11-22,10,5.0
SKU0081,2025-11-23,7,8.0
SKU0081,2025-11-24,0,1.0
SKU0081,2025-11-25,3,6.0
SKU0081,2025-11-26,2,2.0
SKU0081,2025-11-27,5,2.0
SKU0081,2025-11-28,6,5.0
SKU0081,2025-11-29,5,3.0
SKU0081,2025-11-30,7,4.0
SKU0081,2025-12-01,4,1.0
SKU0081,2025-12-02,7,3.0
SKU0081,2025-12-03,9,2.0
SKU0081,2025-12-04,3,3.0
SKU0081,2025-12-05,3,3.0
SKU0081,2025-12-06,2,4.0
SKU0081,2025-12-07,3,5.0
SKU0081,2025-12-08,2,5.0
SKU0081,2025-12-09,2,6.0
SKU0081,2025-12-10,5,8.0
SKU0081,2025-12-11,8,8.0
SKU0081,2025-12-12,1,6.0
SKU0081,2025-12-13,5,4.0
SKU0081,2025-12-14,5,1.0
SKU0081,2025-12-15,2,5.0
SKU0081,2025-12-16,7,8.0
SKU0081,2025-12-17,4,4.0
SKU0081,2025-12-18,6,3.0
SKU0081,2025-12-19,4,10.0
SKU0081,2025-12-20,3,2.0
SKU0081,2025-12-21,7,1.0
SKU0081,2025-12-22,7,4.0
SKU0081,2025-12-23,11,6.0
SKU0081,2025-12-24,8,5.0
SKU0081,2025-12-25,3,4.0
SKU0081,2025-12-26,7,5.0
SKU0081,2025-12-27,8,1.0
SKU0081,2025-12-28,3,5.0
SKU0081,2025-12-29,4,3.0
SKU0081,2025-12-30,14,10.0
SKU0081,2025-12-31,14,4.0
SKU0088,2025-10-01,9,17.0
SKU0088,2025-10-02,22,3.0
SKU0088,2025-10-03,19,16.0
SKU0088,2025-10-04,27,23.0
SKU0088,2025-10-05,7,7.0
SKU0088,2025-10-06,14,22.0
SKU0088,2025-10-07,10,10.0
SKU0088,2025-10-08,25,5.0
SKU0088,2025-10-09,24,21.0
SKU0088,2025-10-10,11,9.0
SKU0088,2025-10-11,8,0.0
SKU0088,2025-10-12,18,6.0
SKU0088,2025-10-13,20,11.0
SKU0088,2025-10-14,14,9.0
SKU0088,2025-10-15,14,11.0
SKU0088,2025-10-16,8,24.0
SKU0088,2025-10-17,19,16.0
SKU0088,2025-10-18,12,4.0
SKU0088,2025-10-19,24,28.0
SKU0088,2025-10-20,15,19.0
SKU0088,2025-10-21,14,23.0
SKU0088,2025-10-22,8,16.0
SKU0088,2025-10-23,18,12.0
SKU0088,2025-10-24,10,11.0
SKU0088,2025-10-25,17,14.0
SKU0088,2025-10-26,20,27.0
SKU0088,2025-10-27,37,12.0
SKU0088,2025-10-28,30,14.0
SKU0088,2025-10-29,20,19.0
SKU0088,2025-10-30,17,5.0
SKU0088,2025-10-31,15,10.0
SKU0088,2025-11-01,31,22.0
SKU0088,2025-11-02,16,4.0
SKU0088,2025-11-03,16,17.0
SKU0088,2025-11-04,9,18.0
SKU0088,2025-11-05,22,10.0
SKU0088,2025-11-06,11,16.0
SKU0088,2025-11-07,16,17.0
SKU0088,2025-11-08,31,22.0
SKU0088,2025-11-09,15,28.0
SKU0088,2025-11-10,17,10.0
SKU0088,2025-11-11,23,27.0
SKU0088,2025-11-12,27,20.0
SKU0088,2025-11-13,5,8.0
SKU0088,2025-11-14,17,28.0
SKU0088,2025-11-15,21,12.0
SKU0088,2025-11-16,14,12.0
SKU0088,2025-11-17,25,16.0
SKU0088,2025-11-18,12,1.0
SKU0088,2025-11-19,16,12.0
SKU0088,2025-11-20,15,12.0
SKU0088,2025-11-21,15,10.0
SKU0088,2025-11-22,15,11.0
SKU0088,2025-11-23,22,26.0
SKU0088,2025-11-24,13,12.0
SKU0088,2025-11-25,9,20.0
SKU0088,2025-11-26,19,17.0
SKU0088,2025-11-27,25,9.0
SKU0088,2025-11-28,26,12.0
SKU0088,2025-11-29,10,9.0
SKU0088,2025-11-30,8,15.0
SKU0088,2025-12-01,25,22.0
SKU0088,2025-12-02,20,18.0
SKU0088,2025-12-03,13,19.0
SKU0088,2025-12-04,19,18.0
SKU0088,2025-12-05,15,13.0
SKU0088,2025-12-06,25,30.0
SKU0088,2025-12-07,34,29.0
SKU0088,2025-12-08,30,21.0
SKU0088,2025-12-09,14,20.0
SKU0088,2025-12-10,28,31.0
SKU0088,2025-12-11,22,33.0
SKU0088,2025-12-12,17,15.0
SKU0088,2025-12-13,15,33.0
SKU0088,2025-12-14,25,22.0
SKU0088,2025-12-15,15,14.0
SKU0088,2025-12-16,24,18.0
SKU0088,2025-12-17,28,21.0
SKU0088,2025-12-18,17,12.0
SKU0088,2025-12-19,20,18.0
SKU0088,2025-12-20,25,29.0
SKU0088,2025-12-21,32,13.0
SKU0088,2025-12-22,24,25.0
SKU0088,2025-12-23,18,30.0
SKU0088,2025-12-24,21,13.0
SKU0088,2025-12-25,17,9.0
SKU0088,2025-12-26,23,16.0
SKU0088,2025-12-27,17,35.0
SKU0088,2025-12-28,25,19.0
SKU0088,2025-12-29,16,28.0
SKU0088,2025-12-30,26,27.0
SKU0088,2025-12-31,21,18.0
SKU0092,2025-10-01,8,7.0
SKU0092,2025-10-02,8,4.0
SKU0092,2025-10-03,6,4.0
SKU0092,2025-10-04,2,2.0
SKU0092,2025-10-05,3,1.0
SKU0092,2025-10-06,2,3.0
SKU0092,2025-10-07,4,0.0
SKU0092,2025-10-08,4,6.0
SKU0092,2025-10-09,8,3.0
SKU0092,2025-10-10,4,6.0
SKU0092,2025-10-11,4,1.0
SKU0092,2025-10-12,2,8.0
SKU0092,2025-10-13,4,4.0
SKU0092,2025-10-14,5,7.0
SKU0092,2025-10-15,1,5.0
SKU0092,2025-10-16,4,3.0
SKU0092,2025-10-17,2,5.0
SKU0092,2025-10-18,6,1.0
SKU0092,2025-10-19,3,6.0
SKU0092,2025-10-20,4,1.0
SKU0092,2025-10-21,8,3.0
SKU0092,2025-10-22,1,5.0
SKU0092,2025-10-23,3,1.0
SKU0092,2025-10-24,5,1.0
SKU0092,2025-10-25,1,1.0
SKU0092,2025-10-26,4,2.0
SKU0092,2025-10-27,4,8.0
SKU0092,2025-10-28,6,7.0
SKU0092,2025-10-29,3,1.0
SKU0092,2025-10-30,5,2.0
SKU0092,2025-10-31,3,4.0
SKU0092,2025-11-01,2,3.0
SKU0092,2025-11-02,2,6.0
SKU0092,2025-11-03,5,5.0
SKU0092,2025-11-04,0,0.0
SKU0092,2025-11-05,2,1.0
SKU0092,2025-11-06,8,2.0
SKU0092,2025-11-07,0,4.0
SKU0092,2025-11-08,5,0.0
SKU0092,2025-11-09,8,3.0
SKU0092,2025-11-10,3,7.0
SKU0092,2025-11-11,5,6.0
SKU0092,2025-11-12,5,3.0
SKU0092,2025-11-13,6,4.0
SKU0092,2025-11-14,5,8.0
SKU0092,2025-11-15,2,9.0
SKU0092,2025-11-16,5,6.0
SKU0092,2025-11-17,4,5.0
SKU0092,2025-11-18,4,6.0
SKU0092,2025-11-19,6,8.0
SKU0092,2025-11-20,6,6.0
SKU0092,2025-11-21,0,2.0
SKU0092,2025-11-22,8,5.0
SKU0092,2025-11-23,3,2.0
SKU0092,2025-11-24,6,3.0
SKU0092,2025-11-25,2,6.0
SKU0092,2025-11-26,4,7.0
SKU0092,2025-11-27,9,4.0
SKU0092,2025-11-28,5,2.0
SKU0092,2025-11-29,5,6.0
SKU0092,2025-11-30,7,2.0
SKU0092,2025-12-01,6,5.0
SKU0092,2025-12-02,6,2.0
SKU0092,2025-12-03,7,6.0
SKU0092,2025-12-04,5,7.0
SKU0092,2025-12-05,8,3.0
SKU0092,2025-12-06,6,3.0
SKU0092,2025-12-07,4,10.0
SKU0092,2025-12-08,8,6.0
SKU0092,2025-12-09,10,2.0
SKU0092,2025-12-10,3,5.0
SKU0092,2025-12-11,13,2.0
SKU0092,2025-12-12,6,3.0
SKU0092,2025-12-13,9,4.0
SKU0092,2025-12-14,6,2.0
SKU0092,2025-12-15,5,8.0
SKU0092,2025-12-16,2,5.0
SKU0092,2025-12-17,6,4.0
SKU0092,2025-12-18,13,2.0
SKU0092,2025-12-19,2,5.0
SKU0092,2025-12-20,5,7.0
SKU0092,2025-12-21,8,2.0
SKU0092,2025-12-22,4,14.0
SKU0092,2025-12-23,14,11.0
SKU0092,2025-12-24,7,2.0
SKU0092,2025-12-25,9,9.0
SKU0092,2025-12-26,10,13.0
SKU0092,2025-12-27,4,8.0
SKU0092,2025-12-28,5,3.0
SKU0092,2025-12-29,4,5.0
SKU0092,2025-12-30,14,3.0
SKU0092,2025-12-31,10,6.0
SKU0101,2025-10-01,3,7.0
SKU0101,2025-10-02,7,4.0
SKU0101,2025-10-03,5,4.0
SKU0101,2025-10-04,8,9.0
SKU0101,2025-10-05,7,9.0
SKU0101,2025-10-06,6,4.0
SKU0101,2025-10-07,12,5.0
SKU0101,2025-10-08,8,5.0
SKU0101,2025-10-09,12,10.0
SKU0101,2025-10-10,6,2.0
SKU0101,2025-10-11,1,5.0
SKU0101,2025-10-12,5,4.0
SKU0101,2025-10-13,11,9.0
SKU0101,2025-10-14,2,7.0
SKU0101,2025-10-15,1,7.0
SKU0101,2025-10-16,5,0.0
SKU0101,2025-10-17,2,5.0
SKU0101,2025-10-18,1,6.0
SKU0101,2025-10-19,10,4.0
SKU0101,2025-10-20,6,9.0
SKU0101,2025-10-21,4,5.0
SKU0101,2025-10-22,4,3.0
SKU0101,2025-10-23,6,6.0
SKU0101,2025-10-24,6,7.0
SKU0101,2025-10-25,12,7.0
SKU0101,2025-10-26,2,10.0
SKU0101,2025-10-27,3,3.0
SKU0101,2025-10-28,3,6.0
SKU0101,2025-10-29,8,4.0
SKU0101,2025-10-30,6,8.0
SKU0101,2025-10-31,7,3.0
SKU0101,2025-11-01,6,2.0
SKU0101,2025-11-02,2,5.0
SKU0101,2025-11-03,6,15.0
SKU0101,2025-11-04,1,8.0
SKU0101,2025-11-05,11,9.0
SKU0101,2025-11-06,11,4.0
SKU0101,2025-11-07,3,8.0
SKU0101,2025-11-08,5,3.0
SKU0101,2025-11-09,4,11.0
SKU0101,2025-11-10,1,4.0
SKU0101,2025-11-11,9,7.0
SKU0101,2025-11-12,4,5.0
SKU0101,2025-11-13,6,7.0
SKU0101,2025-11-14,9,12.0
SKU0101,2025-11-15,5,5.0
SKU0101,2025-11-16,5,12.0
SKU0101,2025-11-17,12,2.0
SKU0101,2025-11-18,9,1.0
SKU0101,2025-11-19,7,3.0
SKU0101,2025-11-20,8,10.0
SKU0101,2025-11-21,6,9.0
SKU0101,2025-11-22,2,5.0
SKU0101,2025-11-23,6,7.0
SKU0101,2025-11-24,11,10.0
SKU0101,2025-11-25,7,6.0
SKU0101,2025-11-26,5,6.0
SKU0101,2025-11-27,6,10.0
SKU0101,2025-11-28,3,3.0
SKU0101,2025-11-29,4,2.0
SKU0101,2025-11-30,8,11.0
SKU0101,2025-12-01,8,3.0
SKU0101,2025-12-02,7,8.0
SKU0101,2025-12-03,7,5.0
SKU0101,2025-12-04,8,1.0
SKU0101,2025-12-05,10,1.0
SKU0101,2025-12-06,9,6.0
SKU0101,2025-12-07,7,7.0
SKU0101,2025-12-08,7,4.0
SKU0101,2025-12-09,6,7.0
SKU0101,2025-12-10,6,5.0
SKU0101,2025-12-11,4,9.0
SKU0101,2025-12-12,6,12.0
SKU0101,2025-12-13,15,6.0
SKU0101,2025-12-14,8,7.0
SKU0101,2025-12-15,14,19.0
SKU0101,2025-12-16,11,11.0
SKU0101,2025-12-17,7,9.0
SKU0101,2025-12-18,13,7.0
SKU0101,2025-12-19,3,5.0
SKU0101,2025-12-20,14,8.0
SKU0101,2025-12-21,11,5.0
SKU0101,2025-12-22,12,8.0
SKU0101,2025-12-23,10,6.0
SKU0101,2025-12-24,5,2.0
SKU0101,2025-12-25,15,6.0
SKU0101,2025-12-26,8,7.0
SKU0101,2025-12-27,7,7.0
SKU0101,2025-12-28,5,7.0
SKU0101,2025-12-29,7,15.0
SKU0101,2025-12-30,5,9.0
SKU0101,2025-12-31,12,8.0
SKU0104,2025-10-01,1,2.0
SKU0104,2025-10-02,9,6.0
SKU0104,2025-10-03,2,1.0
SKU0104,2025-10-04,5,1.0
SKU0104,2025-10-05,10,3.0
SKU0104,2025-10-06,0,2.0
SKU0104,2025-10-07,1,1.0
SKU0104,2025-10-08,5,2.0
SKU0104,2025-10-09,2,1.0
SKU0104,2025-10-10,3,6.0
SKU0104,2025-10-11,6,4.0
SKU0104,2025-10-12,5,4.0
SKU0104,2025-10-13,2,6.0
SKU0104,2025-10-14,3,7.0
SKU0104,2025-10-15,6,3.0
SKU0104,2025-10-16,5,2.0
SKU0104,2025-10-17,2,4.0
SKU0104,2025-10-18,4,2.0
SKU0104,2025-10-19,2,5.0
SKU0104,2025-10-20,4,4.0
SKU0104,2025-10-21,6,4.0
SKU0104,2025-10-22,4,3.0
SKU0104,2025-10-23,1,0.0
SKU0104,2025-10-24,4,2.0
SKU0104,2025-10-25,9,3.0
SKU0104,2025-10-26,0,2.0
SKU0104,2025-10-27,2,4.0
SKU0104,2025-10-28,5,4.0
SKU0104,2025-10-29,1,6.0
SKU0104,2025-10-30,3,2.0
SKU0104,2025-10-31,5,2.0
SKU0104,2025-11-01,1,2.0
SKU0104,2025-11-02,3,5.0
SKU0104,2025-11-03,6,4.0
SKU0104,2025-11-04,3,3.0
SKU0104,2025-11-05,1,3.0
SKU0104,2025-11-06,6,4.0
SKU0104,2025-11-07,7,1.0
SKU0104,2025-11-08,6,8.0
SKU0104,2025-11-09,2,1.0
SKU0104,2025-11-10,6,6.0
SKU0104,2025-11-11,9,11.0
SKU0104,2025-11-12,3,1.0
SKU0104,2025-11-13,5,4.0
SKU0104,2025-11-14,5,5.0
SKU0104,2025-11-15,2,5.0
SKU0104,2025-11-16,1,4.0
SKU0104,2025-11-17,1,6.0
SKU0104,2025-11-18,3,5.0
SKU0104,2025-11-19,10,1.0
SKU0104,2025-11-20,4,4.0
SKU0104,2025-11-21,4,1.0
SKU0104,2025-11-22,3,3.0
SKU0104,2025-11-23,6,9.0
SKU0104,2025-11-24,7,1.0
SKU0104,2025-11-25,1,9.0
SKU0104,2025-11-26,5,6.0
SKU0104,2025-11-27,5,2.0
SKU0104,2025-11-28,2,0.0
SKU0104,2025-11-29,11,9.0
SKU0104,2025-11-30,5,4.0
SKU0104,2025-12-01,3,5.0
SKU0104,2025-12-02,6,4.0
SKU0104,2025-12-03,3,6.0
SKU0104,2025-12-04,6,4.0
SKU0104,2025-12-05,8,1.0
SKU0104,2025-12-06,3,11.0
SKU0104,2025-12-07,5,3.0
SKU0104,2025-12-08,9,3.0
SKU0104,2025-12-09,4,1.0
SKU0104,2025-12-10,5,2.0
SKU0104,2025-12-11,7,6.0
SKU0104,2025-12-12,6,2.0
SKU0104,2025-12-13,4,8.0
SKU0104,2025-12-14,7,0.0
SKU0104,2025-12-15,3,7.0
SKU0104,2025-12-16,6,2.0
SKU0104,2025-12-17,3,4.0
SKU0104,2025-12-18,7,7.0
SKU0104,2025-12-19,6,3.0
SKU0104,2025-12-20,4,3.0
SKU0104,2025-12-21,7,3.0
SKU0104,2025-12-22,8,10.0
SKU0104,2025-12-23,5,5.0
SKU0104,2025-12-24,6,7.0
SKU0104,2025-12-25,7,3.0
SKU0104,2025-12-26,9,7.0
SKU0104,2025-12-27,6,7.0
SKU0104,2025-12-28,10,4.0
SKU0104,2025-12-29,3,2.0
SKU0104,2025-12-30,1,7.0
SKU0104,2025-12-31,14,1.0
SKU0108,2025-10-01,4,5.0
SKU0108,2025-10-02,3,1.0
SKU0108,2025-10-03,1,3.0
SKU0108,2025-10-04,4,2.0
SKU0108,2025-10-05,10,10.0
SKU0108,2025-10-06,4,4.0
SKU0108,2025-10-07,8,1.0
SKU0108,2025-10-08,3,7.0
SKU0108,2025-10-09,4,4.0
SKU0108,2025-10-10,7,2.0
SKU0108,2025-10-11,3,8.0
SKU0108,2025-10-12,3,10.0
SKU0108,2025-10-13,2,8.0
SKU0108,2025-10-14,4,4.0
SKU0108,2025-10-15,4,2.0
SKU0108,2025-10-16,4,7.0
SKU0108,2025-10-17,3,7.0
SKU0108,2025-10-18,7,1.0
SKU0108,2025-10-19,8,3.0
SKU0108,2025-10-20,1,6.0
SKU0108,2025-10-21,3,2.0
SKU0108,2025-10-22,9,9.0
SKU0108,2025-10-23,7,7.0
SKU0108,2025-10-24,5,4.0
SKU0108,2025-10-25,3,0.0
SKU0108,2025-10-26,5,6.0
SKU0108,2025-10-27,5,6.0
SKU0108,2025-10-28,9,4.0
SKU0108,2025-10-29,2,6.0
SKU0108,2025-10-30,5,4.0
SKU0108,2025-10-31,3,2.0
SKU0108,2025-11-01,0,3.0
SKU0108,2025-11-02,8,5.0
SKU0108,2025-11-03,5,0.0
SKU0108,2025-11-04,7,6.0
SKU0108,2025-11-05,3,3.0
SKU0108,2025-11-06,9,4.0
SKU0108,2025-11-07,2,6.0
SKU0108,2025-11-08,5,2.0
SKU0108,2025-11-09,4,2.0
SKU0108,2025-11-10,10,1.0
SKU0108,2025-11-11,7,6.0
SKU0108,2025-11-12,2,5.0
SKU0108,2025-11-13,9,9.0
SKU0108,2025-11-14,9,8.0
SKU0108,2025-11-15,0,7.0
SKU0108,2025-11-16,3,2.0
SKU0108,2025-11-17,3,3.0
SKU0108,2025-11-18,3,8.0
SKU0108,2025-11-19,5,3.0
SKU0108,2025-11-20,5,7.0
SKU0108,2025-11-21,5,7.0
SKU0108,2025-11-22,5,6.0
SKU0108,2025-11-23,4,1.0
SKU0108,2025-11-24,4,6.0
SKU0108,2025-11-25,9,9.0
SKU0108,2025-11-26,8,9.0
SKU0108,2025-11-27,9,8.0
SKU0108,2025-11-28,11,7.0
SKU0108,2025-11-29,5,4.0
SKU0108,2025-11-30,2,1.0
SKU0108,2025-12-01,5,5.0
SKU0108,2025-12-02,5,8.0
SKU0108,2025-12-03,4,8.0
SKU0108,2025-12-04,9,10.0
SKU0108,2025-12-05,12,4.0
SKU0108,2025-12-06,3,7.0
SKU0108,2025-12-07,2,5.0
SKU0108,2025-12-08,3,2.0
SKU0108,2025-12-09,4,7.0
SKU0108,2025-12-10,9,7.0
SKU0108,2025-12-11,6,5.0
SKU0108,2025-12-12,5,2.0
SKU0108,2025-12-13,15,5.0
SKU0108,2025-12-14,5,6.0
SKU0108,2025-12-15,8,4.0
SKU0108,2025-12-16,9,5.0
SKU0108,2025-12-17,3,4.0
SKU0108,2025-12-18,8,3.0
SKU0108,2025-12-19,7,8.0
SKU0108,2025-12-20,10,5.0
SKU0108,2025-12-21,10,4.0
SKU0108,2025-12-22,8,2.0
SKU0108,2025-12-23,2,6.0
SKU0108,2025-12-24,5,8.0
SKU0108,2025-12-25,4,7.0
SKU0108,2025-12-26,4,8.0
SKU0108,2025-12-27,2,8.0
SKU0108,2025-12-28,6,8.0
SKU0108,2025-12-29,8,8.0
SKU0108,2025-12-30,7,4.0
SKU0108,2025-12-31,15,3.0
SKU0116,2025-10-01,7,4.0
SKU0116,2025-10-02,14,11.0
SKU0116,2025-10-03,16,0.0
SKU0116,2025-10-04,9,0.0
SKU0116,2025-10-05,6,4.0
SKU0116,2025-10-06,5,6.0
SKU0116,2025-10-07,7,5.0
SKU0116,2025-10-08,6,5.0
SKU0116,2025-10-09,4,7.0
SKU0116,2025-10-10,7,1.0
SKU0116,2025-10-11,6,12.0
SKU0116,2025-10-12,7,9.0
SKU0116,2025-10-13,3,4.0
SKU0116,2025-10-14,8,2.0
SKU0116,2025-10-15,5,6.0
SKU0116,2025-10-16,9,6.0
SKU0116,2025-10-17,8,11.0
SKU0116,2025-10-18,8,7.0
SKU0116,2025-10-19,7,7.0
SKU0116,2025-10-20,5,10.0
SKU0116,2025-10-21,8,15.0
SKU0116,2025-10-22,5,12.0
SKU0116,2025-10-23,10,3.0
SKU0116,2025-10-24,8,3.0
SKU0116,2025-10-25,7,5.0
SKU0116,2025-10-26,17,7.0
SKU0116,2025-10-27,14,4.0
SKU0116,2025-10-28,3,9.0
SKU0116,2025-10-29,11,11.0
SKU0116,2025-10-30,10,5.0
SKU0116,2025-10-31,9,5.0
SKU0116,2025-11-01,11,6.0
SKU0116,2025-11-02,12,2.0
SKU0116,2025-11-03,11,14.0
SKU0116,2025-11-04,15,11.0
SKU0116,2025-11-05,6,0.0
SKU0116,2025-11-06,5,8.0
SKU0116,2025-11-07,10,0.0
SKU0116,2025-11-08,6,8.0
SKU0116,2025-11-09,9,15.0
SKU0116,2025-11-10,6,6.0
SKU0116,2025-11-11,23,8.0
SKU0116,2025-11-12,7,5.0
SKU0116,2025-11-13,7,7.0
SKU0116,2025-11-14,11,15.0
SKU0116,2025-11-15,11,16.0
SKU0116,2025-11-16,18,17.0
SKU0116,2025-11-17,15,15.0
SKU0116,2025-11-18,14,5.0
SKU0116,2025-11-19,3,10.0
SKU0116,2025-11-20,13,6.0
SKU0116,2025-11-21,8,7.0
SKU0116,2025-11-22,9,10.0
SKU0116,2025-11-23,1,7.0
SKU0116,2025-11-24,19,12.0
SKU0116,2025-11-25,17,9.0
SKU0116,2025-11-26,9,12.0
SKU0116,2025-11-27,12,5.0
SKU0116,2025-11-28,17,12.0
SKU0116,2025-11-29,13,1.0
SKU0116,2025-11-30,14,20.0
SKU0116,2025-12-01,6,14.0
SKU0116,2025-12-02,14,8.0
SKU0116,2025-12-03,8,8.0
SKU0116,2025-12-04,7,12.0
SKU0116,2025-12-05,6,5.0
SKU0116,2025-12-06,9,11.0
SKU0116,2025-12-07,14,12.0
SKU0116,2025-12-08,15,10.0
SKU0116,2025-12-09,18,6.0
SKU0116,2025-12-10,21,3.0
SKU0116,2025-12-11,9,10.0
SKU0116,2025-12-12,13,7.0
SKU0116,2025-12-13,11,12.0
SKU0116,2025-12-14,12,20.0
SKU0116,2025-12-15,13,23.0
SKU0116,2025-12-16,11,10.0
SKU0116,2025-12-17,10,11.0
SKU0116,2025-12-18,16,6.0
SKU0116,2025-12-19,22,18.0
SKU0116,2025-12-20,16,13.0
SKU0116,2025-12-21,22,17.0
SKU0116,2025-12-22,17,14.0
SKU0116,2025-12-23,10,9.0
SKU0116,2025-12-24,19,8.0
SKU0116,2025-12-25,23,15.0
SKU0116,2025-12-26,20,9.0
SKU0116,2025-12-27,24,19.0
SKU0116,2025-12-28,16,15.0
SKU0116,2025-12-29,8,23.0
SKU0116,2025-12-30,13,19.0
SKU0116,2025-12-31,23,10.0
SKU0127,2025-10-01,10,2.0
SKU0127,2025-10-02,4,6.0
SKU0127,2025-10-03,2,6.0
SKU0127,2025-10-04,4,10.0
SKU0127,2025-10-05,7,6.0
SKU0127,2025-10-06,6,5.0
SKU0127,2025-10-07,3,6.0
SKU0127,2025-10-08,6,6.0
SKU0127,2025-10-09,12,6.0
SKU0127,2025-10-10,10,2.0
SKU0127,2025-10-11,0,5.0
SKU0127,2025-10-12,3,5.0
SKU0127,2025-10-13,13,4.0
SKU0127,2025-10-14,2,4.0
SKU0127,2025-10-15,7,3.0
SKU0127,2025-10-16,3,9.0
SKU0127,2025-10-17,9,5.0
SKU0127,2025-10-18,5,3.0
SKU0127,2025-10-19,4,5.0
SKU0127,2025-10-20,3,8.0
SKU0127,2025-10-21,7,5.0
SKU0127,2025-10-22,2,12.0
SKU0127,2025-10-23,1,2.0
SKU0127,2025-10-24,4,4.0
SKU0127,2025-10-25,8,0.0
SKU0127,2025-10-26,4,9.0
SKU0127,2025-10-27,3,5.0
SKU0127,2025-10-28,5,5.0
SKU0127,2025-10-29,6,4.0
SKU0127,2025-10-30,1,13.0
SKU0127,2025-10-31,3,6.0
SKU0127,2025-11-01,3,10.0
SKU0127,2025-11-02,5,12.0
SKU0127,2025-11-03,0,6.0
SKU0127,2025-11-04,2,2.0
SKU0127,2025-11-05,2,2.0
SKU0127,2025-11-06,6,4.0
SKU0127,2025-11-07,7,8.0
SKU0127,2025-11-08,9,13.0
SKU0127,2025-11-09,7,1.0
SKU0127,2025-11-10,6,3.0
SKU0127,2025-11-11,4,4.0
SKU0127,2025-11-12,6,9.0
SKU0127,2025-11-13,6,14.0
SKU0127,2025-11-14,1,3.0
SKU0127,2025-11-15,8,1.0
SKU0127,2025-11-16,7,1.0
SKU0127,2025-11-17,15,8.0
SKU0127,2025-11-18,8,7.0
SKU0127,2025-11-19,2,2.0
SKU0127,2025-11-20,7,3.0
SKU0127,2025-11-21,4,5.0
SKU0127,2025-11-22,8,4.0
SKU0127,2025-11-23,7,8.0
SKU0127,2025-11-24,8,11.0
SKU0127,2025-11-25,10,2.0
SKU0127,2025-11-26,6,11.0
SKU0127,2025-11-27,1,9.0
SKU0127,2025-11-28,7,7.0
SKU0127,2025-11-29,9,7.0
SKU0127,2025-11-30,14,7.0
SKU0127,2025-12-01,3,3.0
SKU0127,2025-12-02,6,11.0
SKU0127,2025-12-03,2,5.0
SKU0127,2025-12-04,5,11.0
SKU0127,2025-12-05,7,10.0
SKU0127,2025-12-06,6,5.0
SKU0127,2025-12-07,3,7.0
SKU0127,2025-12-08,5,9.0
SKU0127,2025-12-09,8,5.0
SKU0127,2025-12-10,4,12.0
SKU0127,2025-12-11,8,2.0
SKU0127,2025-12-12,17,3.0
SKU0127,2025-12-13,10,6.0
SKU0127,2025-12-14,8,9.0
SKU0127,2025-12-15,13,5.0
SKU0127,2025-12-16,12,11.0
SKU0127,2025-12-17,7,17.0
SKU0127,2025-12-18,10,9.0
SKU0127,2025-12-19,13,7.0
SKU0127,2025-12-20,10,9.0
SKU0127,2025-12-21,10,8.0
SKU0127,2025-12-22,17,4.0
SKU0127,2025-12-23,10,3.0
SKU0127,2025-12-24,7,7.0
SKU0127,2025-12-25,9,11.0
SKU0127,2025-12-26,15,5.0
SKU0127,2025-12-27,9,12.0
SKU0127,2025-12-28,15,9.0
SKU0127,2025-12-29,8,6.0
SKU0127,2025-12-30,9,9.0
SKU0127,2025-12-31,7,4.0
SKU0129,2025-10-01,4,3.0
SKU0129,2025-10-02,7,0.0
SKU0129,2025-10-03,7,3.0
SKU0129,2025-10-04,5,9.0
SKU0129,2025-10-05,8,0.0
SKU0129,2025-10-06,3,5.0
SKU0129,2025-10-07,4,5.0
SKU0129,2025-10-08,7,4.0
SKU0129,2025-10-09,2,3.0
SKU0129,2025-10-10,0,3.0
SKU0129,2025-10-11,8,3.0
SKU0129,2025-10-12,8,11.0
SKU0129,2025-10-13,0,3.0
SKU0129,2025-10-14,10,12.0
SKU0129,2025-10-15,5,5.0
SKU0129,2025-10-16,2,9.0
SKU0129,2025-10-17,5,4.0
SKU0129,2025-10-18,5,2.0
SKU0129,2025-10-19,4,7.0
SKU0129,2025-10-20,4,1.0
SKU0129,2025-10-21,7,2.0
SKU0129,2025-10-22,2,4.0
SKU0129,2025-10-23,1,5.0
SKU0129,2025-10-24,7,3.0
SKU0129,2025-10-25,6,6.0
SKU0129,2025-10-26,4,4.0
SKU0129,2025-10-27,5,3.0
SKU0129,2025-10-28,3,2.0
SKU0129,2025-10-29,9,2.0
SKU0129,2025-10-30,4,8.0
SKU0129,2025-10-31,7,1.0
SKU0129,2025-11-01,6,3.0
SKU0129,2025-11-02,4,5.0
SKU0129,2025-11-03,3,4.0
SKU0129,2025-11-04,2,4.0
SKU0129,2025-11-05,9,4.0
SKU0129,2025-11-06,7,4.0
SKU0129,2025-11-07,4,3.0
SKU0129,2025-11-08,4,8.0
SKU0129,2025-11-09,7,2.0
SKU0129,2025-11-10,6,6.0
SKU0129,2025-11-11,4,7.0
SKU0129,2025-11-12,5,7.0
SKU0129,2025-11-13,4,6.0
SKU0129,2025-11-14,4,3.0
SKU0129,2025-11-15,9,11.0
SKU0129,2025-11-16,5,1.0
SKU0129,2025-11-17,4,3.0
SKU0129,2025-11-18,6,5.0
SKU0129,2025-11-19,7,4.0
SKU0129,2025-11-20,7,3.0
SKU0129,2025-11-21,4,5.0
SKU0129,2025-11-22,13,9.0
SKU0129,2025-11-23,3,6.0
SKU0129,2025-11-24,5,5.0
SKU0129,2025-11-25,1,4.0
SKU0129,2025-11-26,6,5.0
SKU0129,2025-11-27,4,10.0
SKU0129,2025-11-28,7,6.0
SKU0129,2025-11-29,6,6.0
SKU0129,2025-11-30,10,5.0
SKU0129,2025-12-01,1,1.0
SKU0129,2025-12-02,6,6.0
SKU0129,2025-12-03,1,9.0
SKU0129,2025-12-04,7,5.0
SKU0129,2025-12-05,9,5.0
SKU0129,2025-12-06,5,4.0
SKU0129,2025-12-07,7,6.0
SKU0129,2025-12-08,11,7.0
SKU0129,2025-12-09,8,7.0
SKU0129,2025-12-10,3,4.0
SKU0129,2025-12-11,5,6.0
SKU0129,2025-12-12,4,1.0
SKU0129,2025-12-13,4,7.0
SKU0129,2025-12-14,1,6.0
SKU0129,2025-12-15,11,2.0
SKU0129,2025-12-16,15,3.0
SKU0129,2025-12-17,4,6.0
SKU0129,2025-12-18,4,7.0
SKU0129,2025-12-19,4,5.0
SKU0129,2025-12-20,6,7.0
SKU0129,2025-12-21,6,8.0
SKU0129,2025-12-22,10,14.0
SKU0129,2025-12-23,12,7.0
SKU0129,2025-12-24,3,7.0
SKU0129,2025-12-25,10,6.0
SKU0129,2025-12-26,6,5.0
SKU0129,2025-12-27,7,6.0
SKU0129,2025-12-28,4,1.0
SKU0129,2025-12-29,6,4.0
SKU0129,2025-12-30,16,5.0
SKU0129,2025-12-31,6,4.0
SKU0130,2025-10-01,5,5.0
SKU0130,2025-10-02,8,2.0
SKU0130,2025-10-03,2,5.0
SKU0130,2025-10-04,5,3.0
SKU0130,2025-10-05,2,4.0
SKU0130,2025-10-06,2,1.0
SKU0130,2025-10-07,3,5.0
SKU0130,2025-10-08,3,2.0
SKU0130,2025-10-09,3,5.0
SKU0130,2025-10-10,4,4.0
SKU0130,2025-10-11,3,2.0
SKU0130,2025-10-12,1,2.0
SKU0130,2025-10-13,8,2.0
SKU0130,2025-10-14,2,1.0
SKU0130,2025-10-15,4,11.0
SKU0130,2025-10-16,3,3.0
SKU0130,2025-10-17,5,2.0
SKU0130,2025-10-18,0,3.0
SKU0130,2025-10-19,4,8.0
SKU0130,2025-10-20,2,9.0
SKU0130,2025-10-21,10,0.0
SKU0130,2025-10-22,1,4.0
SKU0130,2025-10-23,4,2.0
SKU0130,2025-10-24,7,2.0
SKU0130,2025-10-25,2,1.0
SKU0130,2025-10-26,0,7.0
SKU0130,2025-10-27,8,3.0
SKU0130,2025-10-28,2,3.0
SKU0130,2025-10-29,5,0.0
SKU0130,2025-10-30,5,1.0
SKU0130,2025-10-31,4,2.0
SKU0130,2025-11-01,3,4.0
SKU0130,2025-11-02,6,2.0
SKU0130,2025-11-03,10,2.0
SKU0130,2025-11-04,5,1.0
SKU0130,2025-11-05,8,0.0
SKU0130,2025-11-06,3,5.0
SKU0130,2025-11-07,6,5.0
SKU0130,2025-11-08,1,4.0
SKU0130,2025-11-09,1,3.0
SKU0130,2025-11-10,2,6.0
SKU0130,2025-11-11,2,0.0
SKU0130,2025-11-12,7,0.0
SKU0130,2025-11-13,6,9.0
SKU0130,2025-11-14,3,2.0
SKU0130,2025-11-15,6,3.0
SKU0130,2025-11-16,7,5.0
SKU0130,2025-11-17,4,3.0
SKU0130,2025-11-18,5,3.0
SKU0130,2025-11-19,2,7.0
SKU0130,2025-11-20,3,3.0
SKU0130,2025-11-21,2,5.0
SKU0130,2025-11-22,3,4.0
SKU0130,2025-11-23,9,6.0
SKU0130,2025-11-24,4,5.0
SKU0130,2025-11-25,5,8.0
SKU0130,2025-11-26,2,6.0
SKU0130,2025-11-27,4,6.0
SKU0130,2025-11-28,9,4.0
SKU0130,2025-11-29,4,3.0
SKU0130,2025-11-30,3,6.0
SKU0130,2025-12-01,8,0.0
SKU0130,2025-12-02,6,5.0
SKU0130,2025-12-03,9,6.0
SKU0130,2025-12-04,6,7.0
SKU0130,2025-12-05,8,3.0
SKU0130,2025-12-06,3,6.0
SKU0130,2025-12-07,4,4.0
SKU0130,2025-12-08,6,6.0
SKU0130,2025-12-09,6,6.0
SKU0130,2025-12-10,1,6.0
SKU0130,2025-12-11,6,4.0
SKU0130,2025-12-12,5,4.0
SKU0130,2025-12-13,6,2.0
SKU0130,2025-12-14,4,5.0
SKU0130,2025-12-15,5,1.0
SKU0130,2025-12-16,6,5.0
SKU0130,2025-12-17,6,6.0
SKU0130,2025-12-18,3,7.0
SKU0130,2025-12-19,6,3.0
SKU0130,2025-12-20,6,7.0
SKU0130,2025-12-21,9,8.0
SKU0130,2025-12-22,4,6.0
SKU0130,2025-12-23,4,5.0
SKU0130,2025-12-24,4,0.0
SKU0130,2025-12-25,4,5.0
SKU0130,2025-12-26,5,2.0
SKU0130,2025-12-27,7,6.0
SKU0130,2025-12-28,5,9.0
SKU0130,2025-12-29,2,3.0
SKU0130,2025-12-30,6,5.0
SKU0130,2025-12-31,9,5.0
SKU0131,2025-10-01,3,9.0
SKU0131,2025-10-02,3,5.0
SKU0131,2025-10-03,6,6.0
SKU0131,2025-10-04,5,5.0
SKU0131,2025-10-05,5,1.0
SKU0131,2025-10-06,3,0.0
SKU0131,2025-10-07,2,4.0
SKU0131,2025-10-08,7,9.0
SKU0131,2025-10-09,4,3.0
SKU0131,2025-10-10,6,9.0
SKU0131,2025-10-11,2,4.0
SKU0131,2025-10-12,2,1.0
SKU0131,2025-10-13,8,3.0
SKU0131,2025-10-14,1,2.0
SKU0131,2025-10-15,7,1.0
SKU0131,2025-10-16,8,0.0
SKU0131,2025-10-17,4,7.0
SKU0131,2025-10-18,4,1.0
SKU0131,2025-10-19,8,4.0
SKU0131,2025-10-20,5,3.0
SKU0131,2025-10-21,5,9.0
SKU0131,2025-10-22,7,2.0
SKU0131,2025-10-23,1,5.0
SKU0131,2025-10-24,1,5.0
SKU0131,2025-10-25,9,2.0
SKU0131,2025-10-26,6,3.0
SKU0131,2025-10-27,5,4.0
SKU0131,2025-10-28,5,3.0
SKU0131,2025-10-29,4,7.0
SKU0131,2025-10-30,6,8.0
SKU0131,2025-10-31,6,2.0
SKU0131,2025-11-01,3,4.0
SKU0131,2025-11-02,1,5.0
SKU0131,2025-11-03,7,2.0
SKU0131,2025-11-04,3,4.0
SKU0131,2025-11-05,4,7.0
SKU0131,2025-11-06,4,5.0
SKU0131,2025-11-07,3,9.0
SKU0131,2025-11-08,6,3.0
SKU0131,2025-11-09,2,0.0
SKU0131,2025-11-10,5,3.0
SKU0131,2025-11-11,6,4.0
SKU0131,2025-11-12,6,7.0
SKU0131,2025-11-13,2,2.0
SKU0131,2025-11-14,6,4.0
SKU0131,2025-11-15,5,9.0
SKU0131,2025-11-16,9,1.0
SKU0131,2025-11-17,8,3.0
SKU0131,2025-11-18,5,6.0
SKU0131,2025-11-19,5,5.0
SKU0131,2025-11-20,6,4.0
SKU0131,2025-11-21,9,0.0
SKU0131,2025-11-22,7,2.0
SKU0131,2025-11-23,6,2.0
SKU0131,2025-11-24,3,8.0
SKU0131,2025-11-25,6,7.0
SKU0131,2025-11-26,3,7.0
SKU0131,2025-11-27,6,3.0
SKU0131,2025-11-28,5,6.0
SKU0131,2025-11-29,6,7.0
SKU0131,2025-11-30,11,5.0
SKU0131,2025-12-01,8,1.0
SKU0131,2025-12-02,7,3.0
SKU0131,2025-12-03,4,7.0
SKU0131,2025-12-04,4,6.0
SKU0131,2025-12-05,10,4.0
SKU0131,2025-12-06,5,6.0
SKU0131,2025-12-07,1,6.0
SKU0131,2025-12-08,2,4.0
SKU0131,2025-12-09,7,4.0
SKU0131,2025-12-10,10,4.0
SKU0131,2025-12-11,6,10.0
SKU0131,2025-12-12,5,9.0
SKU0131,2025-12-13,8,3.0
SKU0131,2025-12-14,7,1.0
SKU0131,2025-12-15,5,7.0
SKU0131,2025-12-16,13,1.0
SKU0131,2025-12-17,9,7.0
SKU0131,2025-12-18,7,8.0
SKU0131,2025-12-19,9,11.0
SKU0131,2025-12-20,10,3.0
SKU0131,2025-12-21,6,10.0
SKU0131,2025-12-22,10,9.0
SKU0131,2025-12-23,7,8.0
SKU0131,2025-12-24,3,5.0
SKU0131,2025-12-25,5,14.0
SKU0131,2025-12-26,6,3.0
SKU0131,2025-12-27,8,8.0
SKU0131,2025-12-28,8,8.0
SKU0131,2025-12-29,13,5.0
SKU0131,2025-12-30,6,0.0
SKU0131,2025-12-31,6,11.0
SKU0139,2025-10-01,7,2.0
SKU0139,2025-10-02,4,9.0
SKU0139,2025-10-03,6,3.0
SKU0139,2025-10-04,4,2.0
SKU0139,2025-10-05,3,6.0
SKU0139,2025-10-06,3,6.0
SKU0139,2025-10-07,2,7.0
SKU0139,2025-10-08,6,4.0
SKU0139,2025-10-09,3,4.0
SKU0139,2025-10-10,5,1.0
SKU0139,2025-10-11,5,1.0
SKU0139,2025-10-12,4,7.0
SKU0139,2025-10-13,1,1.0
SKU0139,2025-10-14,1,1.0
SKU0139,2025-10-15,2,10.0
SKU0139,2025-10-16,9,5.0
SKU0139,2025-10-17,5,6.0
SKU0139,2025-10-18,2,6.0
SKU0139,2025-10-19,4,4.0
SKU0139,2025-10-20,4,4.0
SKU0139,2025-10-21,3,6.0
SKU0139,2025-10-22,6,3.0
SKU0139,2025-10-23,3,2.0
SKU0139,2025-10-24,2,6.0
SKU0139,2025-10-25,8,7.0
SKU0139,2025-10-26,5,1.0
SKU0139,2025-10-27,4,1.0
SKU0139,2025-10-28,2,0.0
SKU0139,2025-10-29,6,6.0
SKU0139,2025-10-30,12,1.0
SKU0139,2025-10-31,4,3.0
SKU0139,2025-11-01,1,7.0
SKU0139,2025-11-02,5,5.0
SKU0139,2025-11-03,4,8.0
SKU0139,2025-11-04,8,4.0
SKU0139,2025-11-05,6,6.0
SKU0139,2025-11-06,8,3.0
SKU0139,2025-11-07,1,6.0
SKU0139,2025-11-08,7,2.0
SKU0139,2025-11-09,7,2.0
SKU0139,2025-11-10,4,4.0
SKU0139,2025-11-11,6,3.0
SKU0139,2025-11-12,9,6.0
SKU0139,2025-11-13,6,7.0
SKU0139,2025-11-14,2,3.0
SKU0139,2025-11-15,1,4.0
SKU0139,2025-11-16,8,4.0
SKU0139,2025-11-17,3,9.0
SKU0139,2025-11-18,6,12.0
SKU0139,2025-11-19,2,1.0
SKU0139,2025-11-20,6,3.0
SKU0139,2025-11-21,2,5.0
SKU0139,2025-11-22,2,9.0
SKU0139,2025-11-23,18,2.0
SKU0139,2025-11-24,8,3.0
SKU0139,2025-11-25,2,6.0
SKU0139,2025-11-26,2,1.0
SKU0139,2025-11-27,6,6.0
SKU0139,2025-11-28,7,4.0
SKU0139,2025-11-29,9,10.0
SKU0139,2025-11-30,9,5.0
SKU0139,2025-12-01,6,1.0
SKU0139,2025-12-02,2,3.0
SKU0139,2025-12-03,4,3.0
SKU0139,2025-12-04,7,3.0
SKU0139,2025-12-05,5,6.0
SKU0139,2025-12-06,2,3.0
SKU0139,2025-12-07,1,4.0
SKU0139,2025-12-08,3,8.0
SKU0139,2025-12-09,12,6.0
SKU0139,2025-12-10,6,2.0
SKU0139,2025-12-11,2,5.0
SKU0139,2025-12-12,11,4.0
SKU0139,2025-12-13,7,4.0
SKU0139,2025-12-14,11,3.0
SKU0139,2025-12-15,3,4.0
SKU0139,2025-12-16,2,7.0
SKU0139,2025-12-17,11,5.0
SKU0139,2025-12-18,14,5.0
SKU0139,2025-12-19,17,5.0
SKU0139,2025-12-20,6,8.0
SKU0139,2025-12-21,8,6.0
SKU0139,2025-12-22,8,3.0
SKU0139,2025-12-23,11,5.0
SKU0139,2025-12-24,5,2.0
SKU0139,2025-12-25,3,0.0
SKU0139,2025-12-26,8,5.0
SKU0139,2025-12-27,12,4.0
SKU0139,2025-12-28,4,6.0
SKU0139,2025-12-29,3,5.0
SKU0139,2025-12-30,3,7.0
SKU0139,2025-12-31,6,2.0
SKU0148,2025-10-01,12,13.0
SKU0148,2025-10-02,16,19.0
SKU0148,2025-10-03,21,5.0
SKU0148,2025-10-04,8,1.0
SKU0148,2025-10-05,10,10.0
SKU0148,2025-10-06,10,9.0
SKU0148,2025-10-07,13,18.0
SKU0148,2025-10-08,6,16.0
SKU0148,2025-10-09,11,4.0
SKU0148,2025-10-10,1,7.0
SKU0148,2025-10-11,14,6.0
SKU0148,2025-10-12,22,6.0
SKU0148,2025-10-13,12,7.0
SKU0148,2025-10-14,11,14.0
SKU0148,2025-10-15,2,15.0
SKU0148,2025-10-16,14,7.0
SKU0148,2025-10-17,8,8.0
SKU0148,2025-10-18,5,5.0
SKU0148,2025-10-19,17,7.0
SKU0148,2025-10-20,3,14.0
SKU0148,2025-10-21,9,9.0
SKU0148,2025-10-22,15,4.0
SKU0148,2025-10-23,6,8.0
SKU0148,2025-10-24,10,13.0
SKU0148,2025-10-25,14,12.0
SKU0148,2025-10-26,10,3.0
SKU0148,2025-10-27,3,4.0
SKU0148,2025-10-28,14,10.0
SKU0148,2025-10-29,3,8.0
SKU0148,2025-10-30,10,12.0
SKU0148,2025-10-31,19,9.0
SKU0148,2025-11-01,0,4.0
SKU0148,2025-11-02,2,8.0
SKU0148,2025-11-03,12,7.0
SKU0148,2025-11-04,10,15.0
SKU0148,2025-11-05,10,4.0
SKU0148,2025-11-06,10,8.0
SKU0148,2025-11-07,6,6.0
SKU0148,2025-11-08,17,12.0
SKU0148,2025-11-09,8,6.0
SKU0148,2025-11-10,13,7.0
SKU0148,2025-11-11,7,8.0
SKU0148,2025-11-12,11,9.0
SKU0148,2025-11-13,18,10.0
SKU0148,2025-11-14,12,17.0
SKU0148,2025-11-15,7,10.0
SKU0148,2025-11-16,10,11.0
SKU0148,2025-11-17,10,5.0
SKU0148,2025-11-18,5,8.0
SKU0148,2025-11-19,10,17.0
SKU0148,2025-11-20,15,13.0
SKU0148,2025-11-21,12,10.0
SKU0148,2025-11-22,19,17.0
SKU0148,2025-11-23,16,6.0
SKU0148,2025-11-24,16,6.0
SKU0148,2025-11-25,7,9.0
SKU0148,2025-11-26,21,13.0
SKU0148,2025-11-27,10,11.0
SKU0148,2025-11-28,18,9.0
SKU0148,2025-11-29,7,10.0
SKU0148,2025-11-30,11,14.0
SKU0148,2025-12-01,14,15.0
SKU0148,2025-12-02,16,10.0
SKU0148,2025-12-03,7,5.0
SKU0148,2025-12-04,12,15.0
SKU0148,2025-12-05,15,6.0
SKU0148,2025-12-06,4,19.0
SKU0148,2025-12-07,7,22.0
SKU0148,2025-12-08,29,15.0
SKU0148,2025-12-09,11,10.0
SKU0148,2025-12-10,10,10.0
SKU0148,2025-12-11,16,13.0
SKU0148,2025-12-12,12,17.0
SKU0148,2025-12-13,19,18.0
SKU0148,2025-12-14,10,10.0
SKU0148,2025-12-15,17,15.0
SKU0148,2025-12-16,19,9.0
SKU0148,2025-12-17,14,9.0
SKU0148,2025-12-18,15,23.0
SKU0148,2025-12-19,7,21.0
SKU0148,2025-12-20,30,10.0
SKU0148,2025-12-21,16,16.0
SKU0148,2025-12-22,10,10.0
SKU0148,2025-12-23,11,12.0
SKU0148,2025-12-24,13,8.0
SKU0148,2025-12-25,28,18.0
SKU0148,2025-12-26,19,15.0
SKU0148,2025-12-27,21,5.0
SKU0148,2025-12-28,16,12.0
SKU0148,2025-12-29,26,4.0
SKU0148,2025-12-30,10,21.0
SKU0148,2025-12-31,18,29.0
SKU0149,2025-10-01,7,3.0
SKU0149,2025-10-02,6,11.0
SKU0149,2025-10-03,5,9.0
SKU0149,2025-10-04,3,1.0
SKU0149,2025-10-05,16,14.0
SKU0149,2025-10-06,6,7.0
SKU0149,2025-10-07,13,6.0
SKU0149,2025-10-08,3,4.0
SKU0149,2025-10-09,5,11.0
SKU0149,2025-10-10,8,6.0
SKU0149,2025-10-11,5,4.0
SKU0149,2025-10-12,8,4.0
SKU0149,2025-10-13,4,7.0
SKU0149,2025-10-14,8,1.0
SKU0149,2025-10-15,4,5.0
SKU0149,2025-10-16,1,6.0
SKU0149,2025-10-17,8,13.0
SKU0149,2025-10-18,7,4.0
SKU0149,2025-10-19,16,7.0
SKU0149,2025-10-20,6,1.0
SKU0149,2025-10-21,12,5.0
SKU0149,2025-10-22,6,7.0
SKU0149,2025-10-23,6,19.0
SKU0149,2025-10-24,13,4.0
SKU0149,2025-10-25,2,9.0
SKU0149,2025-10-26,14,11.0
SKU0149,2025-10-27,6,0.0
SKU0149,2025-10-28,10,8.0
SKU0149,2025-10-29,17,4.0
SKU0149,2025-10-30,10,5.0
SKU0149,2025-10-31,9,13.0
SKU0149,2025-11-01,11,2.0
SKU0149,2025-11-02,12,5.0
SKU0149,2025-11-03,5,8.0
SKU0149,2025-11-04,15,2.0
SKU0149,2025-11-05,13,6.0
SKU0149,2025-11-06,14,2.0
SKU0149,2025-11-07,7,11.0
SKU0149,2025-11-08,6,4.0
SKU0149,2025-11-09,12,3.0
SKU0149,2025-11-10,3,5.0
SKU0149,2025-11-11,5,10.0
SKU0149,2025-11-12,10,11.0
SKU0149,2025-11-13,4,10.0
SKU0149,2025-11-14,8,5.0
SKU0149,2025-11-15,9,8.0
SKU0149,2025-11-16,12,7.0
SKU0149,2025-11-17,11,8.0
SKU0149,2025-11-18,9,9.0
SKU0149,2025-11-19,9,3.0
SKU0149,2025-11-20,15,8.0
SKU0149,2025-11-21,12,10.0
SKU0149,2025-11-22,11,4.0
SKU0149,2025-11-23,7,7.0
SKU0149,2025-11-24,9,12.0
SKU0149,2025-11-25,13,16.0
SKU0149,2025-11-26,13,12.0
SKU0149,2025-11-27,10,10.0
SKU0149,2025-11-28,12,9.0
SKU0149,2025-11-29,11,10.0
SKU0149,2025-11-30,1,10.0
SKU0149,2025-12-01,12,9.0
SKU0149,2025-12-02,6,8.0
SKU0149,2025-12-03,8,7.0
SKU0149,2025-12-04,4,14.0
SKU0149,2025-12-05,9,9.0
SKU0149,2025-12-06,15,7.0
SKU0149,2025-12-07,7,17.0
SKU0149,2025-12-08,12,12.0
SKU0149,2025-12-09,9,10.0
SKU0149,2025-12-10,11,15.0
SKU0149,2025-12-11,8,7.0
SKU0149,2025-12-12,4,7.0
SKU0149,2025-12-13,7,9.0
SKU0149,2025-12-14,11,6.0
SKU0149,2025-12-15,9,8.0
SKU0149,2025-12-16,8,2.0
SKU0149,2025-12-17,12,8.0
SKU0149,2025-12-18,11,8.0
SKU0149,2025-12-19,15,8.0
SKU0149,2025-12-20,9,8.0
SKU0149,2025-12-21,8,11.0
SKU0149,2025-12-22,10,16.0
SKU0149,2025-12-23,12,6.0
SKU0149,2025-12-24,5,14.0
SKU0149,2025-12-25,5,7.0
SKU0149,2025-12-26,9,2.0
SKU0149,2025-12-27,17,10.0
SKU0149,2025-12-28,7,16.0
SKU0149,2025-12-29,5,14.0
SKU0149,2025-12-30,11,15.0
SKU0149,2025-12-31,6,11.0
