sku_id,class,service_floor,q_multiplier,minimum_order_quantity,order_multiple,safety_stock_quantile,order_quantity,safety_stock,rop,fill_rate,cycle_service_level,avg_inventory,stockout_cost,holding_cost,ordering_cost,total_cost,service_floor_met
SKU0001,CZ,0.98,0.5,1.0,1.0,0.75,308.0,0.0,28.800583335632282,1.0,1.0,191.45528455284554,0.0,11224.001801369863,50.0,11274.001801369863,True
SKU0001,CZ,0.98,0.5,1.0,1.0,0.8,308.0,0.33862635064322466,29.139209686275507,1.0,1.0,191.45528455284554,0.0,11224.001801369863,50.0,11274.001801369863,True
SKU0001,CZ,0.98,0.5,1.0,1.0,0.85,308.0,3.0791592456529107,31.879742581285193,1.0,1.0,193.95934959349594,0.0,11370.801773972604,50.0,11420.801773972604,True
SKU0001,CZ,0.98,0.5,1.0,1.0,0.9,308.0,6.034094353760812,34.8346776893931,1.0,1.0,196.46341463414635,0.0,11517.601746575343,50.0,11567.601746575343,True
SKU0001,CZ,0.98,0.5,1.0,1.0,0.95,308.0,14.06548305380662,42.8660663894389,1.0,1.0,198.96747967479675,0.0,11664.401719178084,50.0,11714.401719178084,True
SKU0001,CZ,0.98,0.5,1.0,1.0,0.97,308.0,16.982103748395478,45.782687084027756,1.0,1.0,198.96747967479675,0.0,11664.401719178084,50.0,11714.401719178084,True
SKU0001,CZ,0.98,0.5,1.0,1.0,0.99,308.0,18.803337526736197,47.60392086236848,1.0,1.0,201.47154471544715,0.0,11811.201691780821,50.0,11861.201691780821,True
SKU0001,CZ,0.98,0.75,1.0,1.0,0.75,462.0,0.0,28.800583335632282,1.0,1.0,262.8211382113821,0.0,15407.801020547944,50.0,15457.801020547944,True
SKU0001,CZ,0.98,0.75,1.0,1.0,0.8,462.0,0.33862635064322466,29.139209686275507,1.0,1.0,262.8211382113821,0.0,15407.801020547944,50.0,15457.801020547944,True
SKU0001,CZ,0.98,0.75,1.0,1.0,0.85,462.0,3.0791592456529107,31.879742581285193,1.0,1.0,266.5772357723577,0.0,15628.000979452054,50.0,15678.000979452054,True
SKU0001,CZ,0.98,0.75,1.0,1.0,0.9,462.0,6.034094353760812,34.8346776893931,1.0,1.0,270.3333333333333,0.0,15848.200938356164,50.0,15898.200938356164,True
SKU0001,CZ,0.98,0.75,1.0,1.0,0.95,462.0,14.06548305380662,42.8660663894389,1.0,1.0,274.0894308943089,0.0,16068.400897260273,50.0,16118.400897260273,True
SKU0001,CZ,0.98,0.75,1.0,1.0,0.97,462.0,16.982103748395478,45.782687084027756,1.0,1.0,274.0894308943089,0.0,16068.400897260273,50.0,16118.400897260273,True
SKU0001,CZ,0.98,0.75,1.0,1.0,0.99,462.0,18.803337526736197,47.60392086236848,1.0,1.0,277.8455284552846,0.0,16288.600856164387,50.0,16338.600856164387,True
SKU0001,CZ,0.98,1.0,1.0,1.0,0.75,615.0,0.0,28.800583335632282,1.0,1.0,333.7235772357724,0.0,19564.43271232877,50.0,19614.43271232877,True
SKU0001,CZ,0.98,1.0,1.0,1.0,0.8,615.0,0.33862635064322466,29.139209686275507,1.0,1.0,333.7235772357724,0.0,19564.43271232877,50.0,19614.43271232877,True
SKU0001,CZ,0.98,1.0,1.0,1.0,0.85,615.0,3.0791592456529107,31.879742581285193,1.0,1.0,338.7235772357724,0.0,19857.556034246576,50.0,19907.556034246576,True
SKU0001,CZ,0.98,1.0,1.0,1.0,0.9,615.0,6.034094353760812,34.8346776893931,1.0,1.0,343.7235772357724,0.0,20150.679356164386,50.0,20200.679356164386,True
SKU0001,CZ,0.98,1.0,1.0,1.0,0.95,615.0,14.06548305380662,42.8660663894389,1.0,1.0,348.7235772357724,0.0,20443.802678082193,50.0,20493.802678082193,True
SKU0001,CZ,0.98,1.0,1.0,1.0,0.97,615.0,16.982103748395478,45.782687084027756,1.0,1.0,348.7235772357724,0.0,20443.802678082193,50.0,20493.802678082193,True
SKU0001,CZ,0.98,1.0,1.0,1.0,0.99,615.0,18.803337526736197,47.60392086236848,1.0,1.0,353.7235772357724,0.0,20736.926,50.0,20786.926,True
SKU0001,CZ,0.98,1.25,1.0,1.0,0.75,769.0,0.0,28.800583335632282,1.0,1.0,405.0894308943089,0.0,23748.23193150685,50.0,23798.23193150685,True
SKU0001,CZ,0.98,1.25,1.0,1.0,0.8,769.0,0.33862635064322466,29.139209686275507,1.0,1.0,405.0894308943089,0.0,23748.23193150685,50.0,23798.23193150685,True
SKU0001,CZ,0.98,1.25,1.0,1.0,0.85,769.0,3.0791592456529107,31.879742581285193,1.0,1.0,411.3414634146341,0.0,24114.755239726026,50.0,24164.755239726026,True
SKU0001,CZ,0.98,1.25,1.0,1.0,0.9,769.0,6.034094353760812,34.8346776893931,1.0,1.0,417.5934959349593,0.0,24481.278547945207,50.0,24531.278547945207,True
SKU0001,CZ,0.98,1.25,1.0,1.0,0.95,769.0,14.06548305380662,42.8660663894389,1.0,1.0,423.8455284552846,0.0,24847.801856164384,50.0,24897.801856164384,True
SKU0001,CZ,0.98,1.25,1.0,1.0,0.97,769.0,16.982103748395478,45.782687084027756,1.0,1.0,423.8455284552846,0.0,24847.801856164384,50.0,24897.801856164384,True
SKU0001,CZ,0.98,1.25,1.0,1.0,0.99,769.0,18.803337526736197,47.60392086236848,1.0,1.0,430.0975609756098,0.0,25214.32516438356,50.0,25264.32516438356,True
SKU0001,CZ,0.98,1.5,1.0,1.0,0.75,923.0,0.0,28.800583335632282,1.0,1.0,476.4552845528455,0.0,27932.031150684932,50.0,27982.031150684932,True
SKU0001,CZ,0.98,1.5,1.0,1.0,0.8,923.0,0.33862635064322466,29.139209686275507,1.0,1.0,476.4552845528455,0.0,27932.031150684932,50.0,27982.031150684932,True
SKU0001,CZ,0.98,1.5,1.0,1.0,0.85,923.0,3.0791592456529107,31.879742581285193,1.0,1.0,483.9593495934959,0.0,28371.95444520548,50.0,28421.95444520548,True
SKU0001,CZ,0.98,1.5,1.0,1.0,0.9,923.0,6.034094353760812,34.8346776893931,1.0,1.0,491.4634146341463,0.0,28811.877739726024,50.0,28861.877739726024,True
SKU0001,CZ,0.98,1.5,1.0,1.0,0.95,923.0,14.06548305380662,42.8660663894389,1.0,1.0,498.9674796747967,0.0,29251.801034246575,50.0,29301.801034246575,True
SKU0001,CZ,0.98,1.5,1.0,1.0,0.97,923.0,16.982103748395478,45.782687084027756,1.0,1.0,498.9674796747967,0.0,29251.801034246575,50.0,29301.801034246575,True
SKU0001,CZ,0.98,1.5,1.0,1.0,0.99,923.0,18.803337526736197,47.60392086236848,1.0,1.0,506.4715447154472,0.0,29691.724328767123,50.0,29741.724328767123,True
SKU0003,CZ,0.98,0.5,1.0,1.0,0.75,164.0,1.0933645693955314,71.25598693484719,0.8898186889818689,0.6666666666666666,86.58536585365853,8532.79,1412.583904109589,250.0,10195.37390410959,False
SKU0003,CZ,0.98,0.5,1.0,1.0,0.8,164.0,3.4217608490426716,73.58438321449432,0.899581589958159,0.6666666666666666,86.6260162601626,7776.720000000001,1413.247089041096,250.0,9439.967089041096,False
SKU0003,CZ,0.98,0.5,1.0,1.0,0.85,164.0,6.463625651436308,76.62624801688796,0.9065550906555091,0.8333333333333334,93.47154471544715,7236.670000000001,1524.9274315068492,250.0,9011.59743150685,False
SKU0003,CZ,0.98,0.5,1.0,1.0,0.9,164.0,11.748903796089213,81.91152616154086,0.9065550906555091,0.8333333333333334,102.8048780487805,7236.670000000001,1677.194691780822,250.0,9163.864691780824,False
SKU0003,CZ,0.98,0.5,1.0,1.0,0.95,164.0,14.220649405945906,84.38327177139756,0.9065550906555091,0.8333333333333334,104.13821138211382,7236.670000000001,1698.9471575342468,250.0,9185.617157534249,False
SKU0003,CZ,0.98,0.5,1.0,1.0,0.97,164.0,17.303970745448492,87.46659311090015,0.9065550906555091,0.8333333333333334,104.13821138211382,7236.670000000001,1698.9471575342468,250.0,9185.617157534249,False
SKU0003,CZ,0.98,0.5,1.0,1.0,0.99,164.0,19.168097049070983,89.33071941452263,0.9065550906555091,0.8333333333333334,105.47154471544715,7236.670000000001,1720.699623287671,250.0,9207.369623287672,False
SKU0003,CZ,0.98,0.75,1.0,1.0,0.75,246.0,1.0933645693955314,71.25598693484719,0.9065550906555091,0.75,132.8048780487805,7236.670000000001,2166.6251712328767,150.0,9553.295171232878,False
SKU0003,CZ,0.98,0.75,1.0,1.0,0.8,246.0,3.4217608490426716,73.58438321449432,0.9065550906555091,0.75,136.8048780487805,7236.670000000001,2231.8825684931508,150.0,9618.552568493153,False
SKU0003,CZ,0.98,0.75,1.0,1.0,0.85,246.0,6.463625651436308,76.62624801688796,0.9065550906555091,0.75,138.8048780487805,7236.670000000001,2264.511267123288,150.0,9651.18126712329,False
SKU0003,CZ,0.98,0.75,1.0,1.0,0.9,246.0,11.748903796089213,81.91152616154086,0.9065550906555091,0.75,140.8048780487805,7236.670000000001,2297.139965753425,150.0,9683.809965753426,False
SKU0003,CZ,0.98,0.75,1.0,1.0,0.95,246.0,14.220649405945906,84.38327177139756,0.9065550906555091,0.75,140.8048780487805,7236.670000000001,2297.139965753425,150.0,9683.809965753426,False
SKU0003,CZ,0.98,0.75,1.0,1.0,0.97,246.0,17.303970745448492,87.46659311090015,0.9065550906555091,0.75,142.8048780487805,7236.670000000001,2329.768664383562,150.0,9716.438664383562,False
SKU0003,CZ,0.98,0.75,1.0,1.0,0.99,246.0,19.168097049070983,89.33071941452263,0.9065550906555091,0.75,144.8048780487805,7236.670000000001,2362.397363013699,150.0,9749.067363013699,False
SKU0003,CZ,0.98,1.0,1.0,1.0,0.75,327.0,1.0933645693955314,71.25598693484719,0.9065550906555091,0.75,157.26829268292684,7236.670000000001,2565.729863013699,150.0,9952.3998630137,False
SKU0003,CZ,0.98,1.0,1.0,1.0,0.8,327.0,3.4217608490426716,73.58438321449432,0.9065550906555091,0.75,159.9268292682927,7236.670000000001,2609.102157534247,150.0,9995.772157534248,False
SKU0003,CZ,0.98,1.0,1.0,1.0,0.85,327.0,6.463625651436308,76.62624801688796,0.9065550906555091,0.75,165.2439024390244,7236.670000000001,2695.8467465753424,150.0,10082.516746575344,False
SKU0003,CZ,0.98,1.0,1.0,1.0,0.9,327.0,11.748903796089213,81.91152616154086,0.9065550906555091,0.75,173.21951219512195,7236.670000000001,2825.963630136986,150.0,10212.633630136987,False
SKU0003,CZ,0.98,1.0,1.0,1.0,0.95,327.0,14.220649405945906,84.38327177139756,0.9065550906555091,0.75,175.8780487804878,7236.670000000001,2869.3359246575346,150.0,10256.005924657537,False
SKU0003,CZ,0.98,1.0,1.0,1.0,0.97,327.0,17.303970745448492,87.46659311090015,0.9065550906555091,0.75,175.8780487804878,7236.670000000001,2869.3359246575346,150.0,10256.005924657537,False
SKU0003,CZ,0.98,1.0,1.0,1.0,0.99,327.0,19.168097049070983,89.33071941452263,0.9065550906555091,0.75,175.8780487804878,7236.670000000001,2869.3359246575346,150.0,10256.005924657537,False
SKU0003,CZ,0.98,1.25,1.0,1.0,0.75,409.0,1.0933645693955314,71.25598693484719,0.9065550906555091,0.6666666666666666,226.739837398374,7236.670000000001,3699.1129109589046,100.0,11035.782910958906,False
SKU0003,CZ,0.98,1.25,1.0,1.0,0.8,409.0,3.4217608490426716,73.58438321449432,0.9065550906555091,0.6666666666666666,230.0650406504065,7236.670000000001,3753.3614383561644,100.0,11090.031438356165,False
SKU0003,CZ,0.98,1.25,1.0,1.0,0.85,409.0,6.463625651436308,76.62624801688796,0.9065550906555091,0.6666666666666666,230.0650406504065,7236.670000000001,3753.3614383561644,100.0,11090.031438356165,False
SKU0003,CZ,0.98,1.25,1.0,1.0,0.9,409.0,11.748903796089213,81.91152616154086,0.9065550906555091,0.6666666666666666,233.390243902439,7236.670000000001,3807.6099657534246,100.0,11144.279965753425,False
SKU0003,CZ,0.98,1.25,1.0,1.0,0.95,409.0,14.220649405945906,84.38327177139756,0.9065550906555091,0.6666666666666666,233.390243902439,7236.670000000001,3807.6099657534246,100.0,11144.279965753425,False
SKU0003,CZ,0.98,1.25,1.0,1.0,0.97,409.0,17.303970745448492,87.46659311090015,0.9065550906555091,0.6666666666666666,233.390243902439,7236.670000000001,3807.6099657534246,100.0,11144.279965753425,False
SKU0003,CZ,0.98,1.25,1.0,1.0,0.99,409.0,19.168097049070983,89.33071941452263,0.9065550906555091,0.6666666666666666,233.390243902439,7236.670000000001,3807.6099657534246,100.0,11144.279965753425,False
SKU0003,CZ,0.98,1.5,1.0,1.0,0.75,491.0,1.0933645693955314,71.25598693484719,0.9065550906555091,0.6666666666666666,281.5284552845528,7236.670000000001,4592.953561643835,100.0,11929.623561643835,False
SKU0003,CZ,0.98,1.5,1.0,1.0,0.8,491.0,3.4217608490426716,73.58438321449432,0.9065550906555091,0.6666666666666666,285.520325203252,7236.670000000001,4658.078321917808,100.0,11994.74832191781,False
SKU0003,CZ,0.98,1.5,1.0,1.0,0.85,491.0,6.463625651436308,76.62624801688796,0.9065550906555091,0.6666666666666666,285.520325203252,7236.670000000001,4658.078321917808,100.0,11994.74832191781,False
SKU0003,CZ,0.98,1.5,1.0,1.0,0.9,491.0,11.748903796089213,81.91152616154086,0.9065550906555091,0.6666666666666666,289.5121951219512,7236.670000000001,4723.203082191781,100.0,12059.873082191782,False
SKU0003,CZ,0.98,1.5,1.0,1.0,0.95,491.0,14.220649405945906,84.38327177139756,0.9065550906555091,0.6666666666666666,289.5121951219512,7236.670000000001,4723.203082191781,100.0,12059.873082191782,False
SKU0003,CZ,0.98,1.5,1.0,1.0,0.97,491.0,17.303970745448492,87.46659311090015,0.9065550906555091,0.6666666666666666,293.5040650406504,7236.670000000001,4788.327842465754,100.0,12124.997842465755,False
SKU0003,CZ,0.98,1.5,1.0,1.0,0.99,491.0,19.168097049070983,89.33071941452263,0.9065550906555091,0.6666666666666666,293.5040650406504,7236.670000000001,4788.327842465754,100.0,12124.997842465755,False
SKU0005,AY,0.97,0.5,1.0,1.0,0.75,328.0,3.4116965970437505,61.74366308634779,1.0,1.0,176.1869918699187,0.0,11886.246636986301,350.0,12236.246636986301,True
SKU0005,AY,0.97,0.5,1.0,1.0,0.8,328.0,6.862529357861394,65.19449584716543,1.0,1.0,178.85365853658536,0.0,12066.150143835614,350.0,12416.150143835614,True
SKU0005,AY,0.97,0.5,1.0,1.0,0.85,328.0,8.955108562979305,67.28707505228334,1.0,1.0,178.85365853658536,0.0,12066.150143835614,350.0,12416.150143835614,True
SKU0005,AY,0.97,0.5,1.0,1.0,0.9,328.0,12.305207985956343,70.63717447526038,1.0,1.0,184.1869918699187,0.0,12425.957157534247,350.0,12775.957157534247,True
SKU0005,AY,0.97,0.5,1.0,1.0,0.95,328.0,16.898724208871183,75.23069069817522,1.0,1.0,194.85365853658536,0.0,13145.571184931507,350.0,13495.571184931507,True
SKU0005,AY,0.97,0.5,1.0,1.0,0.97,328.0,20.744184737535157,79.07615122683919,1.0,1.0,197.52032520325204,0.0,13325.47469178082,350.0,13675.47469178082,True
SKU0005,AY,0.97,0.5,1.0,1.0,0.99,328.0,26.418951832902096,84.75091832220613,1.0,1.0,200.1869918699187,0.0,13505.378198630136,350.0,13855.378198630136,True
SKU0005,AY,0.97,0.75,1.0,1.0,0.75,492.0,3.4116965970437505,61.74366308634779,1.0,1.0,253.52032520325204,0.0,17103.44833561644,250.0,17353.44833561644,True
SKU0005,AY,0.97,0.75,1.0,1.0,0.8,492.0,6.862529357861394,65.19449584716543,1.0,1.0,257.520325203252,0.0,17373.30359589041,250.0,17623.30359589041,True
SKU0005,AY,0.97,0.75,1.0,1.0,0.85,492.0,8.955108562979305,67.28707505228334,1.0,1.0,257.520325203252,0.0,17373.30359589041,250.0,17623.30359589041,True
SKU0005,AY,0.97,0.75,1.0,1.0,0.9,492.0,12.305207985956343,70.63717447526038,1.0,1.0,257.520325203252,0.0,17373.30359589041,250.0,17623.30359589041,True
SKU0005,AY,0.97,0.75,1.0,1.0,0.95,492.0,16.898724208871183,75.23069069817522,1.0,1.0,265.520325203252,0.0,17913.014116438353,250.0,18163.014116438353,True
SKU0005,AY,0.97,0.75,1.0,1.0,0.97,492.0,20.744184737535157,79.07615122683919,1.0,1.0,269.520325203252,0.0,18182.869376712326,250.0,18432.869376712326,True
SKU0005,AY,0.97,0.75,1.0,1.0,0.99,492.0,26.418951832902096,84.75091832220613,1.0,1.0,273.520325203252,0.0,18452.7246369863,250.0,18702.7246369863,True
SKU0005,AY,0.97,1.0,1.0,1.0,0.75,656.0,3.4116965970437505,61.74366308634779,1.0,1.0,328.1869918699187,0.0,22140.74652739726,200.0,22340.74652739726,True
SKU0005,AY,0.97,1.0,1.0,1.0,0.8,656.0,6.862529357861394,65.19449584716543,1.0,1.0,328.1869918699187,0.0,22140.74652739726,200.0,22340.74652739726,True
SKU0005,AY,0.97,1.0,1.0,1.0,0.85,656.0,8.955108562979305,67.28707505228334,1.0,1.0,328.1869918699187,0.0,22140.74652739726,200.0,22340.74652739726,True
SKU0005,AY,0.97,1.0,1.0,1.0,0.9,656.0,12.305207985956343,70.63717447526038,1.0,1.0,333.520325203252,0.0,22500.55354109589,200.0,22700.55354109589,True
SKU0005,AY,0.97,1.0,1.0,1.0,0.95,656.0,16.898724208871183,75.23069069817522,1.0,1.0,349.520325203252,0.0,23579.974582191775,200.0,23779.974582191775,True
SKU0005,AY,0.97,1.0,1.0,1.0,0.97,656.0,20.744184737535157,79.07615122683919,1.0,1.0,349.520325203252,0.0,23579.974582191775,200.0,23779.974582191775,True
SKU0005,AY,0.97,1.0,1.0,1.0,0.99,656.0,26.418951832902096,84.75091832220613,1.0,1.0,354.8536585365854,0.0,23939.781595890414,200.0,24139.781595890414,True
SKU0005,AY,0.97,1.25,1.0,1.0,0.75,820.0,3.4116965970437505,61.74366308634779,1.0,1.0,441.520325203252,0.0,29786.645568493146,150.0,29936.645568493146,True
SKU0005,AY,0.97,1.25,1.0,1.0,0.8,820.0,6.862529357861394,65.19449584716543,1.0,1.0,441.520325203252,0.0,29786.645568493146,150.0,29936.645568493146,True
SKU0005,AY,0.97,1.25,1.0,1.0,0.85,820.0,8.955108562979305,67.28707505228334,1.0,1.0,441.520325203252,0.0,29786.645568493146,150.0,29936.645568493146,True
SKU0005,AY,0.97,1.25,1.0,1.0,0.9,820.0,12.305207985956343,70.63717447526038,1.0,1.0,448.1869918699187,0.0,30236.404335616437,150.0,30386.404335616437,True
SKU0005,AY,0.97,1.25,1.0,1.0,0.95,820.0,16.898724208871183,75.23069069817522,1.0,1.0,454.8536585365854,0.0,30686.163102739727,150.0,30836.163102739727,True
SKU0005,AY,0.97,1.25,1.0,1.0,0.97,820.0,20.744184737535157,79.07615122683919,1.0,1.0,454.8536585365854,0.0,30686.163102739727,150.0,30836.163102739727,True
SKU0005,AY,0.97,1.25,1.0,1.0,0.99,820.0,26.418951832902096,84.75091832220613,1.0,1.0,461.520325203252,0.0,31135.921869863014,150.0,31285.921869863014,True
SKU0005,AY,0.97,1.5,1.0,1.0,0.75,984.0,3.4116965970437505,61.74366308634779,1.0,1.0,469.520325203252,0.0,31675.63239041096,150.0,31825.63239041096,True
SKU0005,AY,0.97,1.5,1.0,1.0,0.8,984.0,6.862529357861394,65.19449584716543,1.0,1.0,469.520325203252,0.0,31675.63239041096,150.0,31825.63239041096,True
SKU0005,AY,0.97,1.5,1.0,1.0,0.85,984.0,8.955108562979305,67.28707505228334,1.0,1.0,469.520325203252,0.0,31675.63239041096,150.0,31825.63239041096,True
SKU0005,AY,0.97,1.5,1.0,1.0,0.9,984.0,12.305207985956343,70.63717447526038,1.0,1.0,469.520325203252,0.0,31675.63239041096,150.0,31825.63239041096,True
SKU0005,AY,0.97,1.5,1.0,1.0,0.95,984.0,16.898724208871183,75.23069069817522,1.0,1.0,485.520325203252,0.0,32755.053431506847,150.0,32905.05343150685,True
SKU0005,AY,0.97,1.5,1.0,1.0,0.97,984.0,20.744184737535157,79.07615122683919,1.0,1.0,493.520325203252,0.0,33294.76395205479,150.0,33444.76395205479,True
SKU0005,AY,0.97,1.5,1.0,1.0,0.99,984.0,26.418951832902096,84.75091832220613,1.0,1.0,501.520325203252,0.0,33834.474472602735,150.0,33984.474472602735,True
SKU0007,AX,0.97,0.5,1.0,1.0,0.75,264.0,8.795910665297978,84.27410811303943,0.9993308798929408,0.9166666666666666,150.82926829268294,1030.54,15135.001150684933,550.0,16715.541150684934,True
SKU0007,AX,0.97,0.5,1.0,1.0,0.8,264.0,10.254794269272637,85.73299171701409,0.9993308798929408,0.9166666666666666,150.82926829268294,1030.54,15135.001150684933,550.0,16715.541150684934,True
SKU0007,AX,0.97,0.5,1.0,1.0,0.85,264.0,13.24517161887773,88.72336906661918,0.9993308798929408,0.9166666666666666,150.82926829268294,1030.54,15135.001150684933,550.0,16715.541150684934,True
SKU0007,AX,0.97,0.5,1.0,1.0,0.9,264.0,16.61247992855345,92.0906773762949,0.9993308798929408,0.9166666666666666,150.82926829268294,1030.54,15135.001150684933,550.0,16715.541150684934,True
SKU0007,AX,0.97,0.5,1.0,1.0,0.95,264.0,22.118361254849088,97.59655870259054,1.0,1.0,151.1869918699187,0.0,15170.89701369863,550.0,15720.89701369863,True
SKU0007,AX,0.97,0.5,1.0,1.0,0.97,264.0,24.39101431174712,99.86921175948856,1.0,1.0,155.47967479674796,0.0,15601.647369863012,550.0,16151.647369863012,True
SKU0007,AX,0.97,0.5,1.0,1.0,0.99,264.0,29.167973777987278,104.64617122572872,1.0,1.0,155.47967479674796,0.0,15601.647369863012,550.0,16151.647369863012,True
SKU0007,AX,0.97,0.75,1.0,1.0,0.75,396.0,8.795910665297978,84.27410811303943,0.9993308798929408,0.8888888888888888,214.08130081300814,1030.54,21482.042383561646,400.0,22912.582383561647,True
SKU0007,AX,0.97,0.75,1.0,1.0,0.8,396.0,10.254794269272637,85.73299171701409,0.9993308798929408,0.8888888888888888,214.08130081300814,1030.54,21482.042383561646,400.0,22912.582383561647,True
SKU0007,AX,0.97,0.75,1.0,1.0,0.85,396.0,13.24517161887773,88.72336906661918,0.9993308798929408,0.8888888888888888,214.08130081300814,1030.54,21482.042383561646,400.0,22912.582383561647,True
SKU0007,AX,0.97,0.75,1.0,1.0,0.9,396.0,16.61247992855345,92.0906773762949,1.0,1.0,218.79674796747966,0.0,21955.215123287668,400.0,22355.215123287668,True
SKU0007,AX,0.97,0.75,1.0,1.0,0.95,396.0,22.118361254849088,97.59655870259054,1.0,1.0,222.01626016260164,0.0,22278.27789041096,400.0,22678.27789041096,True
SKU0007,AX,0.97,0.75,1.0,1.0,0.97,396.0,24.39101431174712,99.86921175948856,1.0,1.0,222.01626016260164,0.0,22278.27789041096,400.0,22678.27789041096,True
SKU0007,AX,0.97,0.75,1.0,1.0,0.99,396.0,29.167973777987278,104.64617122572872,1.0,1.0,222.01626016260164,0.0,22278.27789041096,400.0,22678.27789041096,True
SKU0007,AX,0.97,1.0,1.0,1.0,0.75,527.0,8.795910665297978,84.27410811303943,1.0,1.0,282.9430894308943,0.0,28391.99601369863,300.0,28691.99601369863,True
SKU0007,AX,0.97,1.0,1.0,1.0,0.8,527.0,10.254794269272637,85.73299171701409,1.0,1.0,282.9430894308943,0.0,28391.99601369863,300.0,28691.99601369863,True
SKU0007,AX,0.97,1.0,1.0,1.0,0.85,527.0,13.24517161887773,88.72336906661918,1.0,1.0,282.9430894308943,0.0,28391.99601369863,300.0,28691.99601369863,True
SKU0007,AX,0.97,1.0,1.0,1.0,0.9,527.0,16.61247992855345,92.0906773762949,1.0,1.0,282.9430894308943,0.0,28391.99601369863,300.0,28691.99601369863,True
SKU0007,AX,0.97,1.0,1.0,1.0,0.95,527.0,22.118361254849088,97.59655870259054,1.0,1.0,291.5121951219512,0.0,29251.865095890407,300.0,29551.865095890407,True
SKU0007,AX,0.97,1.0,1.0,1.0,0.97,527.0,24.39101431174712,99.86921175948856,1.0,1.0,291.5121951219512,0.0,29251.865095890407,300.0,29551.865095890407,True
SKU0007,AX,0.97,1.0,1.0,1.0,0.99,527.0,29.167973777987278,104.64617122572872,1.0,1.0,300.0813008130081,0.0,30111.734178082188,300.0,30411.734178082188,True
SKU0007,AX,0.97,1.25,1.0,1.0,0.75,659.0,8.795910665297978,84.27410811303943,0.9979926396788223,0.8333333333333334,348.4227642276423,3091.62,34962.57057534246,250.0,38304.190575342465,True
SKU0007,AX,0.97,1.25,1.0,1.0,0.8,659.0,10.254794269272637,85.73299171701409,0.9979926396788223,0.8333333333333334,348.4227642276423,3091.62,34962.57057534246,250.0,38304.190575342465,True
SKU0007,AX,0.97,1.25,1.0,1.0,0.85,659.0,13.24517161887773,88.72336906661918,0.9979926396788223,0.8333333333333334,348.4227642276423,3091.62,34962.57057534246,250.0,38304.190575342465,True
SKU0007,AX,0.97,1.25,1.0,1.0,0.9,659.0,16.61247992855345,92.0906773762949,0.9979926396788223,0.8333333333333334,348.4227642276423,3091.62,34962.57057534246,250.0,38304.190575342465,True
SKU0007,AX,0.97,1.25,1.0,1.0,0.95,659.0,22.118361254849088,97.59655870259054,1.0,1.0,365.0731707317073,0.0,36633.35983561644,250.0,36883.35983561644,True
SKU0007,AX,0.97,1.25,1.0,1.0,0.97,659.0,24.39101431174712,99.86921175948856,1.0,1.0,365.0731707317073,0.0,36633.35983561644,250.0,36883.35983561644,True
SKU0007,AX,0.97,1.25,1.0,1.0,0.99,659.0,29.167973777987278,104.64617122572872,1.0,1.0,370.4308943089431,0.0,37170.981965753424,250.0,37420.981965753424,True
SKU0007,AX,0.97,1.5,1.0,1.0,0.75,791.0,8.795910665297978,84.27410811303943,1.0,1.0,432.0081300813008,0.0,43349.965294520545,200.0,43549.965294520545,True
SKU0007,AX,0.97,1.5,1.0,1.0,0.8,791.0,10.254794269272637,85.73299171701409,1.0,1.0,432.0081300813008,0.0,43349.965294520545,200.0,43549.965294520545,True
SKU0007,AX,0.97,1.5,1.0,1.0,0.85,791.0,13.24517161887773,88.72336906661918,1.0,1.0,432.0081300813008,0.0,43349.965294520545,200.0,43549.965294520545,True
SKU0007,AX,0.97,1.5,1.0,1.0,0.9,791.0,16.61247992855345,92.0906773762949,1.0,1.0,432.0081300813008,0.0,43349.965294520545,200.0,43549.965294520545,True
SKU0007,AX,0.97,1.5,1.0,1.0,0.95,791.0,22.118361254849088,97.59655870259054,1.0,1.0,432.0081300813008,0.0,43349.965294520545,200.0,43549.965294520545,True
SKU0007,AX,0.97,1.5,1.0,1.0,0.97,791.0,24.39101431174712,99.86921175948856,1.0,1.0,432.0081300813008,0.0,43349.965294520545,200.0,43549.965294520545,True
SKU0007,AX,0.97,1.5,1.0,1.0,0.99,791.0,29.167973777987278,104.64617122572872,1.0,1.0,432.0081300813008,0.0,43349.965294520545,200.0,43549.965294520545,True
SKU0008,CZ,0.98,0.5,1.0,1.0,0.75,246.0,0.0,57.548265056586686,1.0,1.0,142.83739837398375,0.0,6396.6803630137,100.0,6496.6803630137,True
SKU0008,CZ,0.98,0.5,1.0,1.0,0.8,246.0,0.0,57.548265056586686,1.0,1.0,142.83739837398375,0.0,6396.6803630137,100.0,6496.6803630137,True
SKU0008,CZ,0.98,0.5,1.0,1.0,0.85,246.0,1.7743584606314726,59.32262351721816,1.0,1.0,146.83739837398375,0.0,6575.8121712328775,100.0,6675.8121712328775,True
SKU0008,CZ,0.98,0.5,1.0,1.0,0.9,246.0,4.781487921610968,62.329752978197654,1.0,1.0,148.83739837398375,0.0,6665.378075342467,100.0,6765.378075342467,True
SKU0008,CZ,0.98,0.5,1.0,1.0,0.95,246.0,7.179435253568719,64.7277003101554,1.0,1.0,148.83739837398375,0.0,6665.378075342467,100.0,6765.378075342467,True
SKU0008,CZ,0.98,0.5,1.0,1.0,0.97,246.0,8.777823188107753,66.32608824469443,1.0,1.0,148.83739837398375,0.0,6665.378075342467,100.0,6765.378075342467,True
SKU0008,CZ,0.98,0.5,1.0,1.0,0.99,246.0,10.729886271224064,68.27815132781075,1.0,1.0,158.83739837398375,0.0,7113.2075958904115,100.0,7213.2075958904115,True
SKU0008,CZ,0.98,0.75,1.0,1.0,0.75,369.0,0.0,57.548265056586686,1.0,1.0,168.83739837398375,0.0,7561.037116438357,100.0,7661.037116438357,True
SKU0008,CZ,0.98,0.75,1.0,1.0,0.8,369.0,0.0,57.548265056586686,1.0,1.0,168.83739837398375,0.0,7561.037116438357,100.0,7661.037116438357,True
SKU0008,CZ,0.98,0.75,1.0,1.0,0.85,369.0,1.7743584606314726,59.32262351721816,1.0,1.0,171.83739837398375,0.0,7695.38597260274,100.0,7795.38597260274,True
SKU0008,CZ,0.98,0.75,1.0,1.0,0.9,369.0,4.781487921610968,62.329752978197654,1.0,1.0,177.83739837398375,0.0,7964.083684931507,100.0,8064.083684931507,True
SKU0008,CZ,0.98,0.75,1.0,1.0,0.95,369.0,7.179435253568719,64.7277003101554,1.0,1.0,177.83739837398375,0.0,7964.083684931507,100.0,8064.083684931507,True
SKU0008,CZ,0.98,0.75,1.0,1.0,0.97,369.0,8.777823188107753,66.32608824469443,1.0,1.0,180.83739837398375,0.0,8098.432541095892,100.0,8198.432541095892,True
SKU0008,CZ,0.98,0.75,1.0,1.0,0.99,369.0,10.729886271224064,68.27815132781075,1.0,1.0,183.83739837398375,0.0,8232.781397260274,100.0,8332.781397260274,True
SKU0008,CZ,0.98,1.0,1.0,1.0,0.75,491.0,0.0,57.548265056586686,1.0,1.0,250.17073170731706,0.0,11203.383883561644,50.0,11253.383883561644,True
SKU0008,CZ,0.98,1.0,1.0,1.0,0.8,491.0,0.0,57.548265056586686,1.0,1.0,250.17073170731706,0.0,11203.383883561644,50.0,11253.383883561644,True
SKU0008,CZ,0.98,1.0,1.0,1.0,0.85,491.0,1.7743584606314726,59.32262351721816,1.0,1.0,254.16260162601625,0.0,11382.151602739727,50.0,11432.151602739727,True
SKU0008,CZ,0.98,1.0,1.0,1.0,0.9,491.0,4.781487921610968,62.329752978197654,1.0,1.0,258.1544715447154,0.0,11560.919321917807,50.0,11610.919321917807,True
SKU0008,CZ,0.98,1.0,1.0,1.0,0.95,491.0,7.179435253568719,64.7277003101554,1.0,1.0,258.1544715447154,0.0,11560.919321917807,50.0,11610.919321917807,True
SKU0008,CZ,0.98,1.0,1.0,1.0,0.97,491.0,8.777823188107753,66.32608824469443,1.0,1.0,258.1544715447154,0.0,11560.919321917807,50.0,11610.919321917807,True
SKU0008,CZ,0.98,1.0,1.0,1.0,0.99,491.0,10.729886271224064,68.27815132781075,1.0,1.0,262.1463414634146,0.0,11739.68704109589,50.0,11789.68704109589,True
SKU0008,CZ,0.98,1.25,1.0,1.0,0.75,614.0,0.0,57.548265056586686,1.0,1.0,332.1707317073171,0.0,14875.585952054797,50.0,14925.585952054797,True
SKU0008,CZ,0.98,1.25,1.0,1.0,0.8,614.0,0.0,57.548265056586686,1.0,1.0,332.1707317073171,0.0,14875.585952054797,50.0,14925.585952054797,True
SKU0008,CZ,0.98,1.25,1.0,1.0,0.85,614.0,1.7743584606314726,59.32262351721816,1.0,1.0,337.1626016260163,0.0,15099.136623287674,50.0,15149.136623287674,True
SKU0008,CZ,0.98,1.25,1.0,1.0,0.9,614.0,4.781487921610968,62.329752978197654,1.0,1.0,342.1544715447154,0.0,15322.687294520547,50.0,15372.687294520547,True
SKU0008,CZ,0.98,1.25,1.0,1.0,0.95,614.0,7.179435253568719,64.7277003101554,1.0,1.0,342.1544715447154,0.0,15322.687294520547,50.0,15372.687294520547,True
SKU0008,CZ,0.98,1.25,1.0,1.0,0.97,614.0,8.777823188107753,66.32608824469443,1.0,1.0,342.1544715447154,0.0,15322.687294520547,50.0,15372.687294520547,True
SKU0008,CZ,0.98,1.25,1.0,1.0,0.99,614.0,10.729886271224064,68.27815132781075,1.0,1.0,347.1463414634146,0.0,15546.237965753426,50.0,15596.237965753426,True
SKU0008,CZ,0.98,1.5,1.0,1.0,0.75,737.0,0.0,57.548265056586686,1.0,1.0,414.1707317073171,0.0,18547.788020547945,50.0,18597.788020547945,True
SKU0008,CZ,0.98,1.5,1.0,1.0,0.8,737.0,0.0,57.548265056586686,1.0,1.0,414.1707317073171,0.0,18547.788020547945,50.0,18597.788020547945,True
SKU0008,CZ,0.98,1.5,1.0,1.0,0.85,737.0,1.7743584606314726,59.32262351721816,1.0,1.0,420.1626016260163,0.0,18816.121643835617,50.0,18866.121643835617,True
SKU0008,CZ,0.98,1.5,1.0,1.0,0.9,737.0,4.781487921610968,62.329752978197654,1.0,1.0,426.1544715447154,0.0,19084.45526712329,50.0,19134.45526712329,True
SKU0008,CZ,0.98,1.5,1.0,1.0,0.95,737.0,7.179435253568719,64.7277003101554,1.0,1.0,426.1544715447154,0.0,19084.45526712329,50.0,19134.45526712329,True
SKU0008,CZ,0.98,1.5,1.0,1.0,0.97,737.0,8.777823188107753,66.32608824469443,1.0,1.0,426.1544715447154,0.0,19084.45526712329,50.0,19134.45526712329,True
SKU0008,CZ,0.98,1.5,1.0,1.0,0.99,737.0,10.729886271224064,68.27815132781075,1.0,1.0,432.1463414634146,0.0,19352.78889041096,50.0,19402.78889041096,True
SKU0010,AX,0.97,0.5,1.0,1.0,0.75,373.0,6.109292893656942,183.15017330114162,0.939250118652112,0.8333333333333334,185.21951219512195,66823.68,6773.119808219179,300.0,73896.79980821918,False
SKU0010,AX,0.97,0.5,1.0,1.0,0.8,373.0,8.891841604375388,185.93272201186008,0.939250118652112,0.8333333333333334,185.21951219512195,66823.68,6773.119808219179,300.0,73896.79980821918,False
SKU0010,AX,0.97,0.5,1.0,1.0,0.85,373.0,12.357115562542825,189.3979959700275,0.939250118652112,0.8333333333333334,185.21951219512195,66823.68,6773.119808219179,300.0,73896.79980821918,False
SKU0010,AX,0.97,0.5,1.0,1.0,0.9,373.0,19.838632365724166,196.87951277320883,0.939250118652112,0.8571428571428571,194.3170731707317,66823.68,7105.800041095891,300.0,74229.48004109589,False
SKU0010,AX,0.97,0.5,1.0,1.0,0.95,373.0,23.154492437962773,200.19537284544745,0.939250118652112,0.8571428571428571,200.3821138211382,66823.68,7327.586863013698,300.0,74451.26686301369,False
SKU0010,AX,0.97,0.5,1.0,1.0,0.97,373.0,27.843629384705313,204.88450979219,0.939250118652112,0.8571428571428571,212.5121951219512,66823.68,7771.1605068493145,300.0,74894.8405068493,False
SKU0010,AX,0.97,0.5,1.0,1.0,0.99,373.0,31.922630833566156,208.96351124105084,0.939250118652112,0.8571428571428571,212.5121951219512,66823.68,7771.1605068493145,300.0,74894.8405068493,False
SKU0010,AX,0.97,0.75,1.0,1.0,0.75,560.0,6.109292893656942,183.15017330114162,0.939250118652112,0.8,287.9186991869919,66823.68,10528.630712328768,200.0,77552.31071232876,False
SKU0010,AX,0.97,0.75,1.0,1.0,0.8,560.0,8.891841604375388,185.93272201186008,0.939250118652112,0.8,287.9186991869919,66823.68,10528.630712328768,200.0,77552.31071232876,False
SKU0010,AX,0.97,0.75,1.0,1.0,0.85,560.0,12.357115562542825,189.3979959700275,0.939250118652112,0.8,287.9186991869919,66823.68,10528.630712328768,200.0,77552.31071232876,False
SKU0010,AX,0.97,0.75,1.0,1.0,0.9,560.0,19.838632365724166,196.87951277320883,0.939250118652112,0.8,297.0243902439024,66823.68,10861.60824657534,200.0,77885.28824657534,False
SKU0010,AX,0.97,0.75,1.0,1.0,0.95,560.0,23.154492437962773,200.19537284544745,0.939250118652112,0.8,297.0243902439024,66823.68,10861.60824657534,200.0,77885.28824657534,False
SKU0010,AX,0.97,0.75,1.0,1.0,0.97,560.0,27.843629384705313,204.88450979219,0.939250118652112,0.8,297.0243902439024,66823.68,10861.60824657534,200.0,77885.28824657534,False
SKU0010,AX,0.97,0.75,1.0,1.0,0.99,560.0,31.922630833566156,208.96351124105084,0.939250118652112,0.8,297.0243902439024,66823.68,10861.60824657534,200.0,77885.28824657534,False
SKU0010,AX,0.97,1.0,1.0,1.0,0.75,746.0,6.109292893656942,183.15017330114162,0.939250118652112,0.75,403.5609756097561,66823.68,14757.445397260273,150.0,81731.12539726027,False
SKU0010,AX,0.97,1.0,1.0,1.0,0.8,746.0,8.891841604375388,185.93272201186008,0.939250118652112,0.75,403.5609756097561,66823.68,14757.445397260273,150.0,81731.12539726027,False
SKU0010,AX,0.97,1.0,1.0,1.0,0.85,746.0,12.357115562542825,189.3979959700275,0.939250118652112,0.75,403.5609756097561,66823.68,14757.445397260273,150.0,81731.12539726027,False
SKU0010,AX,0.97,1.0,1.0,1.0,0.9,746.0,19.838632365724166,196.87951277320883,0.939250118652112,0.75,409.6260162601626,66823.68,14979.232219178082,150.0,81952.91221917808,False
SKU0010,AX,0.97,1.0,1.0,1.0,0.95,746.0,23.154492437962773,200.19537284544745,0.939250118652112,0.75,409.6260162601626,66823.68,14979.232219178082,150.0,81952.91221917808,False
SKU0010,AX,0.97,1.0,1.0,1.0,0.97,746.0,27.843629384705313,204.88450979219,0.939250118652112,0.75,421.7560975609756,66823.68,15422.805863013697,150.0,82396.48586301369,False
SKU0010,AX,0.97,1.0,1.0,1.0,0.99,746.0,31.922630833566156,208.96351124105084,0.939250118652112,0.75,421.7560975609756,66823.68,15422.805863013697,150.0,82396.48586301369,False
SKU0010,AX,0.97,1.25,1.0,1.0,0.75,933.0,6.109292893656942,183.15017330114162,0.939250118652112,0.6666666666666666,440.6991869918699,66823.68,16115.51805479452,150.0,83089.19805479451,False
SKU0010,AX,0.97,1.25,1.0,1.0,0.8,933.0,8.891841604375388,185.93272201186008,0.939250118652112,0.6666666666666666,440.6991869918699,66823.68,16115.51805479452,150.0,83089.19805479451,False
SKU0010,AX,0.97,1.25,1.0,1.0,0.85,933.0,12.357115562542825,189.3979959700275,0.939250118652112,0.6666666666666666,440.6991869918699,66823.68,16115.51805479452,150.0,83089.19805479451,False
SKU0010,AX,0.97,1.25,1.0,1.0,0.9,933.0,19.838632365724166,196.87951277320883,0.939250118652112,0.75,448.2845528455285,66823.68,16392.900232876716,150.0,83366.5802328767,False
SKU0010,AX,0.97,1.25,1.0,1.0,0.95,933.0,23.154492437962773,200.19537284544745,0.939250118652112,0.75,471.0406504065041,66823.68,17225.046767123287,150.0,84198.72676712328,False
SKU0010,AX,0.97,1.25,1.0,1.0,0.97,933.0,27.843629384705313,204.88450979219,0.939250118652112,0.75,478.6260162601626,66823.68,17502.42894520548,150.0,84476.10894520547,False
SKU0010,AX,0.97,1.25,1.0,1.0,0.99,933.0,31.922630833566156,208.96351124105084,0.939250118652112,0.75,478.6260162601626,66823.68,17502.42894520548,150.0,84476.10894520547,False
SKU0010,AX,0.97,1.5,1.0,1.0,0.75,1119.0,6.109292893656942,183.15017330114162,0.939250118652112,0.6666666666666666,564.2845528455284,66823.68,20634.79617808219,100.0,87558.47617808219,False
SKU0010,AX,0.97,1.5,1.0,1.0,0.8,1119.0,8.891841604375388,185.93272201186008,0.939250118652112,0.6666666666666666,564.2845528455284,66823.68,20634.79617808219,100.0,87558.47617808219,False
SKU0010,AX,0.97,1.5,1.0,1.0,0.85,1119.0,12.357115562542825,189.3979959700275,0.939250118652112,0.6666666666666666,564.2845528455284,66823.68,20634.79617808219,100.0,87558.47617808219,False
SKU0010,AX,0.97,1.5,1.0,1.0,0.9,1119.0,19.838632365724166,196.87951277320883,0.939250118652112,0.6666666666666666,573.3821138211382,66823.68,20967.476410958905,100.0,87891.1564109589,False
SKU0010,AX,0.97,1.5,1.0,1.0,0.95,1119.0,23.154492437962773,200.19537284544745,0.939250118652112,0.6666666666666666,573.3821138211382,66823.68,20967.476410958905,100.0,87891.1564109589,False
SKU0010,AX,0.97,1.5,1.0,1.0,0.97,1119.0,27.843629384705313,204.88450979219,0.939250118652112,0.6666666666666666,573.3821138211382,66823.68,20967.476410958905,100.0,87891.1564109589,False
SKU0010,AX,0.97,1.5,1.0,1.0,0.99,1119.0,31.922630833566156,208.96351124105084,0.939250118652112,0.6666666666666666,573.3821138211382,66823.68,20967.476410958905,100.0,87891.1564109589,False
SKU0011,CZ,0.98,0.5,1.0,1.0,0.75,222.0,0.0,20.848644270227407,1.0,1.0,113.5691056910569,0.0,3948.8258082191783,150.0,4098.825808219179,True
SKU0011,CZ,0.98,0.5,1.0,1.0,0.8,222.0,0.11493774076642627,20.963582010993832,1.0,1.0,113.5691056910569,0.0,3948.8258082191783,150.0,4098.825808219179,True
SKU0011,CZ,0.98,0.5,1.0,1.0,0.85,222.0,1.3245448328215286,22.173189103048934,1.0,1.0,113.5691056910569,0.0,3948.8258082191783,150.0,4098.825808219179,True
SKU0011,CZ,0.98,0.5,1.0,1.0,0.9,222.0,2.925240449542688,23.773884719770095,1.0,1.0,115.3739837398374,0.0,4011.581863013699,150.0,4161.581863013699,True
SKU0011,CZ,0.98,0.5,1.0,1.0,0.95,222.0,5.8905653275541745,26.73920959778158,1.0,1.0,122.59349593495935,0.0,4262.606082191781,150.0,4412.606082191781,True
SKU0011,CZ,0.98,0.5,1.0,1.0,0.97,222.0,5.9677744853934565,26.816418755620862,1.0,1.0,122.59349593495935,0.0,4262.606082191781,150.0,4412.606082191781,True
SKU0011,CZ,0.98,0.5,1.0,1.0,0.99,222.0,6.9302061280398535,27.77885039826726,1.0,1.0,126.20325203252033,0.0,4388.118191780823,150.0,4538.118191780823,True
SKU0011,CZ,0.98,0.75,1.0,1.0,0.75,333.0,0.0,20.848644270227407,1.0,1.0,174.9349593495935,0.0,6082.531671232878,100.0,6182.531671232878,True
SKU0011,CZ,0.98,0.75,1.0,1.0,0.8,333.0,0.11493774076642627,20.963582010993832,1.0,1.0,174.9349593495935,0.0,6082.531671232878,100.0,6182.531671232878,True
SKU0011,CZ,0.98,0.75,1.0,1.0,0.85,333.0,1.3245448328215286,22.173189103048934,1.0,1.0,174.9349593495935,0.0,6082.531671232878,100.0,6182.531671232878,True
SKU0011,CZ,0.98,0.75,1.0,1.0,0.9,333.0,2.925240449542688,23.773884719770095,1.0,1.0,174.9349593495935,0.0,6082.531671232878,100.0,6182.531671232878,True
SKU0011,CZ,0.98,0.75,1.0,1.0,0.95,333.0,5.8905653275541745,26.73920959778158,1.0,1.0,180.34959349593495,0.0,6270.799835616439,100.0,6370.799835616439,True
SKU0011,CZ,0.98,0.75,1.0,1.0,0.97,333.0,5.9677744853934565,26.816418755620862,1.0,1.0,180.34959349593495,0.0,6270.799835616439,100.0,6370.799835616439,True
SKU0011,CZ,0.98,0.75,1.0,1.0,0.99,333.0,6.9302061280398535,27.77885039826726,1.0,1.0,185.7642276422764,0.0,6459.068,100.0,6559.068,True
SKU0011,CZ,0.98,1.0,1.0,1.0,0.75,444.0,0.0,20.848644270227407,1.0,1.0,192.98373983739836,0.0,6710.092219178082,100.0,6810.092219178082,True
SKU0011,CZ,0.98,1.0,1.0,1.0,0.8,444.0,0.11493774076642627,20.963582010993832,1.0,1.0,192.98373983739836,0.0,6710.092219178082,100.0,6810.092219178082,True
SKU0011,CZ,0.98,1.0,1.0,1.0,0.85,444.0,1.3245448328215286,22.173189103048934,1.0,1.0,192.98373983739836,0.0,6710.092219178082,100.0,6810.092219178082,True
SKU0011,CZ,0.98,1.0,1.0,1.0,0.9,444.0,2.925240449542688,23.773884719770095,1.0,1.0,196.59349593495935,0.0,6835.604328767124,100.0,6935.604328767124,True
SKU0011,CZ,0.98,1.0,1.0,1.0,0.95,444.0,5.8905653275541745,26.73920959778158,1.0,1.0,203.8130081300813,0.0,7086.628547945206,100.0,7186.628547945206,True
SKU0011,CZ,0.98,1.0,1.0,1.0,0.97,444.0,5.9677744853934565,26.816418755620862,1.0,1.0,203.8130081300813,0.0,7086.628547945206,100.0,7186.628547945206,True
SKU0011,CZ,0.98,1.0,1.0,1.0,0.99,444.0,6.9302061280398535,27.77885039826726,1.0,1.0,207.4227642276423,0.0,7212.140657534248,100.0,7312.140657534248,True
SKU0011,CZ,0.98,1.25,1.0,1.0,0.75,555.0,0.0,20.848644270227407,1.0,1.0,249.83739837398375,0.0,8686.907945205481,50.0,8736.907945205481,True
SKU0011,CZ,0.98,1.25,1.0,1.0,0.8,555.0,0.11493774076642627,20.963582010993832,1.0,1.0,249.83739837398375,0.0,8686.907945205481,50.0,8736.907945205481,True
SKU0011,CZ,0.98,1.25,1.0,1.0,0.85,555.0,1.3245448328215286,22.173189103048934,1.0,1.0,249.83739837398375,0.0,8686.907945205481,50.0,8736.907945205481,True
SKU0011,CZ,0.98,1.25,1.0,1.0,0.9,555.0,2.925240449542688,23.773884719770095,1.0,1.0,249.83739837398375,0.0,8686.907945205481,50.0,8736.907945205481,True
SKU0011,CZ,0.98,1.25,1.0,1.0,0.95,555.0,5.8905653275541745,26.73920959778158,1.0,1.0,254.34959349593495,0.0,8843.79808219178,50.0,8893.79808219178,True
SKU0011,CZ,0.98,1.25,1.0,1.0,0.97,555.0,5.9677744853934565,26.816418755620862,1.0,1.0,254.34959349593495,0.0,8843.79808219178,50.0,8893.79808219178,True
SKU0011,CZ,0.98,1.25,1.0,1.0,0.99,555.0,6.9302061280398535,27.77885039826726,1.0,1.0,258.8617886178862,0.0,9000.688219178082,50.0,9050.688219178082,True
SKU0011,CZ,0.98,1.5,1.0,1.0,0.75,666.0,0.0,20.848644270227407,1.0,1.0,331.9593495934959,0.0,11542.308438356164,50.0,11592.308438356164,True
SKU0011,CZ,0.98,1.5,1.0,1.0,0.8,666.0,0.11493774076642627,20.963582010993832,1.0,1.0,331.9593495934959,0.0,11542.308438356164,50.0,11592.308438356164,True
SKU0011,CZ,0.98,1.5,1.0,1.0,0.85,666.0,1.3245448328215286,22.173189103048934,1.0,1.0,331.9593495934959,0.0,11542.308438356164,50.0,11592.308438356164,True
SKU0011,CZ,0.98,1.5,1.0,1.0,0.9,666.0,2.925240449542688,23.773884719770095,1.0,1.0,331.9593495934959,0.0,11542.308438356164,50.0,11592.308438356164,True
SKU0011,CZ,0.98,1.5,1.0,1.0,0.95,666.0,5.8905653275541745,26.73920959778158,1.0,1.0,337.3739837398374,0.0,11730.576602739726,50.0,11780.576602739726,True
SKU0011,CZ,0.98,1.5,1.0,1.0,0.97,666.0,5.9677744853934565,26.816418755620862,1.0,1.0,337.3739837398374,0.0,11730.576602739726,50.0,11780.576602739726,True
SKU0011,CZ,0.98,1.5,1.0,1.0,0.99,666.0,6.9302061280398535,27.77885039826726,1.0,1.0,342.7886178861789,0.0,11918.844767123288,50.0,11968.844767123288,True
SKU0012,AY,0.97,0.5,1.0,1.0,0.75,250.0,2.580342814860799,359.50446529451887,0.8441302203222624,0.8333333333333334,145.72357723577235,506435.81999999995,13346.382273972604,600.0,520382.20227397257,False
SKU0012,AY,0.97,0.5,1.0,1.0,0.8,250.0,5.231810030284269,362.1559325099424,0.8441302203222624,0.8333333333333334,151.8211382113821,506435.81999999995,13904.839465753426,600.0,520940.65946575336,False
SKU0012,AY,0.97,0.5,1.0,1.0,0.85,250.0,9.994316537248457,366.9184390169065,0.8467609339033213,0.9166666666666666,155.6910569105691,497888.37999999995,14259.273630136986,600.0,512747.6536301369,False
SKU0012,AY,0.97,0.5,1.0,1.0,0.9,250.0,15.817700947961548,372.74182342761964,0.8467609339033213,0.9166666666666666,157.72357723577235,497888.37999999995,14445.426027397261,600.0,512933.8060273972,False
SKU0012,AY,0.97,0.5,1.0,1.0,0.95,250.0,21.68473187334221,378.6088543530003,0.8467609339033213,0.9166666666666666,163.8211382113821,497888.37999999995,15003.883219178084,600.0,513492.263219178,False
SKU0012,AY,0.97,0.5,1.0,1.0,0.97,250.0,27.741528373507517,384.6656508531656,0.8467609339033213,0.9166666666666666,163.8211382113821,497888.37999999995,15003.883219178084,600.0,513492.263219178,False
SKU0012,AY,0.97,0.5,1.0,1.0,0.99,250.0,38.66578521307845,395.5899076927365,0.8467609339033213,0.9166666666666666,196.34146341463415,497888.37999999995,17982.32157534247,600.0,516470.7015753424,False
SKU0012,AY,0.97,0.75,1.0,1.0,0.75,375.0,2.580342814860799,359.50446529451887,0.8467609339033213,0.875,231.91056910569105,497888.37999999995,21239.98852739726,400.0,519528.3685273972,False
SKU0012,AY,0.97,0.75,1.0,1.0,0.8,375.0,5.231810030284269,362.1559325099424,0.8467609339033213,0.875,231.91056910569105,497888.37999999995,21239.98852739726,400.0,519528.3685273972,False
SKU0012,AY,0.97,0.75,1.0,1.0,0.85,375.0,9.994316537248457,366.9184390169065,0.8467609339033213,0.875,231.91056910569105,497888.37999999995,21239.98852739726,400.0,519528.3685273972,False
SKU0012,AY,0.97,0.75,1.0,1.0,0.9,375.0,15.817700947961548,372.74182342761964,0.8467609339033213,0.875,234.95934959349594,497888.37999999995,21519.217123287675,400.0,519807.5971232876,False
SKU0012,AY,0.97,0.75,1.0,1.0,0.95,375.0,21.68473187334221,378.6088543530003,0.8467609339033213,0.875,238.0081300813008,497888.37999999995,21798.445719178082,400.0,520086.825719178,False
SKU0012,AY,0.97,0.75,1.0,1.0,0.97,375.0,27.741528373507517,384.6656508531656,0.8467609339033213,0.875,241.0569105691057,497888.37999999995,22077.674315068496,400.0,520366.05431506847,False
SKU0012,AY,0.97,0.75,1.0,1.0,0.99,375.0,38.66578521307845,395.5899076927365,0.8467609339033213,0.875,244.10569105691056,497888.37999999995,22356.902910958906,400.0,520645.28291095886,False
SKU0012,AY,0.97,1.0,1.0,1.0,0.75,500.0,2.580342814860799,359.50446529451887,0.8441302203222624,0.7142857142857143,235.15447154471545,506435.81999999995,21537.08775342466,300.0,528272.9077534246,False
SKU0012,AY,0.97,1.0,1.0,1.0,0.8,500.0,5.231810030284269,362.1559325099424,0.8441302203222624,0.7142857142857143,243.28455284552845,506435.81999999995,22281.697342465755,300.0,529017.5173424657,False
SKU0012,AY,0.97,1.0,1.0,1.0,0.85,500.0,9.994316537248457,366.9184390169065,0.8467609339033213,0.8571428571428571,251.21951219512195,497888.37999999995,23008.436301369864,300.0,521196.8163013698,False
SKU0012,AY,0.97,1.0,1.0,1.0,0.9,500.0,15.817700947961548,372.74182342761964,0.8467609339033213,0.8571428571428571,255.28455284552845,497888.37999999995,23380.741095890415,300.0,521569.12109589035,False
SKU0012,AY,0.97,1.0,1.0,1.0,0.95,500.0,21.68473187334221,378.6088543530003,0.8467609339033213,0.8571428571428571,259.349593495935,497888.37999999995,23753.045890410962,300.0,521941.4258904109,False
SKU0012,AY,0.97,1.0,1.0,1.0,0.97,500.0,27.741528373507517,384.6656508531656,0.8467609339033213,0.8571428571428571,259.349593495935,497888.37999999995,23753.045890410962,300.0,521941.4258904109,False
SKU0012,AY,0.97,1.0,1.0,1.0,0.99,500.0,38.66578521307845,395.5899076927365,0.8467609339033213,0.8571428571428571,312.1951219512195,497888.37999999995,28593.008219178086,300.0,526781.3882191781,False
SKU0012,AY,0.97,1.25,1.0,1.0,0.75,625.0,2.580342814860799,359.50446529451887,0.8441302203222624,0.6666666666666666,295.1138211382114,506435.81999999995,27028.583472602746,250.0,533714.4034726027,False
SKU0012,AY,0.97,1.25,1.0,1.0,0.8,625.0,5.231810030284269,362.1559325099424,0.8441302203222624,0.6666666666666666,300.1951219512195,506435.81999999995,27493.964465753426,250.0,534179.7844657534,False
SKU0012,AY,0.97,1.25,1.0,1.0,0.85,625.0,9.994316537248457,366.9184390169065,0.8467609339033213,0.8333333333333334,305.0813008130081,497888.37999999995,27941.474828767125,250.0,526079.854828767,False
SKU0012,AY,0.97,1.25,1.0,1.0,0.9,625.0,15.817700947961548,372.74182342761964,0.8467609339033213,0.8333333333333334,305.0813008130081,497888.37999999995,27941.474828767125,250.0,526079.854828767,False
SKU0012,AY,0.97,1.25,1.0,1.0,0.95,625.0,21.68473187334221,378.6088543530003,0.8467609339033213,0.8333333333333334,305.0813008130081,497888.37999999995,27941.474828767125,250.0,526079.854828767,False
SKU0012,AY,0.97,1.25,1.0,1.0,0.97,625.0,27.741528373507517,384.6656508531656,0.8467609339033213,0.8333333333333334,310.1626016260163,497888.37999999995,28406.855821917812,250.0,526545.2358219178,False
SKU0012,AY,0.97,1.25,1.0,1.0,0.99,625.0,38.66578521307845,395.5899076927365,0.8467609339033213,0.8333333333333334,325.4065040650407,497888.37999999995,29802.99880136987,250.0,527941.3788013698,False
SKU0012,AY,0.97,1.5,1.0,1.0,0.75,750.0,2.580342814860799,359.50446529451887,0.8467609339033213,0.8,393.4959349593496,497888.37999999995,36039.10410958905,200.0,534127.484109589,False
SKU0012,AY,0.97,1.5,1.0,1.0,0.8,750.0,5.231810030284269,362.1559325099424,0.8467609339033213,0.8,393.4959349593496,497888.37999999995,36039.10410958905,200.0,534127.484109589,False
SKU0012,AY,0.97,1.5,1.0,1.0,0.85,750.0,9.994316537248457,366.9184390169065,0.8467609339033213,0.8,393.4959349593496,497888.37999999995,36039.10410958905,200.0,534127.484109589,False
SKU0012,AY,0.97,1.5,1.0,1.0,0.9,750.0,15.817700947961548,372.74182342761964,0.8467609339033213,0.8,393.4959349593496,497888.37999999995,36039.10410958905,200.0,534127.484109589,False
SKU0012,AY,0.97,1.5,1.0,1.0,0.95,750.0,21.68473187334221,378.6088543530003,0.8467609339033213,0.8,399.5934959349593,497888.37999999995,36597.56130136987,200.0,534685.9413013698,False
SKU0012,AY,0.97,1.5,1.0,1.0,0.97,750.0,27.741528373507517,384.6656508531656,0.8467609339033213,0.8,399.5934959349593,497888.37999999995,36597.56130136987,200.0,534685.9413013698,False
SKU0012,AY,0.97,1.5,1.0,1.0,0.99,750.0,38.66578521307845,395.5899076927365,0.8467609339033213,0.8,405.6910569105691,497888.37999999995,37156.01849315069,200.0,535244.3984931506,False
SKU0013,BZ,0.98,0.5,1.0,1.0,0.75,358.0,2.050197752366304,72.80897551186719,0.9895833333333334,0.6666666666666666,188.390243902439,5220.640000000001,8404.770082191779,100.0,13725.41008219178,True
SKU0013,BZ,0.98,0.5,1.0,1.0,0.8,358.0,3.3498095212975,74.10858728079839,1.0,1.0,188.16260162601625,0.0,8394.6141369863,100.0,8494.6141369863,True
SKU0013,BZ,0.98,0.5,1.0,1.0,0.85,358.0,5.089407098796599,75.84818485829749,1.0,1.0,188.16260162601625,0.0,8394.6141369863,100.0,8494.6141369863,True
SKU0013,BZ,0.98,0.5,1.0,1.0,0.9,358.0,8.543973924381758,79.30275168388265,1.0,1.0,193.98373983739836,0.0,8654.316164383561,100.0,8754.316164383561,True
SKU0013,BZ,0.98,0.5,1.0,1.0,0.95,358.0,10.382212182606732,81.14098994210762,1.0,1.0,193.98373983739836,0.0,8654.316164383561,100.0,8754.316164383561,True
SKU0013,BZ,0.98,0.5,1.0,1.0,0.97,358.0,11.980324706986636,82.73910246648752,1.0,1.0,196.89430894308944,0.0,8784.16717808219,100.0,8884.16717808219,True
SKU0013,BZ,0.98,0.5,1.0,1.0,0.99,358.0,14.722603212273068,85.48138097177396,1.0,1.0,199.8048780487805,0.0,8914.018191780822,100.0,9014.018191780822,True
SKU0013,BZ,0.98,0.75,1.0,1.0,0.75,537.0,2.050197752366304,72.80897551186719,0.9895833333333334,0.6666666666666666,234.95934959349594,5220.640000000001,10482.386301369863,100.0,15803.026301369864,True
SKU0013,BZ,0.98,0.75,1.0,1.0,0.8,537.0,3.3498095212975,74.10858728079839,1.0,1.0,242.0081300813008,0.0,10796.857890410958,100.0,10896.857890410958,True
SKU0013,BZ,0.98,0.75,1.0,1.0,0.85,537.0,5.089407098796599,75.84818485829749,1.0,1.0,242.0081300813008,0.0,10796.857890410958,100.0,10896.857890410958,True
SKU0013,BZ,0.98,0.75,1.0,1.0,0.9,537.0,8.543973924381758,79.30275168388265,1.0,1.0,250.739837398374,0.0,11186.410931506847,100.0,11286.410931506847,True
SKU0013,BZ,0.98,0.75,1.0,1.0,0.95,537.0,10.382212182606732,81.14098994210762,1.0,1.0,255.10569105691056,0.0,11381.187452054794,100.0,11481.187452054794,True
SKU0013,BZ,0.98,0.75,1.0,1.0,0.97,537.0,11.980324706986636,82.73910246648752,1.0,1.0,259.4715447154472,0.0,11575.96397260274,100.0,11675.96397260274,True
SKU0013,BZ,0.98,0.75,1.0,1.0,0.99,537.0,14.722603212273068,85.48138097177396,1.0,1.0,268.2032520325203,0.0,11965.517013698627,100.0,12065.517013698627,True
SKU0013,BZ,0.98,1.0,1.0,1.0,0.75,716.0,2.050197752366304,72.80897551186719,0.9895833333333334,0.5,333.9186991869919,5220.640000000001,14897.320767123287,50.0,20167.960767123288,True
SKU0013,BZ,0.98,1.0,1.0,1.0,0.8,716.0,3.3498095212975,74.10858728079839,1.0,1.0,333.6910569105691,0.0,14887.164821917806,50.0,14937.164821917806,True
SKU0013,BZ,0.98,1.0,1.0,1.0,0.85,716.0,5.089407098796599,75.84818485829749,1.0,1.0,333.6910569105691,0.0,14887.164821917806,50.0,14937.164821917806,True
SKU0013,BZ,0.98,1.0,1.0,1.0,0.9,716.0,8.543973924381758,79.30275168388265,1.0,1.0,339.5121951219512,0.0,15146.866849315067,50.0,15196.866849315067,True
SKU0013,BZ,0.98,1.0,1.0,1.0,0.95,716.0,10.382212182606732,81.14098994210762,1.0,1.0,339.5121951219512,0.0,15146.866849315067,50.0,15196.866849315067,True
SKU0013,BZ,0.98,1.0,1.0,1.0,0.97,716.0,11.980324706986636,82.73910246648752,1.0,1.0,339.5121951219512,0.0,15146.866849315067,50.0,15196.866849315067,True
SKU0013,BZ,0.98,1.0,1.0,1.0,0.99,716.0,14.722603212273068,85.48138097177396,1.0,1.0,345.3333333333333,0.0,15406.568876712327,50.0,15456.568876712327,True
SKU0013,BZ,0.98,1.25,1.0,1.0,0.75,895.0,2.050197752366304,72.80897551186719,0.9895833333333334,0.5,467.8048780487805,5220.640000000001,20870.467397260272,50.0,26141.107397260275,True
SKU0013,BZ,0.98,1.25,1.0,1.0,0.8,895.0,3.3498095212975,74.10858728079839,1.0,1.0,469.0325203252033,0.0,20925.236958904108,50.0,20975.236958904108,True
SKU0013,BZ,0.98,1.25,1.0,1.0,0.85,895.0,5.089407098796599,75.84818485829749,1.0,1.0,469.0325203252033,0.0,20925.236958904108,50.0,20975.236958904108,True
SKU0013,BZ,0.98,1.25,1.0,1.0,0.9,895.0,8.543973924381758,79.30275168388265,1.0,1.0,476.3089430894309,0.0,21249.864493150682,50.0,21299.864493150682,True
SKU0013,BZ,0.98,1.25,1.0,1.0,0.95,895.0,10.382212182606732,81.14098994210762,1.0,1.0,476.3089430894309,0.0,21249.864493150682,50.0,21299.864493150682,True
SKU0013,BZ,0.98,1.25,1.0,1.0,0.97,895.0,11.980324706986636,82.73910246648752,1.0,1.0,476.3089430894309,0.0,21249.864493150682,50.0,21299.864493150682,True
SKU0013,BZ,0.98,1.25,1.0,1.0,0.99,895.0,14.722603212273068,85.48138097177396,1.0,1.0,483.5853658536585,0.0,21574.492027397257,50.0,21624.492027397257,True
SKU0013,BZ,0.98,1.5,1.0,1.0,0.75,1074.0,2.050197752366304,72.80897551186719,0.9895833333333334,0.5,601.6910569105692,5220.640000000001,26843.614027397263,50.0,32114.254027397263,True
SKU0013,BZ,0.98,1.5,1.0,1.0,0.8,1074.0,3.3498095212975,74.10858728079839,1.0,1.0,604.3739837398374,0.0,26963.30909589041,50.0,27013.30909589041,True
SKU0013,BZ,0.98,1.5,1.0,1.0,0.85,1074.0,5.089407098796599,75.84818485829749,1.0,1.0,604.3739837398374,0.0,26963.30909589041,50.0,27013.30909589041,True
SKU0013,BZ,0.98,1.5,1.0,1.0,0.9,1074.0,8.543973924381758,79.30275168388265,1.0,1.0,613.1056910569106,0.0,27352.862136986303,50.0,27402.862136986303,True
SKU0013,BZ,0.98,1.5,1.0,1.0,0.95,1074.0,10.382212182606732,81.14098994210762,1.0,1.0,613.1056910569106,0.0,27352.862136986303,50.0,27402.862136986303,True
SKU0013,BZ,0.98,1.5,1.0,1.0,0.97,1074.0,11.980324706986636,82.73910246648752,1.0,1.0,613.1056910569106,0.0,27352.862136986303,50.0,27402.862136986303,True
SKU0013,BZ,0.98,1.5,1.0,1.0,0.99,1074.0,14.722603212273068,85.48138097177396,1.0,1.0,621.8373983739838,0.0,27742.41517808219,50.0,27792.41517808219,True
SKU0015,AX,0.97,0.5,1.0,1.0,0.75,256.0,2.7226713451938185,46.732810760511796,0.9970131421744325,0.8571428571428571,138.16260162601625,7758.7,13173.376328767123,350.0,21282.07632876712,True
SKU0015,AX,0.97,0.5,1.0,1.0,0.8,256.0,4.723940148771039,48.734079564089015,1.0,1.0,140.41463414634146,0.0,13388.100657534245,350.0,13738.100657534245,True
SKU0015,AX,0.97,0.5,1.0,1.0,0.85,256.0,7.043704150678192,51.053843565996175,1.0,1.0,142.4959349593496,0.0,13586.546246575343,350.0,13936.546246575343,True
SKU0015,AX,0.97,0.5,1.0,1.0,0.9,256.0,9.081115618747596,53.091255034065576,1.0,1.0,142.4959349593496,0.0,13586.546246575343,350.0,13936.546246575343,True
SKU0015,AX,0.97,0.5,1.0,1.0,0.95,256.0,11.627426804394203,55.637566219712184,1.0,1.0,144.5772357723577,0.0,13784.991835616436,350.0,14134.991835616436,True
SKU0015,AX,0.97,0.5,1.0,1.0,0.97,256.0,13.50754805256761,57.517687467885594,1.0,1.0,146.65853658536585,0.0,13983.437424657533,350.0,14333.437424657533,True
SKU0015,AX,0.97,0.5,1.0,1.0,0.99,256.0,17.725872122610824,61.7360115379288,1.0,1.0,152.90243902439025,0.0,14578.774191780822,350.0,14928.774191780822,True
SKU0015,AX,0.97,0.75,1.0,1.0,0.75,384.0,2.7226713451938185,46.732810760511796,1.0,1.0,187.2439024390244,0.0,17853.126410958903,250.0,18103.126410958903,True
SKU0015,AX,0.97,0.75,1.0,1.0,0.8,384.0,4.723940148771039,48.734079564089015,1.0,1.0,190.3658536585366,0.0,18150.79479452055,250.0,18400.79479452055,True
SKU0015,AX,0.97,0.75,1.0,1.0,0.85,384.0,7.043704150678192,51.053843565996175,1.0,1.0,193.4878048780488,0.0,18448.46317808219,250.0,18698.46317808219,True
SKU0015,AX,0.97,0.75,1.0,1.0,0.9,384.0,9.081115618747596,53.091255034065576,1.0,1.0,193.4878048780488,0.0,18448.46317808219,250.0,18698.46317808219,True
SKU0015,AX,0.97,0.75,1.0,1.0,0.95,384.0,11.627426804394203,55.637566219712184,1.0,1.0,196.609756097561,0.0,18746.131561643837,250.0,18996.131561643837,True
SKU0015,AX,0.97,0.75,1.0,1.0,0.97,384.0,13.50754805256761,57.517687467885594,1.0,1.0,199.73170731707316,0.0,19043.79994520548,250.0,19293.79994520548,True
SKU0015,AX,0.97,0.75,1.0,1.0,0.99,384.0,17.725872122610824,61.7360115379288,1.0,1.0,205.97560975609755,0.0,19639.136712328767,250.0,19889.136712328767,True
SKU0015,AX,0.97,1.0,1.0,1.0,0.75,511.0,2.7226713451938185,46.732810760511796,1.0,1.0,240.40650406504065,0.0,22922.01589041096,200.0,23122.01589041096,True
SKU0015,AX,0.97,1.0,1.0,1.0,0.8,511.0,4.723940148771039,48.734079564089015,1.0,1.0,244.5609756097561,0.0,23318.13189041096,200.0,23518.13189041096,True
SKU0015,AX,0.97,1.0,1.0,1.0,0.85,511.0,7.043704150678192,51.053843565996175,1.0,1.0,248.71544715447155,0.0,23714.24789041096,200.0,23914.24789041096,True
SKU0015,AX,0.97,1.0,1.0,1.0,0.9,511.0,9.081115618747596,53.091255034065576,1.0,1.0,248.71544715447155,0.0,23714.24789041096,200.0,23914.24789041096,True
SKU0015,AX,0.97,1.0,1.0,1.0,0.95,511.0,11.627426804394203,55.637566219712184,1.0,1.0,248.71544715447155,0.0,23714.24789041096,200.0,23914.24789041096,True
SKU0015,AX,0.97,1.0,1.0,1.0,0.97,511.0,13.50754805256761,57.517687467885594,1.0,1.0,257.0243902439024,0.0,24506.47989041096,200.0,24706.47989041096,True
SKU0015,AX,0.97,1.0,1.0,1.0,0.99,511.0,17.725872122610824,61.7360115379288,1.0,1.0,257.0243902439024,0.0,24506.47989041096,200.0,24706.47989041096,True
SKU0015,AX,0.97,1.25,1.0,1.0,0.75,639.0,2.7226713451938185,46.732810760511796,1.0,1.0,339.5121951219512,0.0,32371.436712328767,150.0,32521.436712328767,True
SKU0015,AX,0.97,1.25,1.0,1.0,0.8,639.0,4.723940148771039,48.734079564089015,1.0,1.0,344.7073170731707,0.0,32866.77550684931,150.0,33016.77550684931,True
SKU0015,AX,0.97,1.25,1.0,1.0,0.85,639.0,7.043704150678192,51.053843565996175,1.0,1.0,344.7073170731707,0.0,32866.77550684931,150.0,33016.77550684931,True
SKU0015,AX,0.97,1.25,1.0,1.0,0.9,639.0,9.081115618747596,53.091255034065576,1.0,1.0,344.7073170731707,0.0,32866.77550684931,150.0,33016.77550684931,True
SKU0015,AX,0.97,1.25,1.0,1.0,0.95,639.0,11.627426804394203,55.637566219712184,1.0,1.0,344.7073170731707,0.0,32866.77550684931,150.0,33016.77550684931,True
SKU0015,AX,0.97,1.25,1.0,1.0,0.97,639.0,13.50754805256761,57.517687467885594,1.0,1.0,360.2926829268293,0.0,34352.79189041096,150.0,34502.79189041096,True
SKU0015,AX,0.97,1.25,1.0,1.0,0.99,639.0,17.725872122610824,61.7360115379288,1.0,1.0,360.2926829268293,0.0,34352.79189041096,150.0,34502.79189041096,True
SKU0015,AX,0.97,1.5,1.0,1.0,0.75,767.0,2.7226713451938185,46.732810760511796,1.0,1.0,357.4715447154472,0.0,34083.80509589041,150.0,34233.80509589041,True
SKU0015,AX,0.97,1.5,1.0,1.0,0.8,767.0,4.723940148771039,48.734079564089015,1.0,1.0,363.7073170731707,0.0,34678.366684931505,150.0,34828.366684931505,True
SKU0015,AX,0.97,1.5,1.0,1.0,0.85,767.0,7.043704150678192,51.053843565996175,1.0,1.0,363.7073170731707,0.0,34678.366684931505,150.0,34828.366684931505,True
SKU0015,AX,0.97,1.5,1.0,1.0,0.9,767.0,9.081115618747596,53.091255034065576,1.0,1.0,369.9430894308943,0.0,35272.928273972604,150.0,35422.928273972604,True
SKU0015,AX,0.97,1.5,1.0,1.0,0.95,767.0,11.627426804394203,55.637566219712184,1.0,1.0,369.9430894308943,0.0,35272.928273972604,150.0,35422.928273972604,True
SKU0015,AX,0.97,1.5,1.0,1.0,0.97,767.0,13.50754805256761,57.517687467885594,1.0,1.0,376.1788617886179,0.0,35867.489863013696,150.0,36017.489863013696,True
SKU0015,AX,0.97,1.5,1.0,1.0,0.99,767.0,17.725872122610824,61.7360115379288,1.0,1.0,382.4146341463415,0.0,36462.051452054795,150.0,36612.051452054795,True
SKU0016,CX,0.95,0.5,1.0,1.0,0.75,380.0,7.0,79.14634146341463,1.0,1.0,224.65040650406505,0.0,4114.896876712329,350.0,4464.896876712329,True
SKU0016,CX,0.95,0.5,1.0,1.0,0.8,380.0,8.0,80.14634146341463,1.0,1.0,224.65040650406505,0.0,4114.896876712329,350.0,4464.896876712329,True
SKU0016,CX,0.95,0.5,1.0,1.0,0.85,380.0,10.0,82.14634146341463,1.0,1.0,227.739837398374,0.0,4171.485643835616,350.0,4521.485643835616,True
SKU0016,CX,0.95,0.5,1.0,1.0,0.9,380.0,11.0,83.14634146341463,1.0,1.0,227.739837398374,0.0,4171.485643835616,350.0,4521.485643835616,True
SKU0016,CX,0.95,0.5,1.0,1.0,0.95,380.0,15.0,87.14634146341463,1.0,1.0,240.09756097560975,0.0,4397.840712328767,350.0,4747.840712328767,True
SKU0016,CX,0.95,0.5,1.0,1.0,0.97,380.0,15.399999999999991,87.54634146341462,1.0,1.0,240.09756097560975,0.0,4397.840712328767,350.0,4747.840712328767,True
SKU0016,CX,0.95,0.5,1.0,1.0,0.99,380.0,21.39999999999999,93.54634146341462,1.0,1.0,243.1869918699187,0.0,4454.429479452055,350.0,4804.429479452055,True
SKU0016,CX,0.95,0.75,1.0,1.0,0.75,570.0,7.0,79.14634146341463,1.0,1.0,298.7967479674797,0.0,5473.027287671232,250.0,5723.027287671232,True
SKU0016,CX,0.95,0.75,1.0,1.0,0.8,570.0,8.0,80.14634146341463,1.0,1.0,298.7967479674797,0.0,5473.027287671232,250.0,5723.027287671232,True
SKU0016,CX,0.95,0.75,1.0,1.0,0.85,570.0,10.0,82.14634146341463,1.0,1.0,303.4308943089431,0.0,5557.910438356164,250.0,5807.910438356164,True
SKU0016,CX,0.95,0.75,1.0,1.0,0.9,570.0,11.0,83.14634146341463,1.0,1.0,303.4308943089431,0.0,5557.910438356164,250.0,5807.910438356164,True
SKU0016,CX,0.95,0.75,1.0,1.0,0.95,570.0,15.0,87.14634146341463,1.0,1.0,321.9674796747967,0.0,5897.443041095889,250.0,6147.443041095889,True
SKU0016,CX,0.95,0.75,1.0,1.0,0.97,570.0,15.399999999999991,87.54634146341462,1.0,1.0,321.9674796747967,0.0,5897.443041095889,250.0,6147.443041095889,True
SKU0016,CX,0.95,0.75,1.0,1.0,0.99,570.0,21.39999999999999,93.54634146341462,1.0,1.0,321.9674796747967,0.0,5897.443041095889,250.0,6147.443041095889,True
SKU0016,CX,0.95,1.0,1.0,1.0,0.75,760.0,7.0,79.14634146341463,1.0,1.0,391.479674796748,0.0,7170.690301369863,200.0,7370.690301369863,True
SKU0016,CX,0.95,1.0,1.0,1.0,0.8,760.0,8.0,80.14634146341463,1.0,1.0,391.479674796748,0.0,7170.690301369863,200.0,7370.690301369863,True
SKU0016,CX,0.95,1.0,1.0,1.0,0.85,760.0,10.0,82.14634146341463,1.0,1.0,391.479674796748,0.0,7170.690301369863,200.0,7370.690301369863,True
SKU0016,CX,0.95,1.0,1.0,1.0,0.9,760.0,11.0,83.14634146341463,1.0,1.0,391.479674796748,0.0,7170.690301369863,200.0,7370.690301369863,True
SKU0016,CX,0.95,1.0,1.0,1.0,0.95,760.0,15.0,87.14634146341463,1.0,1.0,416.1951219512195,0.0,7623.400438356163,200.0,7823.400438356163,True
SKU0016,CX,0.95,1.0,1.0,1.0,0.97,760.0,15.399999999999991,87.54634146341462,1.0,1.0,416.1951219512195,0.0,7623.400438356163,200.0,7823.400438356163,True
SKU0016,CX,0.95,1.0,1.0,1.0,0.99,760.0,21.39999999999999,93.54634146341462,1.0,1.0,422.3739837398374,0.0,7736.5779726027395,200.0,7936.5779726027395,True
SKU0016,CX,0.95,1.25,1.0,1.0,0.75,950.0,7.0,79.14634146341463,1.0,1.0,513.5121951219512,0.0,9405.946602739725,150.0,9555.946602739725,True
SKU0016,CX,0.95,1.25,1.0,1.0,0.8,950.0,8.0,80.14634146341463,1.0,1.0,513.5121951219512,0.0,9405.946602739725,150.0,9555.946602739725,True
SKU0016,CX,0.95,1.25,1.0,1.0,0.85,950.0,10.0,82.14634146341463,1.0,1.0,513.5121951219512,0.0,9405.946602739725,150.0,9555.946602739725,True
SKU0016,CX,0.95,1.25,1.0,1.0,0.9,950.0,11.0,83.14634146341463,1.0,1.0,513.5121951219512,0.0,9405.946602739725,150.0,9555.946602739725,True
SKU0016,CX,0.95,1.25,1.0,1.0,0.95,950.0,15.0,87.14634146341463,1.0,1.0,521.2357723577236,0.0,9547.418520547944,150.0,9697.418520547944,True
SKU0016,CX,0.95,1.25,1.0,1.0,0.97,950.0,15.399999999999991,87.54634146341462,1.0,1.0,521.2357723577236,0.0,9547.418520547944,150.0,9697.418520547944,True
SKU0016,CX,0.95,1.25,1.0,1.0,0.99,950.0,21.39999999999999,93.54634146341462,1.0,1.0,521.2357723577236,0.0,9547.418520547944,150.0,9697.418520547944,True
SKU0016,CX,0.95,1.5,1.0,1.0,0.75,1140.0,7.0,79.14634146341463,1.0,1.0,549.040650406504,0.0,10056.717424657534,150.0,10206.717424657534,True
SKU0016,CX,0.95,1.5,1.0,1.0,0.8,1140.0,8.0,80.14634146341463,1.0,1.0,549.040650406504,0.0,10056.717424657534,150.0,10206.717424657534,True
SKU0016,CX,0.95,1.5,1.0,1.0,0.85,1140.0,10.0,82.14634146341463,1.0,1.0,558.3089430894308,0.0,10226.483726027394,150.0,10376.483726027394,True
SKU0016,CX,0.95,1.5,1.0,1.0,0.9,1140.0,11.0,83.14634146341463,1.0,1.0,558.3089430894308,0.0,10226.483726027394,150.0,10376.483726027394,True
SKU0016,CX,0.95,1.5,1.0,1.0,0.95,1140.0,15.0,87.14634146341463,1.0,1.0,595.3821138211382,0.0,10905.548931506848,150.0,11055.548931506848,True
SKU0016,CX,0.95,1.5,1.0,1.0,0.97,1140.0,15.399999999999991,87.54634146341462,1.0,1.0,595.3821138211382,0.0,10905.548931506848,150.0,11055.548931506848,True
SKU0016,CX,0.95,1.5,1.0,1.0,0.99,1140.0,21.39999999999999,93.54634146341462,1.0,1.0,595.3821138211382,0.0,10905.548931506848,150.0,11055.548931506848,True
SKU0017,BZ,0.98,0.5,1.0,1.0,0.75,260.0,0.0,34.95324419029489,1.0,1.0,146.6991869918699,0.0,11369.203068493149,100.0,11469.203068493149,True
SKU0017,BZ,0.98,0.5,1.0,1.0,0.8,260.0,0.0,34.95324419029489,1.0,1.0,146.6991869918699,0.0,11369.203068493149,100.0,11469.203068493149,True
SKU0017,BZ,0.98,0.5,1.0,1.0,0.85,260.0,0.0,34.95324419029489,1.0,1.0,146.6991869918699,0.0,11369.203068493149,100.0,11469.203068493149,True
SKU0017,BZ,0.98,0.5,1.0,1.0,0.9,260.0,1.5090843678937762,36.462328558188666,1.0,1.0,146.6991869918699,0.0,11369.203068493149,100.0,11469.203068493149,True
SKU0017,BZ,0.98,0.5,1.0,1.0,0.95,260.0,4.721745584812728,39.67498977510762,1.0,1.0,148.8130081300813,0.0,11533.024438356164,100.0,11633.024438356164,True
SKU0017,BZ,0.98,0.5,1.0,1.0,0.97,260.0,8.558971855779715,43.512216046074606,1.0,1.0,150.9268292682927,0.0,11696.84580821918,100.0,11796.84580821918,True
SKU0017,BZ,0.98,0.5,1.0,1.0,0.99,260.0,15.415415085587828,50.36865927588272,1.0,1.0,159.3821138211382,0.0,12352.13128767123,100.0,12452.13128767123,True
SKU0017,BZ,0.98,0.75,1.0,1.0,0.75,390.0,0.0,34.95324419029489,1.0,1.0,185.8048780487805,0.0,14399.898410958904,100.0,14499.898410958904,True
SKU0017,BZ,0.98,0.75,1.0,1.0,0.8,390.0,0.0,34.95324419029489,1.0,1.0,185.8048780487805,0.0,14399.898410958904,100.0,14499.898410958904,True
SKU0017,BZ,0.98,0.75,1.0,1.0,0.85,390.0,0.0,34.95324419029489,1.0,1.0,185.8048780487805,0.0,14399.898410958904,100.0,14499.898410958904,True
SKU0017,BZ,0.98,0.75,1.0,1.0,0.9,390.0,1.5090843678937762,36.462328558188666,1.0,1.0,185.8048780487805,0.0,14399.898410958904,100.0,14499.898410958904,True
SKU0017,BZ,0.98,0.75,1.0,1.0,0.95,390.0,4.721745584812728,39.67498977510762,1.0,1.0,192.14634146341464,0.0,14891.362520547946,100.0,14991.362520547946,True
SKU0017,BZ,0.98,0.75,1.0,1.0,0.97,390.0,8.558971855779715,43.512216046074606,1.0,1.0,195.3170731707317,0.0,15137.094575342466,100.0,15237.094575342466,True
SKU0017,BZ,0.98,0.75,1.0,1.0,0.99,390.0,15.415415085587828,50.36865927588272,1.0,1.0,201.65853658536585,0.0,15628.558684931508,100.0,15728.558684931508,True
SKU0017,BZ,0.98,1.0,1.0,1.0,0.75,519.0,0.0,34.95324419029489,1.0,1.0,251.70731707317074,0.0,19507.344657534246,50.0,19557.344657534246,True
SKU0017,BZ,0.98,1.0,1.0,1.0,0.8,519.0,0.0,34.95324419029489,1.0,1.0,251.70731707317074,0.0,19507.344657534246,50.0,19557.344657534246,True
SKU0017,BZ,0.98,1.0,1.0,1.0,0.85,519.0,0.0,34.95324419029489,1.0,1.0,251.70731707317074,0.0,19507.344657534246,50.0,19557.344657534246,True
SKU0017,BZ,0.98,1.0,1.0,1.0,0.9,519.0,1.5090843678937762,36.462328558188666,1.0,1.0,251.70731707317074,0.0,19507.344657534246,50.0,19557.344657534246,True
SKU0017,BZ,0.98,1.0,1.0,1.0,0.95,519.0,4.721745584812728,39.67498977510762,1.0,1.0,251.70731707317074,0.0,19507.344657534246,50.0,19557.344657534246,True
SKU0017,BZ,0.98,1.0,1.0,1.0,0.97,519.0,8.558971855779715,43.512216046074606,1.0,1.0,251.70731707317074,0.0,19507.344657534246,50.0,19557.344657534246,True
SKU0017,BZ,0.98,1.0,1.0,1.0,0.99,519.0,15.415415085587828,50.36865927588272,1.0,1.0,260.1463414634146,0.0,20161.369972602737,50.0,20211.369972602737,True
SKU0017,BZ,0.98,1.25,1.0,1.0,0.75,649.0,0.0,34.95324419029489,1.0,1.0,340.4878048780488,0.0,26387.84219178082,50.0,26437.84219178082,True
SKU0017,BZ,0.98,1.25,1.0,1.0,0.8,649.0,0.0,34.95324419029489,1.0,1.0,340.4878048780488,0.0,26387.84219178082,50.0,26437.84219178082,True
SKU0017,BZ,0.98,1.25,1.0,1.0,0.85,649.0,0.0,34.95324419029489,1.0,1.0,340.4878048780488,0.0,26387.84219178082,50.0,26437.84219178082,True
SKU0017,BZ,0.98,1.25,1.0,1.0,0.9,649.0,1.5090843678937762,36.462328558188666,1.0,1.0,340.4878048780488,0.0,26387.84219178082,50.0,26437.84219178082,True
SKU0017,BZ,0.98,1.25,1.0,1.0,0.95,649.0,4.721745584812728,39.67498977510762,1.0,1.0,340.4878048780488,0.0,26387.84219178082,50.0,26437.84219178082,True
SKU0017,BZ,0.98,1.25,1.0,1.0,0.97,649.0,8.558971855779715,43.512216046074606,1.0,1.0,340.4878048780488,0.0,26387.84219178082,50.0,26437.84219178082,True
SKU0017,BZ,0.98,1.25,1.0,1.0,0.99,649.0,15.415415085587828,50.36865927588272,1.0,1.0,351.0406504065041,0.0,27205.68887671233,50.0,27255.68887671233,True
SKU0017,BZ,0.98,1.5,1.0,1.0,0.75,779.0,0.0,34.95324419029489,1.0,1.0,429.2682926829268,0.0,33268.3397260274,50.0,33318.3397260274,True
SKU0017,BZ,0.98,1.5,1.0,1.0,0.8,779.0,0.0,34.95324419029489,1.0,1.0,429.2682926829268,0.0,33268.3397260274,50.0,33318.3397260274,True
SKU0017,BZ,0.98,1.5,1.0,1.0,0.85,779.0,0.0,34.95324419029489,1.0,1.0,429.2682926829268,0.0,33268.3397260274,50.0,33318.3397260274,True
SKU0017,BZ,0.98,1.5,1.0,1.0,0.9,779.0,1.5090843678937762,36.462328558188666,1.0,1.0,429.2682926829268,0.0,33268.3397260274,50.0,33318.3397260274,True
SKU0017,BZ,0.98,1.5,1.0,1.0,0.95,779.0,4.721745584812728,39.67498977510762,1.0,1.0,429.2682926829268,0.0,33268.3397260274,50.0,33318.3397260274,True
SKU0017,BZ,0.98,1.5,1.0,1.0,0.97,779.0,8.558971855779715,43.512216046074606,1.0,1.0,429.2682926829268,0.0,33268.3397260274,50.0,33318.3397260274,True
SKU0017,BZ,0.98,1.5,1.0,1.0,0.99,779.0,15.415415085587828,50.36865927588272,1.0,1.0,441.9349593495935,0.0,34250.00778082192,50.0,34300.00778082192,True
SKU0021,AY,0.97,0.5,1.0,1.0,0.75,173.0,0.0,64.0053338896657,1.0,1.0,120.90243902439025,0.0,9483.827465753426,200.0,9683.827465753426,True
SKU0021,AY,0.97,0.5,1.0,1.0,0.8,173.0,0.1593329782484365,64.16466686791415,1.0,1.0,120.90243902439025,0.0,9483.827465753426,200.0,9683.827465753426,True
SKU0021,AY,0.97,0.5,1.0,1.0,0.85,173.0,0.8391669721028164,64.84450086176852,1.0,1.0,123.71544715447155,0.0,9704.485410958905,200.0,9904.485410958905,True
SKU0021,AY,0.97,0.5,1.0,1.0,0.9,173.0,2.9663458724354888,66.97167976210119,1.0,1.0,126.52845528455285,0.0,9925.143356164384,200.0,10125.143356164384,True
SKU0021,AY,0.97,0.5,1.0,1.0,0.95,173.0,4.2420844055691385,68.24741829523485,1.0,1.0,126.52845528455285,0.0,9925.143356164384,200.0,10125.143356164384,True
SKU0021,AY,0.97,0.5,1.0,1.0,0.97,173.0,4.869860969406285,68.875194859072,1.0,1.0,126.52845528455285,0.0,9925.143356164384,200.0,10125.143356164384,True
SKU0021,AY,0.97,0.5,1.0,1.0,0.99,173.0,9.73176626157362,73.73710015123933,1.0,1.0,130.7479674796748,0.0,10256.130273972603,200.0,10456.130273972603,True
SKU0021,AY,0.97,0.75,1.0,1.0,0.75,259.0,0.0,64.0053338896657,1.0,1.0,156.8130081300813,0.0,12300.72383561644,150.0,12450.72383561644,True
SKU0021,AY,0.97,0.75,1.0,1.0,0.8,259.0,0.1593329782484365,64.16466686791415,1.0,1.0,156.8130081300813,0.0,12300.72383561644,150.0,12450.72383561644,True
SKU0021,AY,0.97,0.75,1.0,1.0,0.85,259.0,0.8391669721028164,64.84450086176852,1.0,1.0,158.91869918699186,0.0,12465.898424657535,150.0,12615.898424657535,True
SKU0021,AY,0.97,0.75,1.0,1.0,0.9,259.0,2.9663458724354888,66.97167976210119,1.0,1.0,163.130081300813,0.0,12796.247602739726,150.0,12946.247602739726,True
SKU0021,AY,0.97,0.75,1.0,1.0,0.95,259.0,4.2420844055691385,68.24741829523485,1.0,1.0,163.130081300813,0.0,12796.247602739726,150.0,12946.247602739726,True
SKU0021,AY,0.97,0.75,1.0,1.0,0.97,259.0,4.869860969406285,68.875194859072,1.0,1.0,165.2357723577236,0.0,12961.422191780823,150.0,13111.422191780823,True
SKU0021,AY,0.97,0.75,1.0,1.0,0.99,259.0,9.73176626157362,73.73710015123933,1.0,1.0,167.34146341463415,0.0,13126.59678082192,150.0,13276.59678082192,True
SKU0021,AY,0.97,1.0,1.0,1.0,0.75,345.0,0.0,64.0053338896657,1.0,1.0,191.54471544715446,0.0,15025.14794520548,100.0,15125.14794520548,True
SKU0021,AY,0.97,1.0,1.0,1.0,0.8,345.0,0.1593329782484365,64.16466686791415,1.0,1.0,191.54471544715446,0.0,15025.14794520548,100.0,15125.14794520548,True
SKU0021,AY,0.97,1.0,1.0,1.0,0.85,345.0,0.8391669721028164,64.84450086176852,1.0,1.0,191.54471544715446,0.0,15025.14794520548,100.0,15125.14794520548,True
SKU0021,AY,0.97,1.0,1.0,1.0,0.9,345.0,2.9663458724354888,66.97167976210119,1.0,1.0,197.15447154471545,0.0,15465.188356164384,100.0,15565.188356164384,True
SKU0021,AY,0.97,1.0,1.0,1.0,0.95,345.0,4.2420844055691385,68.24741829523485,1.0,1.0,197.15447154471545,0.0,15465.188356164384,100.0,15565.188356164384,True
SKU0021,AY,0.97,1.0,1.0,1.0,0.97,345.0,4.869860969406285,68.875194859072,1.0,1.0,199.95934959349594,0.0,15685.208561643836,100.0,15785.208561643836,True
SKU0021,AY,0.97,1.0,1.0,1.0,0.99,345.0,9.73176626157362,73.73710015123933,1.0,1.0,202.7642276422764,0.0,15905.228767123286,100.0,16005.228767123286,True
SKU0021,AY,0.97,1.25,1.0,1.0,0.75,432.0,0.0,64.0053338896657,1.0,1.0,233.64227642276424,0.0,18327.364246575344,100.0,18427.364246575344,True
SKU0021,AY,0.97,1.25,1.0,1.0,0.8,432.0,0.1593329782484365,64.16466686791415,1.0,1.0,233.64227642276424,0.0,18327.364246575344,100.0,18427.364246575344,True
SKU0021,AY,0.97,1.25,1.0,1.0,0.85,432.0,0.8391669721028164,64.84450086176852,1.0,1.0,233.64227642276424,0.0,18327.364246575344,100.0,18427.364246575344,True
SKU0021,AY,0.97,1.25,1.0,1.0,0.9,432.0,2.9663458724354888,66.97167976210119,1.0,1.0,244.1788617886179,0.0,19153.874931506853,100.0,19253.874931506853,True
SKU0021,AY,0.97,1.25,1.0,1.0,0.95,432.0,4.2420844055691385,68.24741829523485,1.0,1.0,244.1788617886179,0.0,19153.874931506853,100.0,19253.874931506853,True
SKU0021,AY,0.97,1.25,1.0,1.0,0.97,432.0,4.869860969406285,68.875194859072,1.0,1.0,247.6910569105691,0.0,19429.378493150685,100.0,19529.378493150685,True
SKU0021,AY,0.97,1.25,1.0,1.0,0.99,432.0,9.73176626157362,73.73710015123933,1.0,1.0,251.20325203252034,0.0,19704.88205479452,100.0,19804.88205479452,True
SKU0021,AY,0.97,1.5,1.0,1.0,0.75,518.0,0.0,64.0053338896657,1.0,1.0,249.46341463414635,0.0,19568.40575342466,100.0,19668.40575342466,True
SKU0021,AY,0.97,1.5,1.0,1.0,0.8,518.0,0.1593329782484365,64.16466686791415,1.0,1.0,249.46341463414635,0.0,19568.40575342466,100.0,19668.40575342466,True
SKU0021,AY,0.97,1.5,1.0,1.0,0.85,518.0,0.8391669721028164,64.84450086176852,1.0,1.0,249.46341463414635,0.0,19568.40575342466,100.0,19668.40575342466,True
SKU0021,AY,0.97,1.5,1.0,1.0,0.9,518.0,2.9663458724354888,66.97167976210119,1.0,1.0,257.8861788617886,0.0,20229.10410958904,100.0,20329.10410958904,True
SKU0021,AY,0.97,1.5,1.0,1.0,0.95,518.0,4.2420844055691385,68.24741829523485,1.0,1.0,257.8861788617886,0.0,20229.10410958904,100.0,20329.10410958904,True
SKU0021,AY,0.97,1.5,1.0,1.0,0.97,518.0,4.869860969406285,68.875194859072,1.0,1.0,262.0975609756098,0.0,20559.453287671236,100.0,20659.453287671236,True
SKU0021,AY,0.97,1.5,1.0,1.0,0.99,518.0,9.73176626157362,73.73710015123933,1.0,1.0,262.0975609756098,0.0,20559.453287671236,100.0,20659.453287671236,True
SKU0022,AY,0.97,0.5,1.0,1.0,0.75,167.0,4.507901355772745,61.48202411745511,0.9760938204781235,0.7857142857142857,88.78861788617886,20999.66,2253.2416643835613,650.0,23902.90166438356,True
SKU0022,AY,0.97,0.5,1.0,1.0,0.8,167.0,6.5796828356821315,63.5538055973645,0.9760938204781235,0.7857142857142857,88.78861788617886,20999.66,2253.2416643835613,650.0,23902.90166438356,True
SKU0022,AY,0.97,0.5,1.0,1.0,0.85,167.0,8.652877154099748,65.62699991578211,0.9760938204781235,0.7857142857142857,90.14634146341463,20999.66,2287.697424657534,650.0,23937.357424657534,True
SKU0022,AY,0.97,0.5,1.0,1.0,0.9,167.0,10.73066556137957,67.70478832306193,0.9760938204781235,0.8571428571428571,94.15447154471545,20999.66,2389.4141301369864,650.0,24039.074130136985,True
SKU0022,AY,0.97,0.5,1.0,1.0,0.95,167.0,20.095915413986834,77.0700381756692,0.9810554803788903,0.9285714285714286,101.7560975609756,16641.24,2582.3251232876714,700.0,19923.565123287673,True
SKU0022,AY,0.97,0.5,1.0,1.0,0.97,167.0,24.856565959710345,81.8306887213927,0.9810554803788903,0.9285714285714286,105.82926829268293,16641.24,2685.692404109589,700.0,20026.93240410959,True
SKU0022,AY,0.97,0.5,1.0,1.0,0.99,167.0,27.363788664037468,84.33791142571984,0.9810554803788903,0.9285714285714286,107.1869918699187,16641.24,2720.148164383562,700.0,20061.388164383563,True
SKU0022,AY,0.97,0.75,1.0,1.0,0.75,251.0,4.507901355772745,61.48202411745511,0.9806044203879116,0.8,132.60162601626016,17037.460000000003,3365.110479452055,450.0,20852.570479452057,True
SKU0022,AY,0.97,0.75,1.0,1.0,0.8,251.0,6.5796828356821315,63.5538055973645,0.9806044203879116,0.8,132.60162601626016,17037.460000000003,3365.110479452055,450.0,20852.570479452057,True
SKU0022,AY,0.97,0.75,1.0,1.0,0.85,251.0,8.652877154099748,65.62699991578211,0.9810554803788903,0.9,136.28455284552845,16641.24,3458.5743082191784,450.0,20549.814308219182,True
SKU0022,AY,0.97,0.75,1.0,1.0,0.9,251.0,10.73066556137957,67.70478832306193,0.9810554803788903,0.9,138.3252032520325,16641.24,3510.361109589041,450.0,20601.601109589043,True
SKU0022,AY,0.97,0.75,1.0,1.0,0.95,251.0,20.095915413986834,77.0700381756692,0.9810554803788903,0.9,146.4878048780488,16641.24,3717.5083150684936,450.0,20808.748315068493,True
SKU0022,AY,0.97,0.75,1.0,1.0,0.97,251.0,24.856565959710345,81.8306887213927,0.9810554803788903,0.9,150.5691056910569,16641.24,3821.0819178082193,450.0,20912.32191780822,True
SKU0022,AY,0.97,0.75,1.0,1.0,0.99,251.0,27.363788664037468,84.33791142571984,0.9810554803788903,0.9,150.5691056910569,16641.24,3821.0819178082193,450.0,20912.32191780822,True
SKU0022,AY,0.97,1.0,1.0,1.0,0.75,334.0,4.507901355772745,61.48202411745511,0.9806044203879116,0.75,170.3739837398374,17037.460000000003,4323.682109589042,350.0,21711.142109589044,True
SKU0022,AY,0.97,1.0,1.0,1.0,0.8,334.0,6.5796828356821315,63.5538055973645,0.9806044203879116,0.75,170.3739837398374,17037.460000000003,4323.682109589042,350.0,21711.142109589044,True
SKU0022,AY,0.97,1.0,1.0,1.0,0.85,334.0,8.652877154099748,65.62699991578211,0.9806044203879116,0.75,173.08943089430895,17037.460000000003,4392.593630136987,350.0,21780.05363013699,True
SKU0022,AY,0.97,1.0,1.0,1.0,0.9,334.0,10.73066556137957,67.70478832306193,0.9810554803788903,0.875,175.0731707317073,16641.24,4442.936178082192,350.0,21434.176178082194,True
SKU0022,AY,0.97,1.0,1.0,1.0,0.95,334.0,20.095915413986834,77.0700381756692,0.9810554803788903,0.875,183.21951219512195,16641.24,4649.670739726028,350.0,21640.91073972603,True
SKU0022,AY,0.97,1.0,1.0,1.0,0.97,334.0,24.856565959710345,81.8306887213927,0.9810554803788903,0.875,188.65040650406505,16641.24,4787.493780821918,350.0,21778.73378082192,True
SKU0022,AY,0.97,1.0,1.0,1.0,0.99,334.0,27.363788664037468,84.33791142571984,0.9810554803788903,0.875,188.65040650406505,16641.24,4787.493780821918,350.0,21778.73378082192,True
SKU0022,AY,0.97,1.25,1.0,1.0,0.75,418.0,4.507901355772745,61.48202411745511,0.9765448804691024,0.7142857142857143,209.869918699187,20603.440000000002,5325.993986301371,300.0,26229.433986301374,True
SKU0022,AY,0.97,1.25,1.0,1.0,0.8,418.0,6.5796828356821315,63.5538055973645,0.9765448804691024,0.7142857142857143,209.869918699187,20603.440000000002,5325.993986301371,300.0,26229.433986301374,True
SKU0022,AY,0.97,1.25,1.0,1.0,0.85,418.0,8.652877154099748,65.62699991578211,0.9765448804691024,0.7142857142857143,213.26829268292684,20603.440000000002,5412.236547945206,300.0,26315.676547945208,True
SKU0022,AY,0.97,1.25,1.0,1.0,0.9,418.0,10.73066556137957,67.70478832306193,0.9765448804691024,0.7142857142857143,216.66666666666666,20603.440000000002,5498.479109589041,300.0,26401.919109589042,True
SKU0022,AY,0.97,1.25,1.0,1.0,0.95,418.0,20.095915413986834,77.0700381756692,0.9810554803788903,0.8571428571428571,226.9918699186992,16641.24,5760.507945205481,300.0,22701.747945205483,True
SKU0022,AY,0.97,1.25,1.0,1.0,0.97,418.0,24.856565959710345,81.8306887213927,0.9810554803788903,0.8571428571428571,230.390243902439,16641.24,5846.750506849316,300.0,22787.990506849317,True
SKU0022,AY,0.97,1.25,1.0,1.0,0.99,418.0,27.363788664037468,84.33791142571984,0.9810554803788903,0.8571428571428571,230.390243902439,16641.24,5846.750506849316,300.0,22787.990506849317,True
SKU0022,AY,0.97,1.5,1.0,1.0,0.75,501.0,4.507901355772745,61.48202411745511,0.9792512404149752,0.6666666666666666,255.41463414634146,18226.120000000003,6481.809369863014,250.0,24957.929369863017,True
SKU0022,AY,0.97,1.5,1.0,1.0,0.8,501.0,6.5796828356821315,63.5538055973645,0.9810554803788903,0.8333333333333334,257.8943089430894,16641.24,6544.737554794521,250.0,23435.977554794525,True
SKU0022,AY,0.97,1.5,1.0,1.0,0.85,501.0,8.652877154099748,65.62699991578211,0.9810554803788903,0.8333333333333334,257.8943089430894,16641.24,6544.737554794521,250.0,23435.977554794525,True
SKU0022,AY,0.97,1.5,1.0,1.0,0.9,501.0,10.73066556137957,67.70478832306193,0.9810554803788903,0.8333333333333334,257.8943089430894,16641.24,6544.737554794521,250.0,23435.977554794525,True
SKU0022,AY,0.97,1.5,1.0,1.0,0.95,501.0,20.095915413986834,77.0700381756692,0.9810554803788903,0.8333333333333334,266.0406504065041,16641.24,6751.472116438357,250.0,23642.712116438357,True
SKU0022,AY,0.97,1.5,1.0,1.0,0.97,501.0,24.856565959710345,81.8306887213927,0.9810554803788903,0.8333333333333334,270.1138211382114,16641.24,6854.839397260275,250.0,23746.079397260277,True
SKU0022,AY,0.97,1.5,1.0,1.0,0.99,501.0,27.363788664037468,84.33791142571984,0.9810554803788903,0.8333333333333334,270.1138211382114,16641.24,6854.839397260275,250.0,23746.079397260277,True
SKU0023,CZ,0.98,0.5,1.0,1.0,0.75,276.0,5.4385521054649315,33.84857615567449,0.9921507064364207,0.6666666666666666,135.84552845528455,1003.25,1636.1086575342467,100.0,2739.358657534247,True
SKU0023,CZ,0.98,0.5,1.0,1.0,0.8,276.0,6.393350517151716,34.80337456736128,1.0,1.0,136.14634146341464,0.0,1639.7316164383565,100.0,1739.7316164383565,True
SKU0023,CZ,0.98,0.5,1.0,1.0,0.85,276.0,7.406815725144026,35.81683977535359,1.0,1.0,138.390243902439,0.0,1666.7569315068492,100.0,1766.7569315068492,True
SKU0023,CZ,0.98,0.5,1.0,1.0,0.9,276.0,9.497105417896359,37.90712946810592,1.0,1.0,138.390243902439,0.0,1666.7569315068492,100.0,1766.7569315068492,True
SKU0023,CZ,0.98,0.5,1.0,1.0,0.95,276.0,11.61718194536877,40.027205995578335,1.0,1.0,142.8780487804878,0.0,1720.8075616438357,100.0,1820.8075616438357,True
SKU0023,CZ,0.98,0.5,1.0,1.0,0.97,276.0,17.980466321755063,46.39049037196463,1.0,1.0,145.1219512195122,0.0,1747.832876712329,100.0,1847.832876712329,True
SKU0023,CZ,0.98,0.5,1.0,1.0,0.99,276.0,23.3018743683391,51.711898418548664,1.0,1.0,147.3658536585366,0.0,1774.8581917808224,100.0,1874.8581917808224,True
SKU0023,CZ,0.98,0.75,1.0,1.0,0.75,414.0,5.4385521054649315,33.84857615567449,0.9921507064364207,0.6666666666666666,225.60162601626016,1003.25,2717.121260273973,100.0,3820.371260273973,True
SKU0023,CZ,0.98,0.75,1.0,1.0,0.8,414.0,6.393350517151716,34.80337456736128,1.0,1.0,228.14634146341464,0.0,2747.769534246576,100.0,2847.769534246576,True
SKU0023,CZ,0.98,0.75,1.0,1.0,0.85,414.0,7.406815725144026,35.81683977535359,1.0,1.0,231.5121951219512,0.0,2788.307506849315,100.0,2888.307506849315,True
SKU0023,CZ,0.98,0.75,1.0,1.0,0.9,414.0,9.497105417896359,37.90712946810592,1.0,1.0,231.5121951219512,0.0,2788.307506849315,100.0,2888.307506849315,True
SKU0023,CZ,0.98,0.75,1.0,1.0,0.95,414.0,11.61718194536877,40.027205995578335,1.0,1.0,238.2439024390244,0.0,2869.383452054795,100.0,2969.383452054795,True
SKU0023,CZ,0.98,0.75,1.0,1.0,0.97,414.0,17.980466321755063,46.39049037196463,1.0,1.0,241.609756097561,0.0,2909.9214246575348,100.0,3009.9214246575348,True
SKU0023,CZ,0.98,0.75,1.0,1.0,0.99,414.0,23.3018743683391,51.711898418548664,1.0,1.0,248.34146341463415,0.0,2990.9973698630142,100.0,3090.9973698630142,True
SKU0023,CZ,0.98,1.0,1.0,1.0,0.75,552.0,5.4385521054649315,33.84857615567449,0.9921507064364207,0.5,239.0650406504065,1003.25,2879.273150684932,50.0,3932.523150684932,True
SKU0023,CZ,0.98,1.0,1.0,1.0,0.8,552.0,6.393350517151716,34.80337456736128,1.0,1.0,239.3658536585366,0.0,2882.8961095890413,50.0,2932.8961095890413,True
SKU0023,CZ,0.98,1.0,1.0,1.0,0.85,552.0,7.406815725144026,35.81683977535359,1.0,1.0,239.3658536585366,0.0,2882.8961095890413,50.0,2932.8961095890413,True
SKU0023,CZ,0.98,1.0,1.0,1.0,0.9,552.0,9.497105417896359,37.90712946810592,1.0,1.0,239.3658536585366,0.0,2882.8961095890413,50.0,2932.8961095890413,True
SKU0023,CZ,0.98,1.0,1.0,1.0,0.95,552.0,11.61718194536877,40.027205995578335,1.0,1.0,243.85365853658536,0.0,2936.9467397260273,50.0,2986.9467397260273,True
SKU0023,CZ,0.98,1.0,1.0,1.0,0.97,552.0,17.980466321755063,46.39049037196463,1.0,1.0,248.34146341463415,0.0,2990.9973698630142,50.0,3040.9973698630142,True
SKU0023,CZ,0.98,1.0,1.0,1.0,0.99,552.0,23.3018743683391,51.711898418548664,1.0,1.0,248.34146341463415,0.0,2990.9973698630142,50.0,3040.9973698630142,True
SKU0023,CZ,0.98,1.25,1.0,1.0,0.75,690.0,5.4385521054649315,33.84857615567449,0.9921507064364207,0.5,353.5040650406504,1003.25,4257.564219178083,50.0,5310.814219178083,True
SKU0023,CZ,0.98,1.25,1.0,1.0,0.8,690.0,6.393350517151716,34.80337456736128,1.0,1.0,354.9268292682927,0.0,4274.699835616439,50.0,4324.699835616439,True
SKU0023,CZ,0.98,1.25,1.0,1.0,0.85,690.0,7.406815725144026,35.81683977535359,1.0,1.0,354.9268292682927,0.0,4274.699835616439,50.0,4324.699835616439,True
SKU0023,CZ,0.98,1.25,1.0,1.0,0.9,690.0,9.497105417896359,37.90712946810592,1.0,1.0,354.9268292682927,0.0,4274.699835616439,50.0,4324.699835616439,True
SKU0023,CZ,0.98,1.25,1.0,1.0,0.95,690.0,11.61718194536877,40.027205995578335,1.0,1.0,360.5365853658537,0.0,4342.263123287672,50.0,4392.263123287672,True
SKU0023,CZ,0.98,1.25,1.0,1.0,0.97,690.0,17.980466321755063,46.39049037196463,1.0,1.0,366.1463414634146,0.0,4409.8264109589045,50.0,4459.8264109589045,True
SKU0023,CZ,0.98,1.25,1.0,1.0,0.99,690.0,23.3018743683391,51.711898418548664,1.0,1.0,366.1463414634146,0.0,4409.8264109589045,50.0,4459.8264109589045,True
SKU0023,CZ,0.98,1.5,1.0,1.0,0.75,828.0,5.4385521054649315,33.84857615567449,0.9921507064364207,0.5,467.9430894308943,1003.25,5635.855287671234,50.0,6689.105287671234,True
SKU0023,CZ,0.98,1.5,1.0,1.0,0.8,828.0,6.393350517151716,34.80337456736128,1.0,1.0,470.4878048780488,0.0,5666.503561643835,50.0,5716.503561643835,True
SKU0023,CZ,0.98,1.5,1.0,1.0,0.85,828.0,7.406815725144026,35.81683977535359,1.0,1.0,470.4878048780488,0.0,5666.503561643835,50.0,5716.503561643835,True
SKU0023,CZ,0.98,1.5,1.0,1.0,0.9,828.0,9.497105417896359,37.90712946810592,1.0,1.0,470.4878048780488,0.0,5666.503561643835,50.0,5716.503561643835,True
SKU0023,CZ,0.98,1.5,1.0,1.0,0.95,828.0,11.61718194536877,40.027205995578335,1.0,1.0,477.219512195122,0.0,5747.579506849315,50.0,5797.579506849315,True
SKU0023,CZ,0.98,1.5,1.0,1.0,0.97,828.0,17.980466321755063,46.39049037196463,1.0,1.0,483.9512195121951,0.0,5828.655452054794,50.0,5878.655452054794,True
SKU0023,CZ,0.98,1.5,1.0,1.0,0.99,828.0,23.3018743683391,51.711898418548664,1.0,1.0,483.9512195121951,0.0,5828.655452054794,50.0,5878.655452054794,True
SKU0024,AX,0.97,0.5,1.0,1.0,0.75,345.0,1.9736888198875944,64.70135012619744,0.9965445749827229,0.75,208.47967479674796,3764.5000000000005,9279.07762328767,150.0,13193.57762328767,True
SKU0024,AX,0.97,0.5,1.0,1.0,0.8,345.0,3.8124773802147454,66.54013868652459,0.9965445749827229,0.75,208.47967479674796,3764.5000000000005,9279.07762328767,150.0,13193.57762328767,True
SKU0024,AX,0.97,0.5,1.0,1.0,0.85,345.0,6.097983651460657,68.82564495777049,1.0,1.0,210.390243902439,0.0,9364.113821917806,150.0,9514.113821917806,True
SKU0024,AX,0.97,0.5,1.0,1.0,0.9,345.0,9.19565186065347,71.92331316696331,1.0,1.0,210.390243902439,0.0,9364.113821917806,150.0,9514.113821917806,True
SKU0024,AX,0.97,0.5,1.0,1.0,0.95,345.0,13.377565089702681,76.10522639601253,1.0,1.0,216.0,0.0,9613.794575342465,150.0,9763.794575342465,True
SKU0024,AX,0.97,0.5,1.0,1.0,0.97,345.0,21.704720981204435,84.43238228751427,1.0,1.0,224.41463414634146,0.0,9988.31570547945,150.0,10138.31570547945,True
SKU0024,AX,0.97,0.5,1.0,1.0,0.99,345.0,25.583706299189277,88.31136760549911,1.0,1.0,227.21951219512195,0.0,10113.15608219178,150.0,10263.15608219178,True
SKU0024,AX,0.97,0.75,1.0,1.0,0.75,517.0,1.9736888198875944,64.70135012619744,1.0,1.0,286.9918699186992,0.0,12773.522602739724,100.0,12873.522602739724,True
SKU0024,AX,0.97,0.75,1.0,1.0,0.8,517.0,3.8124773802147454,66.54013868652459,1.0,1.0,291.1951219512195,0.0,12960.602239726026,100.0,13060.602239726026,True
SKU0024,AX,0.97,0.75,1.0,1.0,0.85,517.0,6.097983651460657,68.82564495777049,1.0,1.0,291.1951219512195,0.0,12960.602239726026,100.0,13060.602239726026,True
SKU0024,AX,0.97,0.75,1.0,1.0,0.9,517.0,9.19565186065347,71.92331316696331,1.0,1.0,291.1951219512195,0.0,12960.602239726026,100.0,13060.602239726026,True
SKU0024,AX,0.97,0.75,1.0,1.0,0.95,517.0,13.377565089702681,76.10522639601253,1.0,1.0,295.3983739837398,0.0,13147.681876712326,100.0,13247.681876712326,True
SKU0024,AX,0.97,0.75,1.0,1.0,0.97,517.0,21.704720981204435,84.43238228751427,1.0,1.0,299.6016260162602,0.0,13334.76151369863,100.0,13434.76151369863,True
SKU0024,AX,0.97,0.75,1.0,1.0,0.99,517.0,25.583706299189277,88.31136760549911,1.0,1.0,299.6016260162602,0.0,13334.76151369863,100.0,13434.76151369863,True
SKU0024,AX,0.97,1.0,1.0,1.0,0.75,689.0,1.9736888198875944,64.70135012619744,0.9958534899792675,0.6666666666666666,348.0162601626016,4517.400000000001,15489.614972602736,100.0,20107.014972602738,True
SKU0024,AX,0.97,1.0,1.0,1.0,0.8,689.0,3.8124773802147454,66.54013868652459,0.9958534899792675,0.6666666666666666,348.0162601626016,4517.400000000001,15489.614972602736,100.0,20107.014972602738,True
SKU0024,AX,0.97,1.0,1.0,1.0,0.85,689.0,6.097983651460657,68.82564495777049,1.0,1.0,352.5447154471545,0.0,15691.168856164384,100.0,15791.168856164384,True
SKU0024,AX,0.97,1.0,1.0,1.0,0.9,689.0,9.19565186065347,71.92331316696331,1.0,1.0,352.5447154471545,0.0,15691.168856164384,100.0,15791.168856164384,True
SKU0024,AX,0.97,1.0,1.0,1.0,0.95,689.0,13.377565089702681,76.10522639601253,1.0,1.0,363.7479674796748,0.0,16189.806650684932,100.0,16289.806650684932,True
SKU0024,AX,0.97,1.0,1.0,1.0,0.97,689.0,21.704720981204435,84.43238228751427,1.0,1.0,369.349593495935,0.0,16439.125547945205,100.0,16539.125547945205,True
SKU0024,AX,0.97,1.0,1.0,1.0,0.99,689.0,25.583706299189277,88.31136760549911,1.0,1.0,374.9512195121951,0.0,16688.444445205478,100.0,16788.444445205478,True
SKU0024,AX,0.97,1.25,1.0,1.0,0.75,862.0,1.9736888198875944,64.70135012619744,1.0,1.0,388.1219512195122,0.0,17274.65143150685,100.0,17374.65143150685,True
SKU0024,AX,0.97,1.25,1.0,1.0,0.8,862.0,3.8124773802147454,66.54013868652459,1.0,1.0,388.1219512195122,0.0,17274.65143150685,100.0,17374.65143150685,True
SKU0024,AX,0.97,1.25,1.0,1.0,0.85,862.0,6.097983651460657,68.82564495777049,1.0,1.0,395.130081300813,0.0,17586.571445205478,100.0,17686.571445205478,True
SKU0024,AX,0.97,1.25,1.0,1.0,0.9,862.0,9.19565186065347,71.92331316696331,1.0,1.0,395.130081300813,0.0,17586.571445205478,100.0,17686.571445205478,True
SKU0024,AX,0.97,1.25,1.0,1.0,0.95,862.0,13.377565089702681,76.10522639601253,1.0,1.0,409.1463414634146,0.0,18210.411472602736,100.0,18310.411472602736,True
SKU0024,AX,0.97,1.25,1.0,1.0,0.97,862.0,21.704720981204435,84.43238228751427,1.0,1.0,409.1463414634146,0.0,18210.411472602736,100.0,18310.411472602736,True
SKU0024,AX,0.97,1.25,1.0,1.0,0.99,862.0,25.583706299189277,88.31136760549911,1.0,1.0,409.1463414634146,0.0,18210.411472602736,100.0,18310.411472602736,True
SKU0024,AX,0.97,1.5,1.0,1.0,0.75,1034.0,1.9736888198875944,64.70135012619744,1.0,1.0,476.1382113821138,0.0,21192.106267123287,50.0,21242.106267123287,True
SKU0024,AX,0.97,1.5,1.0,1.0,0.8,1034.0,3.8124773802147454,66.54013868652459,1.0,1.0,476.1382113821138,0.0,21192.106267123287,50.0,21242.106267123287,True
SKU0024,AX,0.97,1.5,1.0,1.0,0.85,1034.0,6.097983651460657,68.82564495777049,1.0,1.0,476.1382113821138,0.0,21192.106267123287,50.0,21242.106267123287,True
SKU0024,AX,0.97,1.5,1.0,1.0,0.9,1034.0,9.19565186065347,71.92331316696331,1.0,1.0,476.1382113821138,0.0,21192.106267123287,50.0,21242.106267123287,True
SKU0024,AX,0.97,1.5,1.0,1.0,0.95,1034.0,13.377565089702681,76.10522639601253,1.0,1.0,484.5447154471545,0.0,21566.26554109589,50.0,21616.26554109589,True
SKU0024,AX,0.97,1.5,1.0,1.0,0.97,1034.0,21.704720981204435,84.43238228751427,1.0,1.0,484.5447154471545,0.0,21566.26554109589,50.0,21616.26554109589,True
SKU0024,AX,0.97,1.5,1.0,1.0,0.99,1034.0,25.583706299189277,88.31136760549911,1.0,1.0,484.5447154471545,0.0,21566.26554109589,50.0,21616.26554109589,True
SKU0026,AY,0.97,0.5,1.0,1.0,0.75,335.0,0.40806835512740003,106.0716993916046,0.9884393063583815,0.75,190.33333333333334,18310.039999999997,14375.797143835616,150.0,32835.83714383561,True
SKU0026,AY,0.97,0.5,1.0,1.0,0.8,335.0,2.060077303225654,107.72370833970285,1.0,1.0,190.09756097560975,0.0,14357.989356164382,150.0,14507.989356164382,True
SKU0026,AY,0.97,0.5,1.0,1.0,0.85,335.0,4.247360502940289,109.9109915394175,1.0,1.0,190.09756097560975,0.0,14357.989356164382,150.0,14507.989356164382,True
SKU0026,AY,0.97,0.5,1.0,1.0,0.9,335.0,9.57438313971442,115.23801417619163,1.0,1.0,190.09756097560975,0.0,14357.989356164382,150.0,14507.989356164382,True
SKU0026,AY,0.97,0.5,1.0,1.0,0.95,335.0,13.637680923012812,119.30131195949001,1.0,1.0,195.54471544715446,0.0,14769.410657534247,150.0,14919.410657534247,True
SKU0026,AY,0.97,0.5,1.0,1.0,0.97,335.0,15.31226642955485,120.97589746603205,1.0,1.0,200.9918699186992,0.0,15180.831958904111,150.0,15330.831958904111,True
SKU0026,AY,0.97,0.5,1.0,1.0,0.99,335.0,21.375645680115234,127.03927671659244,1.0,1.0,203.71544715447155,0.0,15386.54260958904,150.0,15536.54260958904,True
SKU0026,AY,0.97,0.75,1.0,1.0,0.75,503.0,0.40806835512740003,106.0716993916046,1.0,1.0,253.3170731707317,0.0,19132.932698630135,100.0,19232.932698630135,True
SKU0026,AY,0.97,0.75,1.0,1.0,0.8,503.0,2.060077303225654,107.72370833970285,1.0,1.0,253.3170731707317,0.0,19132.932698630135,100.0,19232.932698630135,True
SKU0026,AY,0.97,0.75,1.0,1.0,0.85,503.0,4.247360502940289,109.9109915394175,1.0,1.0,253.3170731707317,0.0,19132.932698630135,100.0,19232.932698630135,True
SKU0026,AY,0.97,0.75,1.0,1.0,0.9,503.0,9.57438313971442,115.23801417619163,1.0,1.0,253.3170731707317,0.0,19132.932698630135,100.0,19232.932698630135,True
SKU0026,AY,0.97,0.75,1.0,1.0,0.95,503.0,13.637680923012812,119.30131195949001,1.0,1.0,265.5853658536585,0.0,20059.55171917808,100.0,20159.55171917808,True
SKU0026,AY,0.97,0.75,1.0,1.0,0.97,503.0,15.31226642955485,120.97589746603205,1.0,1.0,273.7642276422764,0.0,20677.297732876712,100.0,20777.297732876712,True
SKU0026,AY,0.97,0.75,1.0,1.0,0.99,503.0,21.375645680115234,127.03927671659244,1.0,1.0,277.8536585365854,0.0,20986.17073972603,100.0,21086.17073972603,True
SKU0026,AY,0.97,1.0,1.0,1.0,0.75,670.0,0.40806835512740003,106.0716993916046,0.9884393063583815,0.6666666666666666,329.2357723577236,18310.039999999997,24867.040328767125,100.0,43277.08032876712,True
SKU0026,AY,0.97,1.0,1.0,1.0,0.8,670.0,2.060077303225654,107.72370833970285,1.0,1.0,331.7235772357724,0.0,25054.943191780825,100.0,25154.943191780825,True
SKU0026,AY,0.97,1.0,1.0,1.0,0.85,670.0,4.247360502940289,109.9109915394175,1.0,1.0,331.7235772357724,0.0,25054.943191780825,100.0,25154.943191780825,True
SKU0026,AY,0.97,1.0,1.0,1.0,0.9,670.0,9.57438313971442,115.23801417619163,1.0,1.0,331.7235772357724,0.0,25054.943191780825,100.0,25154.943191780825,True
SKU0026,AY,0.97,1.0,1.0,1.0,0.95,670.0,13.637680923012812,119.30131195949001,1.0,1.0,337.1707317073171,0.0,25466.364493150686,100.0,25566.364493150686,True
SKU0026,AY,0.97,1.0,1.0,1.0,0.97,670.0,15.31226642955485,120.97589746603205,1.0,1.0,342.6178861788618,0.0,25877.785794520547,100.0,25977.785794520547,True
SKU0026,AY,0.97,1.0,1.0,1.0,0.99,670.0,21.375645680115234,127.03927671659244,1.0,1.0,348.0650406504065,0.0,26289.207095890408,100.0,26389.207095890408,True
SKU0026,AY,0.97,1.25,1.0,1.0,0.75,838.0,0.40806835512740003,106.0716993916046,1.0,1.0,367.5447154471545,0.0,27760.49879452055,100.0,27860.49879452055,True
SKU0026,AY,0.97,1.25,1.0,1.0,0.8,838.0,2.060077303225654,107.72370833970285,1.0,1.0,367.5447154471545,0.0,27760.49879452055,100.0,27860.49879452055,True
SKU0026,AY,0.97,1.25,1.0,1.0,0.85,838.0,4.247360502940289,109.9109915394175,1.0,1.0,367.5447154471545,0.0,27760.49879452055,100.0,27860.49879452055,True
SKU0026,AY,0.97,1.25,1.0,1.0,0.9,838.0,9.57438313971442,115.23801417619163,1.0,1.0,367.5447154471545,0.0,27760.49879452055,100.0,27860.49879452055,True
SKU0026,AY,0.97,1.25,1.0,1.0,0.95,838.0,13.637680923012812,119.30131195949001,1.0,1.0,381.1707317073171,0.0,28789.66610958904,100.0,28889.66610958904,True
SKU0026,AY,0.97,1.25,1.0,1.0,0.97,838.0,15.31226642955485,120.97589746603205,1.0,1.0,381.1707317073171,0.0,28789.66610958904,100.0,28889.66610958904,True
SKU0026,AY,0.97,1.25,1.0,1.0,0.99,838.0,21.375645680115234,127.03927671659244,1.0,1.0,394.7967479674797,0.0,29818.833424657536,100.0,29918.833424657536,True
SKU0026,AY,0.97,1.5,1.0,1.0,0.75,1005.0,0.40806835512740003,106.0716993916046,1.0,1.0,448.8373983739837,0.0,33900.50117123288,50.0,33950.50117123288,True
SKU0026,AY,0.97,1.5,1.0,1.0,0.8,1005.0,2.060077303225654,107.72370833970285,1.0,1.0,448.8373983739837,0.0,33900.50117123288,50.0,33950.50117123288,True
SKU0026,AY,0.97,1.5,1.0,1.0,0.85,1005.0,4.247360502940289,109.9109915394175,1.0,1.0,448.8373983739837,0.0,33900.50117123288,50.0,33950.50117123288,True
SKU0026,AY,0.97,1.5,1.0,1.0,0.9,1005.0,9.57438313971442,115.23801417619163,1.0,1.0,448.8373983739837,0.0,33900.50117123288,50.0,33950.50117123288,True
SKU0026,AY,0.97,1.5,1.0,1.0,0.95,1005.0,13.637680923012812,119.30131195949001,1.0,1.0,457.0081300813008,0.0,34517.63312328767,50.0,34567.63312328767,True
SKU0026,AY,0.97,1.5,1.0,1.0,0.97,1005.0,15.31226642955485,120.97589746603205,1.0,1.0,457.0081300813008,0.0,34517.63312328767,50.0,34567.63312328767,True
SKU0026,AY,0.97,1.5,1.0,1.0,0.99,1005.0,21.375645680115234,127.03927671659244,1.0,1.0,465.1788617886179,0.0,35134.76507534246,50.0,35184.76507534246,True
SKU0028,AX,0.97,0.5,1.0,1.0,0.75,248.0,2.9209878098824404,188.45946242484,0.997104247104247,0.9230769230769231,138.60162601626016,9225.990000000002,10583.071452054795,600.0,20409.061452054797,True
SKU0028,AX,0.97,0.5,1.0,1.0,0.8,248.0,5.305484978493214,190.8439595934508,0.997104247104247,0.9230769230769231,138.60162601626016,9225.990000000002,10583.071452054795,600.0,20409.061452054797,True
SKU0028,AX,0.97,0.5,1.0,1.0,0.85,248.0,9.409117639953612,194.9475922549112,1.0,1.0,143.3008130081301,0.0,10941.882767123288,600.0,11541.882767123288,True
SKU0028,AX,0.97,0.5,1.0,1.0,0.9,248.0,12.630391761585322,198.1688663765429,1.0,1.0,147.33333333333334,0.0,11249.790054794523,600.0,11849.790054794523,True
SKU0028,AX,0.97,0.5,1.0,1.0,0.95,248.0,16.85052214887877,202.38899676383636,1.0,1.0,157.41463414634146,0.0,12019.558273972601,600.0,12619.558273972601,True
SKU0028,AX,0.97,0.5,1.0,1.0,0.97,248.0,20.69244786521478,206.23092248017235,1.0,1.0,157.41463414634146,0.0,12019.558273972601,600.0,12619.558273972601,True
SKU0028,AX,0.97,0.5,1.0,1.0,0.99,248.0,25.271735666344775,210.81021028130235,1.0,1.0,159.4308943089431,0.0,12173.51191780822,600.0,12773.51191780822,True
SKU0028,AX,0.97,0.75,1.0,1.0,0.75,372.0,2.9209878098824404,188.45946242484,1.0,1.0,205.8048780487805,0.0,15714.445726027398,400.0,16114.445726027398,True
SKU0028,AX,0.97,0.75,1.0,1.0,0.8,372.0,5.305484978493214,190.8439595934508,1.0,1.0,205.8048780487805,0.0,15714.445726027398,400.0,16114.445726027398,True
SKU0028,AX,0.97,0.75,1.0,1.0,0.85,372.0,9.409117639953612,194.9475922549112,1.0,1.0,208.82926829268294,0.0,15945.376191780822,400.0,16345.376191780822,True
SKU0028,AX,0.97,0.75,1.0,1.0,0.9,372.0,12.630391761585322,198.1688663765429,1.0,1.0,211.85365853658536,0.0,16176.306657534247,400.0,16576.306657534245,True
SKU0028,AX,0.97,0.75,1.0,1.0,0.95,372.0,16.85052214887877,202.38899676383636,1.0,1.0,214.8780487804878,0.0,16407.237123287672,400.0,16807.237123287672,True
SKU0028,AX,0.97,0.75,1.0,1.0,0.97,372.0,20.69244786521478,206.23092248017235,1.0,1.0,223.9512195121951,0.0,17100.028520547945,400.0,17500.028520547945,True
SKU0028,AX,0.97,0.75,1.0,1.0,0.99,372.0,25.271735666344775,210.81021028130235,1.0,1.0,226.97560975609755,0.0,17330.95898630137,400.0,17730.95898630137,True
SKU0028,AX,0.97,1.0,1.0,1.0,0.75,496.0,2.9209878098824404,188.45946242484,0.997104247104247,0.8571428571428571,255.54471544715446,9225.990000000002,19512.38279452055,300.0,29038.37279452055,True
SKU0028,AX,0.97,1.0,1.0,1.0,0.8,496.0,5.305484978493214,190.8439595934508,0.997104247104247,0.8571428571428571,255.54471544715446,9225.990000000002,19512.38279452055,300.0,29038.37279452055,True
SKU0028,AX,0.97,1.0,1.0,1.0,0.85,496.0,9.409117639953612,194.9475922549112,1.0,1.0,264.2764227642276,0.0,20179.101397260274,300.0,20479.101397260274,True
SKU0028,AX,0.97,1.0,1.0,1.0,0.9,496.0,12.630391761585322,198.1688663765429,1.0,1.0,264.2764227642276,0.0,20179.101397260274,300.0,20479.101397260274,True
SKU0028,AX,0.97,1.0,1.0,1.0,0.95,496.0,16.85052214887877,202.38899676383636,1.0,1.0,268.3089430894309,0.0,20487.00868493151,300.0,20787.00868493151,True
SKU0028,AX,0.97,1.0,1.0,1.0,0.97,496.0,20.69244786521478,206.23092248017235,1.0,1.0,268.3089430894309,0.0,20487.00868493151,300.0,20787.00868493151,True
SKU0028,AX,0.97,1.0,1.0,1.0,0.99,496.0,25.271735666344775,210.81021028130235,1.0,1.0,268.3089430894309,0.0,20487.00868493151,300.0,20787.00868493151,True
SKU0028,AX,0.97,1.25,1.0,1.0,0.75,620.0,2.9209878098824404,188.45946242484,1.0,1.0,330.8130081300813,0.0,25259.57164383562,250.0,25509.57164383562,True
SKU0028,AX,0.97,1.25,1.0,1.0,0.8,620.0,5.305484978493214,190.8439595934508,1.0,1.0,330.8130081300813,0.0,25259.57164383562,250.0,25509.57164383562,True
SKU0028,AX,0.97,1.25,1.0,1.0,0.85,620.0,9.409117639953612,194.9475922549112,1.0,1.0,330.8130081300813,0.0,25259.57164383562,250.0,25509.57164383562,True
SKU0028,AX,0.97,1.25,1.0,1.0,0.9,620.0,12.630391761585322,198.1688663765429,1.0,1.0,335.8536585365854,0.0,25644.45575342466,250.0,25894.45575342466,True
SKU0028,AX,0.97,1.25,1.0,1.0,0.95,620.0,16.85052214887877,202.38899676383636,1.0,1.0,335.8536585365854,0.0,25644.45575342466,250.0,25894.45575342466,True
SKU0028,AX,0.97,1.25,1.0,1.0,0.97,620.0,20.69244786521478,206.23092248017235,1.0,1.0,340.8943089430894,0.0,26029.339863013698,250.0,26279.339863013698,True
SKU0028,AX,0.97,1.25,1.0,1.0,0.99,620.0,25.271735666344775,210.81021028130235,1.0,1.0,345.9349593495935,0.0,26414.223972602744,250.0,26664.223972602744,True
SKU0028,AX,0.97,1.5,1.0,1.0,0.75,744.0,2.9209878098824404,188.45946242484,1.0,1.0,387.2682926829268,0.0,29570.273671232877,200.0,29770.273671232877,True
SKU0028,AX,0.97,1.5,1.0,1.0,0.8,744.0,5.305484978493214,190.8439595934508,1.0,1.0,387.2682926829268,0.0,29570.273671232877,200.0,29770.273671232877,True
SKU0028,AX,0.97,1.5,1.0,1.0,0.85,744.0,9.409117639953612,194.9475922549112,1.0,1.0,387.2682926829268,0.0,29570.273671232877,200.0,29770.273671232877,True
SKU0028,AX,0.97,1.5,1.0,1.0,0.9,744.0,12.630391761585322,198.1688663765429,1.0,1.0,393.3170731707317,0.0,30032.134602739727,200.0,30232.134602739727,True
SKU0028,AX,0.97,1.5,1.0,1.0,0.95,744.0,16.85052214887877,202.38899676383636,1.0,1.0,399.3658536585366,0.0,30493.995534246576,200.0,30693.995534246576,True
SKU0028,AX,0.97,1.5,1.0,1.0,0.97,744.0,20.69244786521478,206.23092248017235,1.0,1.0,399.3658536585366,0.0,30493.995534246576,200.0,30693.995534246576,True
SKU0028,AX,0.97,1.5,1.0,1.0,0.99,744.0,25.271735666344775,210.81021028130235,1.0,1.0,399.3658536585366,0.0,30493.995534246576,200.0,30693.995534246576,True
SKU0029,AY,0.97,0.5,1.0,1.0,0.75,301.0,6.09787453541645,97.10882776576842,0.9923027581783195,0.8333333333333334,155.21138211382114,8354.880000000001,11277.289068493152,250.0,19882.169068493153,True
SKU0029,AY,0.97,0.5,1.0,1.0,0.8,301.0,7.393112336038484,98.40406556639046,0.9923027581783195,0.8333333333333334,155.21138211382114,8354.880000000001,11277.289068493152,250.0,19882.169068493153,True
SKU0029,AY,0.97,0.5,1.0,1.0,0.85,301.0,10.571784647845364,101.58273787819734,1.0,1.0,159.7479674796748,0.0,11606.906547945206,250.0,11856.906547945206,True
SKU0029,AY,0.97,0.5,1.0,1.0,0.9,301.0,14.571436677696516,105.58238990804848,1.0,1.0,164.64227642276424,0.0,11962.515369863015,250.0,12212.515369863015,True
SKU0029,AY,0.97,0.5,1.0,1.0,0.95,301.0,20.19323437993023,111.2041876102822,1.0,1.0,167.08943089430895,0.0,12140.31978082192,250.0,12390.31978082192,True
SKU0029,AY,0.97,0.5,1.0,1.0,0.97,301.0,21.116719421145547,112.12767265149752,1.0,1.0,167.08943089430895,0.0,12140.31978082192,250.0,12390.31978082192,True
SKU0029,AY,0.97,0.5,1.0,1.0,0.99,301.0,24.775416310912657,115.78636954126463,1.0,1.0,171.98373983739836,0.0,12495.928602739727,250.0,12745.928602739727,True
SKU0029,AY,0.97,0.75,1.0,1.0,0.75,452.0,6.09787453541645,97.10882776576842,0.9923027581783195,0.75,227.04065040650406,8354.880000000001,16496.232493150685,150.0,25001.112493150686,True
SKU0029,AY,0.97,0.75,1.0,1.0,0.8,452.0,7.393112336038484,98.40406556639046,0.9923027581783195,0.75,227.04065040650406,8354.880000000001,16496.232493150685,150.0,25001.112493150686,True
SKU0029,AY,0.97,0.75,1.0,1.0,0.85,452.0,10.571784647845364,101.58273787819734,1.0,1.0,227.91869918699186,0.0,16560.029424657536,150.0,16710.029424657536,True
SKU0029,AY,0.97,0.75,1.0,1.0,0.9,452.0,14.571436677696516,105.58238990804848,1.0,1.0,227.91869918699186,0.0,16560.029424657536,150.0,16710.029424657536,True
SKU0029,AY,0.97,0.75,1.0,1.0,0.95,452.0,20.19323437993023,111.2041876102822,1.0,1.0,231.59349593495935,0.0,16827.031397260274,150.0,16977.031397260274,True
SKU0029,AY,0.97,0.75,1.0,1.0,0.97,452.0,21.116719421145547,112.12767265149752,1.0,1.0,231.59349593495935,0.0,16827.031397260274,150.0,16977.031397260274,True
SKU0029,AY,0.97,0.75,1.0,1.0,0.99,452.0,24.775416310912657,115.78636954126463,1.0,1.0,231.59349593495935,0.0,16827.031397260274,150.0,16977.031397260274,True
SKU0029,AY,0.97,1.0,1.0,1.0,0.75,602.0,6.09787453541645,97.10882776576842,0.9923027581783195,0.75,284.9105691056911,8354.880000000001,20700.922849315073,150.0,29205.802849315074,True
SKU0029,AY,0.97,1.0,1.0,1.0,0.8,602.0,7.393112336038484,98.40406556639046,0.9923027581783195,0.75,284.9105691056911,8354.880000000001,20700.922849315073,150.0,29205.802849315074,True
SKU0029,AY,0.97,1.0,1.0,1.0,0.85,602.0,10.571784647845364,101.58273787819734,1.0,1.0,294.3414634146341,0.0,21386.14915068493,150.0,21536.14915068493,True
SKU0029,AY,0.97,1.0,1.0,1.0,0.9,602.0,14.571436677696516,105.58238990804848,1.0,1.0,299.2357723577236,0.0,21741.757972602743,150.0,21891.757972602743,True
SKU0029,AY,0.97,1.0,1.0,1.0,0.95,602.0,20.19323437993023,111.2041876102822,1.0,1.0,299.2357723577236,0.0,21741.757972602743,150.0,21891.757972602743,True
SKU0029,AY,0.97,1.0,1.0,1.0,0.97,602.0,21.116719421145547,112.12767265149752,1.0,1.0,299.2357723577236,0.0,21741.757972602743,150.0,21891.757972602743,True
SKU0029,AY,0.97,1.0,1.0,1.0,0.99,602.0,24.775416310912657,115.78636954126463,1.0,1.0,304.130081300813,0.0,22097.36679452055,150.0,22247.36679452055,True
SKU0029,AY,0.97,1.25,1.0,1.0,0.75,753.0,6.09787453541645,97.10882776576842,0.9923027581783195,0.6666666666666666,396.8861788617886,8354.880000000001,28836.803753424658,100.0,37291.68375342466,True
SKU0029,AY,0.97,1.25,1.0,1.0,0.8,753.0,7.393112336038484,98.40406556639046,0.9923027581783195,0.6666666666666666,403.0081300813008,8354.880000000001,29281.610136986303,100.0,37736.49013698631,True
SKU0029,AY,0.97,1.25,1.0,1.0,0.85,753.0,10.571784647845364,101.58273787819734,1.0,1.0,398.9837398373984,0.0,28989.20753424658,100.0,29089.20753424658,True
SKU0029,AY,0.97,1.25,1.0,1.0,0.9,753.0,14.571436677696516,105.58238990804848,1.0,1.0,398.9837398373984,0.0,28989.20753424658,100.0,29089.20753424658,True
SKU0029,AY,0.97,1.25,1.0,1.0,0.95,753.0,20.19323437993023,111.2041876102822,1.0,1.0,405.1056910569106,0.0,29434.01391780822,100.0,29534.01391780822,True
SKU0029,AY,0.97,1.25,1.0,1.0,0.97,753.0,21.116719421145547,112.12767265149752,1.0,1.0,405.1056910569106,0.0,29434.01391780822,100.0,29534.01391780822,True
SKU0029,AY,0.97,1.25,1.0,1.0,0.99,753.0,24.775416310912657,115.78636954126463,1.0,1.0,405.1056910569106,0.0,29434.01391780822,100.0,29534.01391780822,True
SKU0029,AY,0.97,1.5,1.0,1.0,0.75,903.0,6.09787453541645,97.10882776576842,0.9923027581783195,0.6666666666666666,461.1056910569106,8354.880000000001,33502.84043835617,100.0,41957.72043835618,True
SKU0029,AY,0.97,1.5,1.0,1.0,0.8,903.0,7.393112336038484,98.40406556639046,0.9923027581783195,0.6666666666666666,461.1056910569106,8354.880000000001,33502.84043835617,100.0,41957.72043835618,True
SKU0029,AY,0.97,1.5,1.0,1.0,0.85,903.0,10.571784647845364,101.58273787819734,1.0,1.0,465.6422764227642,0.0,33832.45791780822,100.0,33932.45791780822,True
SKU0029,AY,0.97,1.5,1.0,1.0,0.9,903.0,14.571436677696516,105.58238990804848,1.0,1.0,465.6422764227642,0.0,33832.45791780822,100.0,33932.45791780822,True
SKU0029,AY,0.97,1.5,1.0,1.0,0.95,903.0,20.19323437993023,111.2041876102822,1.0,1.0,472.9837398373984,0.0,34365.871150684936,100.0,34465.871150684936,True
SKU0029,AY,0.97,1.5,1.0,1.0,0.97,903.0,21.116719421145547,112.12767265149752,1.0,1.0,472.9837398373984,0.0,34365.871150684936,100.0,34465.871150684936,True
SKU0029,AY,0.97,1.5,1.0,1.0,0.99,903.0,24.775416310912657,115.78636954126463,1.0,1.0,480.3252032520325,0.0,34899.284383561644,100.0,34999.284383561644,True
SKU0031,AY,0.97,0.5,1.0,1.0,0.75,375.0,0.0,108.17212836885052,0.9948424068767908,0.75,235.65040650406505,14501.43,21423.09143835616,150.0,36074.52143835616,True
SKU0031,AY,0.97,0.5,1.0,1.0,0.8,375.0,0.0,108.17212836885052,0.9948424068767908,0.75,235.65040650406505,14501.43,21423.09143835616,150.0,36074.52143835616,True
SKU0031,AY,0.97,0.5,1.0,1.0,0.85,375.0,2.7684190315210375,110.94054740037156,0.9948424068767908,0.75,238.6991869918699,14501.43,21700.25753424657,150.0,36351.68753424657,True
SKU0031,AY,0.97,0.5,1.0,1.0,0.9,375.0,6.843061342112326,115.01518971096284,0.9948424068767908,0.75,238.6991869918699,14501.43,21700.25753424657,150.0,36351.68753424657,True
SKU0031,AY,0.97,0.5,1.0,1.0,0.95,375.0,12.610300530784176,120.7824288996347,0.9948424068767908,0.75,241.7479674796748,14501.43,21977.423630136986,200.0,36678.85363013699,True
SKU0031,AY,0.97,0.5,1.0,1.0,0.97,375.0,16.903496401642645,125.07562477049316,0.9948424068767908,0.75,241.7479674796748,14501.43,21977.423630136986,200.0,36678.85363013699,True
SKU0031,AY,0.97,0.5,1.0,1.0,0.99,375.0,26.33286928449845,134.50499765334897,1.0,1.0,249.33333333333334,0.0,22667.012876712328,200.0,22867.012876712328,True
SKU0031,AY,0.97,0.75,1.0,1.0,0.75,562.0,0.0,108.17212836885052,1.0,1.0,300.609756097561,0.0,27328.57705479452,150.0,27478.57705479452,True
SKU0031,AY,0.97,0.75,1.0,1.0,0.8,562.0,0.0,108.17212836885052,1.0,1.0,300.609756097561,0.0,27328.57705479452,150.0,27478.57705479452,True
SKU0031,AY,0.97,0.75,1.0,1.0,0.85,562.0,2.7684190315210375,110.94054740037156,1.0,1.0,305.1788617886179,0.0,27743.956643835616,150.0,27893.956643835616,True
SKU0031,AY,0.97,0.75,1.0,1.0,0.9,562.0,6.843061342112326,115.01518971096284,1.0,1.0,314.3170731707317,0.0,28574.71582191781,150.0,28724.71582191781,True
SKU0031,AY,0.97,0.75,1.0,1.0,0.95,562.0,12.610300530784176,120.7824288996347,1.0,1.0,314.3170731707317,0.0,28574.71582191781,150.0,28724.71582191781,True
SKU0031,AY,0.97,0.75,1.0,1.0,0.97,562.0,16.903496401642645,125.07562477049316,1.0,1.0,314.3170731707317,0.0,28574.71582191781,150.0,28724.71582191781,True
SKU0031,AY,0.97,0.75,1.0,1.0,0.99,562.0,26.33286928449845,134.50499765334897,1.0,1.0,318.8861788617886,0.0,28990.0954109589,150.0,29140.0954109589,True
SKU0031,AY,0.97,1.0,1.0,1.0,0.75,749.0,0.0,108.17212836885052,1.0,1.0,403.8536585365854,0.0,36714.529726027395,100.0,36814.529726027395,True
SKU0031,AY,0.97,1.0,1.0,1.0,0.8,749.0,0.0,108.17212836885052,1.0,1.0,403.8536585365854,0.0,36714.529726027395,100.0,36814.529726027395,True
SKU0031,AY,0.97,1.0,1.0,1.0,0.85,749.0,2.7684190315210375,110.94054740037156,1.0,1.0,416.0325203252033,0.0,37821.71589041096,100.0,37921.71589041096,True
SKU0031,AY,0.97,1.0,1.0,1.0,0.9,749.0,6.843061342112326,115.01518971096284,1.0,1.0,416.0325203252033,0.0,37821.71589041096,100.0,37921.71589041096,True
SKU0031,AY,0.97,1.0,1.0,1.0,0.95,749.0,12.610300530784176,120.7824288996347,1.0,1.0,416.0325203252033,0.0,37821.71589041096,100.0,37921.71589041096,True
SKU0031,AY,0.97,1.0,1.0,1.0,0.97,749.0,16.903496401642645,125.07562477049316,1.0,1.0,422.1219512195122,0.0,38375.30897260274,100.0,38475.30897260274,True
SKU0031,AY,0.97,1.0,1.0,1.0,0.99,749.0,26.33286928449845,134.50499765334897,1.0,1.0,434.3008130081301,0.0,39482.4951369863,100.0,39582.4951369863,True
SKU0031,AY,0.97,1.25,1.0,1.0,0.75,937.0,0.0,108.17212836885052,1.0,1.0,463.8536585365854,0.0,42169.15849315068,100.0,42269.15849315068,True
SKU0031,AY,0.97,1.25,1.0,1.0,0.8,937.0,0.0,108.17212836885052,1.0,1.0,463.8536585365854,0.0,42169.15849315068,100.0,42269.15849315068,True
SKU0031,AY,0.97,1.25,1.0,1.0,0.85,937.0,2.7684190315210375,110.94054740037156,1.0,1.0,471.4715447154472,0.0,42861.70417808219,100.0,42961.70417808219,True
SKU0031,AY,0.97,1.25,1.0,1.0,0.9,937.0,6.843061342112326,115.01518971096284,1.0,1.0,471.4715447154472,0.0,42861.70417808219,100.0,42961.70417808219,True
SKU0031,AY,0.97,1.25,1.0,1.0,0.95,937.0,12.610300530784176,120.7824288996347,1.0,1.0,479.0894308943089,0.0,43554.24986301369,100.0,43654.24986301369,True
SKU0031,AY,0.97,1.25,1.0,1.0,0.97,937.0,16.903496401642645,125.07562477049316,1.0,1.0,479.0894308943089,0.0,43554.24986301369,100.0,43654.24986301369,True
SKU0031,AY,0.97,1.25,1.0,1.0,0.99,937.0,26.33286928449845,134.50499765334897,1.0,1.0,486.7073170731707,0.0,44246.79554794521,100.0,44346.79554794521,True
SKU0031,AY,0.97,1.5,1.0,1.0,0.75,1124.0,0.0,108.17212836885052,1.0,1.0,465.0975609756098,0.0,42282.24226027397,100.0,42382.24226027397,True
SKU0031,AY,0.97,1.5,1.0,1.0,0.8,1124.0,0.0,108.17212836885052,1.0,1.0,465.0975609756098,0.0,42282.24226027397,100.0,42382.24226027397,True
SKU0031,AY,0.97,1.5,1.0,1.0,0.85,1124.0,2.7684190315210375,110.94054740037156,1.0,1.0,474.2357723577236,0.0,43113.00143835616,100.0,43213.00143835616,True
SKU0031,AY,0.97,1.5,1.0,1.0,0.9,1124.0,6.843061342112326,115.01518971096284,1.0,1.0,474.2357723577236,0.0,43113.00143835616,100.0,43213.00143835616,True
SKU0031,AY,0.97,1.5,1.0,1.0,0.95,1124.0,12.610300530784176,120.7824288996347,1.0,1.0,474.2357723577236,0.0,43113.00143835616,100.0,43213.00143835616,True
SKU0031,AY,0.97,1.5,1.0,1.0,0.97,1124.0,16.903496401642645,125.07562477049316,1.0,1.0,474.2357723577236,0.0,43113.00143835616,100.0,43213.00143835616,True
SKU0031,AY,0.97,1.5,1.0,1.0,0.99,1124.0,26.33286928449845,134.50499765334897,1.0,1.0,483.3739837398374,0.0,43943.760616438354,100.0,44043.760616438354,True
SKU0032,CZ,0.98,0.5,1.0,1.0,0.75,155.0,0.37476555194687755,20.76605609929755,1.0,1.0,89.2520325203252,0.0,2604.192136986301,200.0,2804.192136986301,True
SKU0032,CZ,0.98,0.5,1.0,1.0,0.8,155.0,2.039818280367668,22.43110882771834,1.0,1.0,90.51219512195122,0.0,2640.961109589041,200.0,2840.961109589041,True
SKU0032,CZ,0.98,0.5,1.0,1.0,0.85,155.0,3.4000116405231795,23.79130218787385,1.0,1.0,90.51219512195122,0.0,2640.961109589041,200.0,2840.961109589041,True
SKU0032,CZ,0.98,0.5,1.0,1.0,0.9,155.0,4.416829974093216,24.808120521443886,1.0,1.0,90.51219512195122,0.0,2640.961109589041,200.0,2840.961109589041,True
SKU0032,CZ,0.98,0.5,1.0,1.0,0.95,155.0,8.35871941610807,28.75000996345874,1.0,1.0,94.29268292682927,0.0,2751.26802739726,200.0,2951.26802739726,True
SKU0032,CZ,0.98,0.5,1.0,1.0,0.97,155.0,9.384771114074184,29.776061661424855,1.0,1.0,95.55284552845528,0.0,2788.0369999999994,200.0,2988.0369999999994,True
SKU0032,CZ,0.98,0.5,1.0,1.0,0.99,155.0,11.431080081392398,31.82237062874307,1.0,1.0,99.33333333333333,0.0,2898.3439178082185,200.0,3098.3439178082185,True
SKU0032,CZ,0.98,0.75,1.0,1.0,0.75,232.0,0.37476555194687755,20.76605609929755,0.9855699855699855,0.75,115.23577235772358,3985.4,3362.344630136986,150.0,7497.7446301369855,True
SKU0032,CZ,0.98,0.75,1.0,1.0,0.8,232.0,2.039818280367668,22.43110882771834,0.9855699855699855,0.75,117.1219512195122,3985.4,3417.379479452055,150.0,7552.779479452055,True
SKU0032,CZ,0.98,0.75,1.0,1.0,0.85,232.0,3.4000116405231795,23.79130218787385,1.0,1.0,117.4959349593496,0.0,3428.291561643836,150.0,3578.291561643836,True
SKU0032,CZ,0.98,0.75,1.0,1.0,0.9,232.0,4.416829974093216,24.808120521443886,1.0,1.0,119.3821138211382,0.0,3483.3264109589036,150.0,3633.3264109589036,True
SKU0032,CZ,0.98,0.75,1.0,1.0,0.95,232.0,8.35871941610807,28.75000996345874,1.0,1.0,125.04065040650407,0.0,3648.4309589041095,150.0,3798.4309589041095,True
SKU0032,CZ,0.98,0.75,1.0,1.0,0.97,232.0,9.384771114074184,29.776061661424855,1.0,1.0,125.04065040650407,0.0,3648.4309589041095,150.0,3798.4309589041095,True
SKU0032,CZ,0.98,0.75,1.0,1.0,0.99,232.0,11.431080081392398,31.82237062874307,1.0,1.0,128.8130081300813,0.0,3758.500657534246,150.0,3908.500657534246,True
SKU0032,CZ,0.98,1.0,1.0,1.0,0.75,309.0,0.37476555194687755,20.76605609929755,1.0,1.0,166.1138211382114,0.0,4846.862246575342,100.0,4946.862246575342,True
SKU0032,CZ,0.98,1.0,1.0,1.0,0.8,309.0,2.039818280367668,22.43110882771834,1.0,1.0,166.1138211382114,0.0,4846.862246575342,100.0,4946.862246575342,True
SKU0032,CZ,0.98,1.0,1.0,1.0,0.85,309.0,3.4000116405231795,23.79130218787385,1.0,1.0,166.1138211382114,0.0,4846.862246575342,100.0,4946.862246575342,True
SKU0032,CZ,0.98,1.0,1.0,1.0,0.9,309.0,4.416829974093216,24.808120521443886,1.0,1.0,166.1138211382114,0.0,4846.862246575342,100.0,4946.862246575342,True
SKU0032,CZ,0.98,1.0,1.0,1.0,0.95,309.0,8.35871941610807,28.75000996345874,1.0,1.0,166.1138211382114,0.0,4846.862246575342,100.0,4946.862246575342,True
SKU0032,CZ,0.98,1.0,1.0,1.0,0.97,309.0,9.384771114074184,29.776061661424855,1.0,1.0,168.6260162601626,0.0,4920.1629726027395,100.0,5020.1629726027395,True
SKU0032,CZ,0.98,1.0,1.0,1.0,0.99,309.0,11.431080081392398,31.82237062874307,1.0,1.0,171.1382113821138,0.0,4993.463698630136,100.0,5093.463698630136,True
SKU0032,CZ,0.98,1.25,1.0,1.0,0.75,387.0,0.37476555194687755,20.76605609929755,1.0,1.0,205.260162601626,0.0,5989.072589041095,100.0,6089.072589041095,True
SKU0032,CZ,0.98,1.25,1.0,1.0,0.8,387.0,2.039818280367668,22.43110882771834,1.0,1.0,205.260162601626,0.0,5989.072589041095,100.0,6089.072589041095,True
SKU0032,CZ,0.98,1.25,1.0,1.0,0.85,387.0,3.4000116405231795,23.79130218787385,1.0,1.0,205.260162601626,0.0,5989.072589041095,100.0,6089.072589041095,True
SKU0032,CZ,0.98,1.25,1.0,1.0,0.9,387.0,4.416829974093216,24.808120521443886,1.0,1.0,205.260162601626,0.0,5989.072589041095,100.0,6089.072589041095,True
SKU0032,CZ,0.98,1.25,1.0,1.0,0.95,387.0,8.35871941610807,28.75000996345874,1.0,1.0,208.40650406504065,0.0,6080.876410958903,100.0,6180.876410958903,True
SKU0032,CZ,0.98,1.25,1.0,1.0,0.97,387.0,9.384771114074184,29.776061661424855,1.0,1.0,208.40650406504065,0.0,6080.876410958903,100.0,6180.876410958903,True
SKU0032,CZ,0.98,1.25,1.0,1.0,0.99,387.0,11.431080081392398,31.82237062874307,1.0,1.0,211.5528455284553,0.0,6172.680232876713,100.0,6272.680232876713,True
SKU0032,CZ,0.98,1.5,1.0,1.0,0.75,464.0,0.37476555194687755,20.76605609929755,1.0,1.0,215.5772357723577,0.0,6290.103726027396,100.0,6390.103726027396,True
SKU0032,CZ,0.98,1.5,1.0,1.0,0.8,464.0,2.039818280367668,22.43110882771834,1.0,1.0,215.5772357723577,0.0,6290.103726027396,100.0,6390.103726027396,True
SKU0032,CZ,0.98,1.5,1.0,1.0,0.85,464.0,3.4000116405231795,23.79130218787385,1.0,1.0,215.5772357723577,0.0,6290.103726027396,100.0,6390.103726027396,True
SKU0032,CZ,0.98,1.5,1.0,1.0,0.9,464.0,4.416829974093216,24.808120521443886,1.0,1.0,219.34959349593495,0.0,6400.173424657534,100.0,6500.173424657534,True
SKU0032,CZ,0.98,1.5,1.0,1.0,0.95,464.0,8.35871941610807,28.75000996345874,1.0,1.0,226.89430894308944,0.0,6620.312821917808,100.0,6720.312821917808,True
SKU0032,CZ,0.98,1.5,1.0,1.0,0.97,464.0,9.384771114074184,29.776061661424855,1.0,1.0,226.89430894308944,0.0,6620.312821917808,100.0,6720.312821917808,True
SKU0032,CZ,0.98,1.5,1.0,1.0,0.99,464.0,11.431080081392398,31.82237062874307,1.0,1.0,230.66666666666666,0.0,6730.382520547944,100.0,6830.382520547944,True
SKU0033,AY,0.97,0.5,1.0,1.0,0.75,306.0,1.48657767311032,28.858020554690974,1.0,1.0,158.7642276422764,0.0,13572.628767123288,150.0,13722.628767123288,True
SKU0033,AY,0.97,0.5,1.0,1.0,0.8,306.0,3.084532632336945,30.455975513917597,1.0,1.0,161.2520325203252,0.0,13785.309246575343,150.0,13935.309246575343,True
SKU0033,AY,0.97,0.5,1.0,1.0,0.85,306.0,3.4346149391767504,30.806057820757403,1.0,1.0,161.2520325203252,0.0,13785.309246575343,150.0,13935.309246575343,True
SKU0033,AY,0.97,0.5,1.0,1.0,0.9,306.0,4.815955691205076,32.187398572785725,1.0,1.0,161.2520325203252,0.0,13785.309246575343,150.0,13935.309246575343,True
SKU0033,AY,0.97,0.5,1.0,1.0,0.95,306.0,7.791134175098891,35.162577056679545,1.0,1.0,163.739837398374,0.0,13997.989726027397,150.0,14147.989726027397,True
SKU0033,AY,0.97,0.5,1.0,1.0,0.97,306.0,9.410178921042512,36.781621802623164,1.0,1.0,166.22764227642276,0.0,14210.670205479451,150.0,14360.670205479451,True
SKU0033,AY,0.97,0.5,1.0,1.0,0.99,306.0,10.316561158406085,37.68800403998674,1.0,1.0,166.22764227642276,0.0,14210.670205479451,150.0,14360.670205479451,True
SKU0033,AY,0.97,0.75,1.0,1.0,0.75,459.0,1.48657767311032,28.858020554690974,1.0,1.0,234.64227642276424,0.0,20059.38339041096,100.0,20159.38339041096,True
SKU0033,AY,0.97,0.75,1.0,1.0,0.8,459.0,3.084532632336945,30.455975513917597,1.0,1.0,234.64227642276424,0.0,20059.38339041096,100.0,20159.38339041096,True
SKU0033,AY,0.97,0.75,1.0,1.0,0.85,459.0,3.4346149391767504,30.806057820757403,1.0,1.0,234.64227642276424,0.0,20059.38339041096,100.0,20159.38339041096,True
SKU0033,AY,0.97,0.75,1.0,1.0,0.9,459.0,4.815955691205076,32.187398572785725,1.0,1.0,238.3739837398374,0.0,20378.404109589042,100.0,20478.404109589042,True
SKU0033,AY,0.97,0.75,1.0,1.0,0.95,459.0,7.791134175098891,35.162577056679545,1.0,1.0,238.3739837398374,0.0,20378.404109589042,100.0,20478.404109589042,True
SKU0033,AY,0.97,0.75,1.0,1.0,0.97,459.0,9.410178921042512,36.781621802623164,1.0,1.0,238.3739837398374,0.0,20378.404109589042,100.0,20478.404109589042,True
SKU0033,AY,0.97,0.75,1.0,1.0,0.99,459.0,10.316561158406085,37.68800403998674,1.0,1.0,238.3739837398374,0.0,20378.404109589042,100.0,20478.404109589042,True
SKU0033,AY,0.97,1.0,1.0,1.0,0.75,611.0,1.48657767311032,28.858020554690974,1.0,1.0,311.9349593495935,0.0,26667.07397260274,100.0,26767.07397260274,True
SKU0033,AY,0.97,1.0,1.0,1.0,0.8,611.0,3.084532632336945,30.455975513917597,1.0,1.0,311.9349593495935,0.0,26667.07397260274,100.0,26767.07397260274,True
SKU0033,AY,0.97,1.0,1.0,1.0,0.85,611.0,3.4346149391767504,30.806057820757403,1.0,1.0,311.9349593495935,0.0,26667.07397260274,100.0,26767.07397260274,True
SKU0033,AY,0.97,1.0,1.0,1.0,0.9,611.0,4.815955691205076,32.187398572785725,1.0,1.0,311.9349593495935,0.0,26667.07397260274,100.0,26767.07397260274,True
SKU0033,AY,0.97,1.0,1.0,1.0,0.95,611.0,7.791134175098891,35.162577056679545,1.0,1.0,311.9349593495935,0.0,26667.07397260274,100.0,26767.07397260274,True
SKU0033,AY,0.97,1.0,1.0,1.0,0.97,611.0,9.410178921042512,36.781621802623164,1.0,1.0,316.9024390243902,0.0,27091.739897260275,100.0,27191.739897260275,True
SKU0033,AY,0.97,1.0,1.0,1.0,0.99,611.0,10.316561158406085,37.68800403998674,1.0,1.0,316.9024390243902,0.0,27091.739897260275,100.0,27191.739897260275,True
SKU0033,AY,0.97,1.25,1.0,1.0,0.75,764.0,1.48657767311032,28.858020554690974,1.0,1.0,333.2682926829268,0.0,28490.843835616437,100.0,28590.843835616437,True
SKU0033,AY,0.97,1.25,1.0,1.0,0.8,764.0,3.084532632336945,30.455975513917597,1.0,1.0,333.2682926829268,0.0,28490.843835616437,100.0,28590.843835616437,True
SKU0033,AY,0.97,1.25,1.0,1.0,0.85,764.0,3.4346149391767504,30.806057820757403,1.0,1.0,333.2682926829268,0.0,28490.843835616437,100.0,28590.843835616437,True
SKU0033,AY,0.97,1.25,1.0,1.0,0.9,764.0,4.815955691205076,32.187398572785725,1.0,1.0,339.479674796748,0.0,29021.85,100.0,29121.85,True
SKU0033,AY,0.97,1.25,1.0,1.0,0.95,764.0,7.791134175098891,35.162577056679545,1.0,1.0,339.479674796748,0.0,29021.85,100.0,29121.85,True
SKU0033,AY,0.97,1.25,1.0,1.0,0.97,764.0,9.410178921042512,36.781621802623164,1.0,1.0,345.6910569105691,0.0,29552.856164383564,100.0,29652.856164383564,True
SKU0033,AY,0.97,1.25,1.0,1.0,0.99,764.0,10.316561158406085,37.68800403998674,1.0,1.0,345.6910569105691,0.0,29552.856164383564,100.0,29652.856164383564,True
SKU0033,AY,0.97,1.5,1.0,1.0,0.75,917.0,1.48657767311032,28.858020554690974,1.0,1.0,431.5772357723577,0.0,36895.19794520548,50.0,36945.19794520548,True
SKU0033,AY,0.97,1.5,1.0,1.0,0.8,917.0,3.084532632336945,30.455975513917597,1.0,1.0,431.5772357723577,0.0,36895.19794520548,50.0,36945.19794520548,True
SKU0033,AY,0.97,1.5,1.0,1.0,0.85,917.0,3.4346149391767504,30.806057820757403,1.0,1.0,431.5772357723577,0.0,36895.19794520548,50.0,36945.19794520548,True
SKU0033,AY,0.97,1.5,1.0,1.0,0.9,917.0,4.815955691205076,32.187398572785725,1.0,1.0,431.5772357723577,0.0,36895.19794520548,50.0,36945.19794520548,True
SKU0033,AY,0.97,1.5,1.0,1.0,0.95,917.0,7.791134175098891,35.162577056679545,1.0,1.0,431.5772357723577,0.0,36895.19794520548,50.0,36945.19794520548,True
SKU0033,AY,0.97,1.5,1.0,1.0,0.97,917.0,9.410178921042512,36.781621802623164,1.0,1.0,431.5772357723577,0.0,36895.19794520548,50.0,36945.19794520548,True
SKU0033,AY,0.97,1.5,1.0,1.0,0.99,917.0,10.316561158406085,37.68800403998674,1.0,1.0,431.5772357723577,0.0,36895.19794520548,50.0,36945.19794520548,True
SKU0034,CZ,0.98,0.5,1.0,1.0,0.75,293.0,9.659579675782219,108.26939588885554,0.9932523616734144,0.75,160.6991869918699,1954.5,4119.180246575343,150.0,6223.680246575343,True
SKU0034,CZ,0.98,0.5,1.0,1.0,0.8,293.0,12.288750264295885,110.89856647736922,0.9932523616734144,0.75,167.84552845528455,1954.5,4302.361438356164,150.0,6406.861438356164,True
SKU0034,CZ,0.98,0.5,1.0,1.0,0.85,293.0,13.738095188257674,112.347911401331,0.9932523616734144,0.75,167.84552845528455,1954.5,4302.361438356164,150.0,6406.861438356164,True
SKU0034,CZ,0.98,0.5,1.0,1.0,0.9,293.0,16.60037714420578,115.21019335727911,0.9932523616734144,0.75,170.22764227642276,1954.5,4363.421835616438,150.0,6467.921835616438,True
SKU0034,CZ,0.98,0.5,1.0,1.0,0.95,293.0,19.003518581211466,117.6133347942848,1.0,1.0,173.1869918699187,0.0,4439.278438356165,150.0,4589.278438356165,True
SKU0034,CZ,0.98,0.5,1.0,1.0,0.97,293.0,20.42784963869652,119.03766585176984,1.0,1.0,175.5691056910569,0.0,4500.338835616439,150.0,4650.338835616439,True
SKU0034,CZ,0.98,0.5,1.0,1.0,0.99,293.0,22.758996590397732,121.36881280347106,1.0,1.0,175.5691056910569,0.0,4500.338835616439,150.0,4650.338835616439,True
SKU0034,CZ,0.98,0.75,1.0,1.0,0.75,439.0,9.659579675782219,108.26939588885554,0.9932523616734144,0.6666666666666666,238.7479674796748,1954.5,6119.79394520548,100.0,8174.29394520548,True
SKU0034,CZ,0.98,0.75,1.0,1.0,0.8,439.0,12.288750264295885,110.89856647736922,0.9932523616734144,0.6666666666666666,242.3170731707317,1954.5,6211.280342465754,100.0,8265.780342465754,True
SKU0034,CZ,0.98,0.75,1.0,1.0,0.85,439.0,13.738095188257674,112.347911401331,0.9932523616734144,0.6666666666666666,245.8861788617886,1954.5,6302.7667397260275,100.0,8357.266739726027,True
SKU0034,CZ,0.98,0.75,1.0,1.0,0.9,439.0,16.60037714420578,115.21019335727911,0.9932523616734144,0.6666666666666666,245.8861788617886,1954.5,6302.7667397260275,100.0,8357.266739726027,True
SKU0034,CZ,0.98,0.75,1.0,1.0,0.95,439.0,19.003518581211466,117.6133347942848,1.0,1.0,252.40650406504065,0.0,6469.901342465753,100.0,6569.901342465753,True
SKU0034,CZ,0.98,0.75,1.0,1.0,0.97,439.0,20.42784963869652,119.03766585176984,1.0,1.0,252.40650406504065,0.0,6469.901342465753,100.0,6569.901342465753,True
SKU0034,CZ,0.98,0.75,1.0,1.0,0.99,439.0,22.758996590397732,121.36881280347106,1.0,1.0,252.40650406504065,0.0,6469.901342465753,100.0,6569.901342465753,True
SKU0034,CZ,0.98,1.0,1.0,1.0,0.75,585.0,9.659579675782219,108.26939588885554,0.9932523616734144,0.6666666666666666,278.8943089430894,1954.5,7148.859616438355,100.0,9203.359616438356,True
SKU0034,CZ,0.98,1.0,1.0,1.0,0.8,585.0,12.288750264295885,110.89856647736922,0.9932523616734144,0.6666666666666666,278.8943089430894,1954.5,7148.859616438355,100.0,9203.359616438356,True
SKU0034,CZ,0.98,1.0,1.0,1.0,0.85,585.0,13.738095188257674,112.347911401331,0.9932523616734144,0.6666666666666666,278.8943089430894,1954.5,7148.859616438355,100.0,9203.359616438356,True
SKU0034,CZ,0.98,1.0,1.0,1.0,0.9,585.0,16.60037714420578,115.21019335727911,0.9932523616734144,0.6666666666666666,278.8943089430894,1954.5,7148.859616438355,100.0,9203.359616438356,True
SKU0034,CZ,0.98,1.0,1.0,1.0,0.95,585.0,19.003518581211466,117.6133347942848,1.0,1.0,288.9756097560976,0.0,7407.272219178082,100.0,7507.272219178082,True
SKU0034,CZ,0.98,1.0,1.0,1.0,0.97,585.0,20.42784963869652,119.03766585176984,1.0,1.0,288.9756097560976,0.0,7407.272219178082,100.0,7507.272219178082,True
SKU0034,CZ,0.98,1.0,1.0,1.0,0.99,585.0,22.758996590397732,121.36881280347106,1.0,1.0,288.9756097560976,0.0,7407.272219178082,100.0,7507.272219178082,True
SKU0034,CZ,0.98,1.25,1.0,1.0,0.75,732.0,9.659579675782219,108.26939588885554,0.9932523616734144,0.5,353.2357723577236,1954.5,9054.444164383562,50.0,11058.944164383562,True
SKU0034,CZ,0.98,1.25,1.0,1.0,0.8,732.0,12.288750264295885,110.89856647736922,0.9932523616734144,0.5,353.2357723577236,1954.5,9054.444164383562,50.0,11058.944164383562,True
SKU0034,CZ,0.98,1.25,1.0,1.0,0.85,732.0,13.738095188257674,112.347911401331,0.9932523616734144,0.5,353.2357723577236,1954.5,9054.444164383562,50.0,11058.944164383562,True
SKU0034,CZ,0.98,1.25,1.0,1.0,0.9,732.0,16.60037714420578,115.21019335727911,0.9932523616734144,0.5,353.2357723577236,1954.5,9054.444164383562,50.0,11058.944164383562,True
SKU0034,CZ,0.98,1.25,1.0,1.0,0.95,732.0,19.003518581211466,117.6133347942848,1.0,1.0,355.0,0.0,9099.666369863015,50.0,9149.666369863015,True
SKU0034,CZ,0.98,1.25,1.0,1.0,0.97,732.0,20.42784963869652,119.03766585176984,1.0,1.0,355.0,0.0,9099.666369863015,50.0,9149.666369863015,True
SKU0034,CZ,0.98,1.25,1.0,1.0,0.99,732.0,22.758996590397732,121.36881280347106,1.0,1.0,355.0,0.0,9099.666369863015,50.0,9149.666369863015,True
SKU0034,CZ,0.98,1.5,1.0,1.0,0.75,878.0,9.659579675782219,108.26939588885554,0.9932523616734144,0.5,474.3089430894309,1954.5,12157.896164383561,50.0,14162.396164383561,True
SKU0034,CZ,0.98,1.5,1.0,1.0,0.8,878.0,12.288750264295885,110.89856647736922,0.9932523616734144,0.5,474.3089430894309,1954.5,12157.896164383561,50.0,14162.396164383561,True
SKU0034,CZ,0.98,1.5,1.0,1.0,0.85,878.0,13.738095188257674,112.347911401331,0.9932523616734144,0.5,474.3089430894309,1954.5,12157.896164383561,50.0,14162.396164383561,True
SKU0034,CZ,0.98,1.5,1.0,1.0,0.9,878.0,16.60037714420578,115.21019335727911,0.9932523616734144,0.5,474.3089430894309,1954.5,12157.896164383561,50.0,14162.396164383561,True
SKU0034,CZ,0.98,1.5,1.0,1.0,0.95,878.0,19.003518581211466,117.6133347942848,1.0,1.0,477.260162601626,0.0,12233.544369863013,50.0,12283.544369863013,True
SKU0034,CZ,0.98,1.5,1.0,1.0,0.97,878.0,20.42784963869652,119.03766585176984,1.0,1.0,477.260162601626,0.0,12233.544369863013,50.0,12283.544369863013,True
SKU0034,CZ,0.98,1.5,1.0,1.0,0.99,878.0,22.758996590397732,121.36881280347106,1.0,1.0,477.260162601626,0.0,12233.544369863013,50.0,12283.544369863013,True
SKU0037,AX,0.97,0.5,1.0,1.0,0.75,332.0,1.6957489373197276,96.57782966313957,1.0,1.0,167.08943089430895,0.0,9061.038958904111,350.0,9411.038958904111,True
SKU0037,AX,0.97,0.5,1.0,1.0,0.8,332.0,3.3717474448722964,98.25382817069215,1.0,1.0,167.08943089430895,0.0,9061.038958904111,350.0,9411.038958904111,True
SKU0037,AX,0.97,0.5,1.0,1.0,0.85,332.0,6.847566789185268,101.72964751500511,1.0,1.0,169.78861788617886,0.0,9207.412301369865,350.0,9557.412301369865,True
SKU0037,AX,0.97,0.5,1.0,1.0,0.9,332.0,8.165118307255483,103.04719903307533,1.0,1.0,169.78861788617886,0.0,9207.412301369865,350.0,9557.412301369865,True
SKU0037,AX,0.97,0.5,1.0,1.0,0.95,332.0,14.297853168842943,109.1799338946628,1.0,1.0,183.28455284552845,0.0,9939.27901369863,350.0,10289.27901369863,True
SKU0037,AX,0.97,0.5,1.0,1.0,0.97,332.0,15.267105653408786,110.14918637922864,1.0,1.0,183.28455284552845,0.0,9939.27901369863,350.0,10289.27901369863,True
SKU0037,AX,0.97,0.5,1.0,1.0,0.99,332.0,17.294310569325873,112.17639129514572,1.0,1.0,183.28455284552845,0.0,9939.27901369863,350.0,10289.27901369863,True
SKU0037,AX,0.97,0.75,1.0,1.0,0.75,498.0,1.6957489373197276,96.57782966313957,1.0,1.0,249.41463414634146,0.0,13525.42590410959,250.0,13775.42590410959,True
SKU0037,AX,0.97,0.75,1.0,1.0,0.8,498.0,3.3717474448722964,98.25382817069215,1.0,1.0,249.41463414634146,0.0,13525.42590410959,250.0,13775.42590410959,True
SKU0037,AX,0.97,0.75,1.0,1.0,0.85,498.0,6.847566789185268,101.72964751500511,1.0,1.0,249.41463414634146,0.0,13525.42590410959,250.0,13775.42590410959,True
SKU0037,AX,0.97,0.75,1.0,1.0,0.9,498.0,8.165118307255483,103.04719903307533,1.0,1.0,249.41463414634146,0.0,13525.42590410959,250.0,13775.42590410959,True
SKU0037,AX,0.97,0.75,1.0,1.0,0.95,498.0,14.297853168842943,109.1799338946628,1.0,1.0,253.46341463414635,0.0,13744.98591780822,250.0,13994.98591780822,True
SKU0037,AX,0.97,0.75,1.0,1.0,0.97,498.0,15.267105653408786,110.14918637922864,1.0,1.0,257.5121951219512,0.0,13964.54593150685,250.0,14214.54593150685,True
SKU0037,AX,0.97,0.75,1.0,1.0,0.99,498.0,17.294310569325873,112.17639129514572,1.0,1.0,257.5121951219512,0.0,13964.54593150685,250.0,14214.54593150685,True
SKU0037,AX,0.97,1.0,1.0,1.0,0.75,664.0,1.6957489373197276,96.57782966313957,1.0,1.0,307.4471544715447,0.0,16672.45276712329,200.0,16872.45276712329,True
SKU0037,AX,0.97,1.0,1.0,1.0,0.8,664.0,3.3717474448722964,98.25382817069215,1.0,1.0,307.4471544715447,0.0,16672.45276712329,200.0,16872.45276712329,True
SKU0037,AX,0.97,1.0,1.0,1.0,0.85,664.0,6.847566789185268,101.72964751500511,1.0,1.0,312.8455284552846,0.0,16965.199452054796,200.0,17165.199452054796,True
SKU0037,AX,0.97,1.0,1.0,1.0,0.9,664.0,8.165118307255483,103.04719903307533,1.0,1.0,312.8455284552846,0.0,16965.199452054796,200.0,17165.199452054796,True
SKU0037,AX,0.97,1.0,1.0,1.0,0.95,664.0,14.297853168842943,109.1799338946628,1.0,1.0,323.6422764227642,0.0,17550.692821917808,200.0,17750.692821917808,True
SKU0037,AX,0.97,1.0,1.0,1.0,0.97,664.0,15.267105653408786,110.14918637922864,1.0,1.0,323.6422764227642,0.0,17550.692821917808,200.0,17750.692821917808,True
SKU0037,AX,0.97,1.0,1.0,1.0,0.99,664.0,17.294310569325873,112.17639129514572,1.0,1.0,323.6422764227642,0.0,17550.692821917808,200.0,17750.692821917808,True
SKU0037,AX,0.97,1.25,1.0,1.0,0.75,830.0,1.6957489373197276,96.57782966313957,0.9995475113122172,0.75,429.5040650406504,953.1699999999998,23291.43767808219,150.0,24394.60767808219,True
SKU0037,AX,0.97,1.25,1.0,1.0,0.8,830.0,3.3717474448722964,98.25382817069215,1.0,1.0,435.6585365853659,0.0,23625.18653424658,150.0,23775.18653424658,True
SKU0037,AX,0.97,1.25,1.0,1.0,0.85,830.0,6.847566789185268,101.72964751500511,1.0,1.0,435.6585365853659,0.0,23625.18653424658,150.0,23775.18653424658,True
SKU0037,AX,0.97,1.25,1.0,1.0,0.9,830.0,8.165118307255483,103.04719903307533,1.0,1.0,435.6585365853659,0.0,23625.18653424658,150.0,23775.18653424658,True
SKU0037,AX,0.97,1.25,1.0,1.0,0.95,830.0,14.297853168842943,109.1799338946628,1.0,1.0,449.1544715447154,0.0,24357.053246575346,150.0,24507.053246575346,True
SKU0037,AX,0.97,1.25,1.0,1.0,0.97,830.0,15.267105653408786,110.14918637922864,1.0,1.0,449.1544715447154,0.0,24357.053246575346,150.0,24507.053246575346,True
SKU0037,AX,0.97,1.25,1.0,1.0,0.99,830.0,17.294310569325873,112.17639129514572,1.0,1.0,449.1544715447154,0.0,24357.053246575346,150.0,24507.053246575346,True
SKU0037,AX,0.97,1.5,1.0,1.0,0.75,996.0,1.6957489373197276,96.57782966313957,1.0,1.0,464.0,0.0,25162.10663013699,150.0,25312.10663013699,True
SKU0037,AX,0.97,1.5,1.0,1.0,0.8,996.0,3.3717474448722964,98.25382817069215,1.0,1.0,464.0,0.0,25162.10663013699,150.0,25312.10663013699,True
SKU0037,AX,0.97,1.5,1.0,1.0,0.85,996.0,6.847566789185268,101.72964751500511,1.0,1.0,464.0,0.0,25162.10663013699,150.0,25312.10663013699,True
SKU0037,AX,0.97,1.5,1.0,1.0,0.9,996.0,8.165118307255483,103.04719903307533,1.0,1.0,464.0,0.0,25162.10663013699,150.0,25312.10663013699,True
SKU0037,AX,0.97,1.5,1.0,1.0,0.95,996.0,14.297853168842943,109.1799338946628,1.0,1.0,472.0975609756098,0.0,25601.22665753425,150.0,25751.22665753425,True
SKU0037,AX,0.97,1.5,1.0,1.0,0.97,996.0,15.267105653408786,110.14918637922864,1.0,1.0,472.0975609756098,0.0,25601.22665753425,150.0,25751.22665753425,True
SKU0037,AX,0.97,1.5,1.0,1.0,0.99,996.0,17.294310569325873,112.17639129514572,1.0,1.0,472.0975609756098,0.0,25601.22665753425,150.0,25751.22665753425,True
SKU0040,BZ,0.98,0.5,1.0,1.0,0.75,294.0,0.0,47.167049460829126,0.970970970970971,0.5,144.5040650406504,16550.59,5330.617383561644,150.0,22031.207383561643,False
SKU0040,BZ,0.98,0.5,1.0,1.0,0.8,294.0,3.4877156717403706,50.654765132569494,0.978978978978979,0.75,143.8861788617886,11984.91,5307.824150684931,200.0,17492.73415068493,False
SKU0040,BZ,0.98,0.5,1.0,1.0,0.85,294.0,7.601949118374445,54.76899857920357,0.978978978978979,0.75,146.27642276422765,11984.91,5395.9979726027395,200.0,17580.90797260274,False
SKU0040,BZ,0.98,0.5,1.0,1.0,0.9,294.0,11.263219384038946,58.430268844868074,0.996996996996997,0.8,149.15447154471545,1712.13,5502.166452054795,200.0,7414.296452054795,True
SKU0040,BZ,0.98,0.5,1.0,1.0,0.95,294.0,19.62817194936801,66.79522141019714,0.996996996996997,0.8,158.71544715447155,1712.13,5854.861739726028,200.0,7766.991739726028,True
SKU0040,BZ,0.98,0.5,1.0,1.0,0.97,294.0,23.05380631158927,70.22085577241839,1.0,1.0,163.15447154471545,0.0,6018.613123287671,200.0,6218.613123287671,True
SKU0040,BZ,0.98,0.5,1.0,1.0,0.99,294.0,27.933209753742386,75.10025921457151,1.0,1.0,170.3252032520325,0.0,6283.134589041095,200.0,6483.134589041095,True
SKU0040,BZ,0.98,0.75,1.0,1.0,0.75,441.0,0.0,47.167049460829126,0.978978978978979,0.6666666666666666,209.6178861788618,11984.91,7732.604253424657,150.0,19867.514253424655,False
SKU0040,BZ,0.98,0.75,1.0,1.0,0.8,441.0,3.4877156717403706,50.654765132569494,0.978978978978979,0.6666666666666666,209.6178861788618,11984.91,7732.604253424657,150.0,19867.514253424655,False
SKU0040,BZ,0.98,0.75,1.0,1.0,0.85,441.0,7.601949118374445,54.76899857920357,0.978978978978979,0.6666666666666666,209.6178861788618,11984.91,7732.604253424657,150.0,19867.514253424655,False
SKU0040,BZ,0.98,0.75,1.0,1.0,0.9,441.0,11.263219384038946,58.430268844868074,0.996996996996997,0.75,214.8861788617886,1712.13,7926.94655479452,150.0,9789.07655479452,True
SKU0040,BZ,0.98,0.75,1.0,1.0,0.95,441.0,19.62817194936801,66.79522141019714,0.996996996996997,0.75,222.0569105691057,1712.13,8191.468020547945,150.0,10053.598020547946,True
SKU0040,BZ,0.98,0.75,1.0,1.0,0.97,441.0,23.05380631158927,70.22085577241839,1.0,1.0,230.08130081300814,0.0,8487.480136986302,150.0,8637.480136986302,True
SKU0040,BZ,0.98,0.75,1.0,1.0,0.99,441.0,27.933209753742386,75.10025921457151,1.0,1.0,233.66666666666666,0.0,8619.740869863013,150.0,8769.740869863013,True
SKU0040,BZ,0.98,1.0,1.0,1.0,0.75,588.0,0.0,47.167049460829126,0.978978978978979,0.6666666666666666,315.9837398373984,11984.91,11656.339328767124,100.0,23741.249328767124,False
SKU0040,BZ,0.98,1.0,1.0,1.0,0.8,588.0,3.4877156717403706,50.654765132569494,0.978978978978979,0.6666666666666666,315.9837398373984,11984.91,11656.339328767124,100.0,23741.249328767124,False
SKU0040,BZ,0.98,1.0,1.0,1.0,0.85,588.0,7.601949118374445,54.76899857920357,0.978978978978979,0.6666666666666666,320.7642276422764,11984.91,11832.68697260274,100.0,23917.59697260274,False
SKU0040,BZ,0.98,1.0,1.0,1.0,0.9,588.0,11.263219384038946,58.430268844868074,0.996996996996997,0.6666666666666666,323.6422764227642,1712.13,11938.855452054793,100.0,13750.985452054792,True
SKU0040,BZ,0.98,1.0,1.0,1.0,0.95,588.0,19.62817194936801,66.79522141019714,0.996996996996997,0.6666666666666666,333.2032520325203,1712.13,12291.550739726028,100.0,14103.680739726027,True
SKU0040,BZ,0.98,1.0,1.0,1.0,0.97,588.0,23.05380631158927,70.22085577241839,1.0,1.0,340.0325203252033,0.0,12543.475945205482,100.0,12643.475945205482,True
SKU0040,BZ,0.98,1.0,1.0,1.0,0.99,588.0,27.933209753742386,75.10025921457151,1.0,1.0,344.8130081300813,0.0,12719.823589041096,100.0,12819.823589041096,True
SKU0040,BZ,0.98,1.25,1.0,1.0,0.75,735.0,0.0,47.167049460829126,0.978978978978979,0.6666666666666666,357.8130081300813,11984.91,13199.381212328768,100.0,25284.291212328768,False
SKU0040,BZ,0.98,1.25,1.0,1.0,0.8,735.0,3.4877156717403706,50.654765132569494,0.978978978978979,0.6666666666666666,363.7886178861789,11984.91,13419.81576712329,100.0,25504.725767123287,False
SKU0040,BZ,0.98,1.25,1.0,1.0,0.85,735.0,7.601949118374445,54.76899857920357,0.978978978978979,0.6666666666666666,369.7642276422764,11984.91,13640.250321917809,100.0,25725.160321917807,False
SKU0040,BZ,0.98,1.25,1.0,1.0,0.9,735.0,11.263219384038946,58.430268844868074,0.996996996996997,0.6666666666666666,389.3739837398374,1712.13,14363.63555479452,100.0,16175.765554794521,True
SKU0040,BZ,0.98,1.25,1.0,1.0,0.95,735.0,19.62817194936801,66.79522141019714,0.996996996996997,0.6666666666666666,395.349593495935,1712.13,14584.070109589042,100.0,16396.20010958904,True
SKU0040,BZ,0.98,1.25,1.0,1.0,0.97,735.0,23.05380631158927,70.22085577241839,1.0,1.0,404.5691056910569,0.0,14924.169136986302,100.0,15024.169136986302,True
SKU0040,BZ,0.98,1.25,1.0,1.0,0.99,735.0,27.933209753742386,75.10025921457151,1.0,1.0,416.520325203252,0.0,15365.038246575343,100.0,15465.038246575343,True
SKU0040,BZ,0.98,1.5,1.0,1.0,0.75,882.0,0.0,47.167049460829126,0.978978978978979,0.5,363.7886178861789,11984.91,13419.81576712329,100.0,25504.725767123287,False
SKU0040,BZ,0.98,1.5,1.0,1.0,0.8,882.0,3.4877156717403706,50.654765132569494,0.978978978978979,0.5,363.7886178861789,11984.91,13419.81576712329,100.0,25504.725767123287,False
SKU0040,BZ,0.98,1.5,1.0,1.0,0.85,882.0,7.601949118374445,54.76899857920357,0.978978978978979,0.5,363.7886178861789,11984.91,13419.81576712329,100.0,25504.725767123287,False
SKU0040,BZ,0.98,1.5,1.0,1.0,0.9,882.0,11.263219384038946,58.430268844868074,0.996996996996997,0.6666666666666666,369.0569105691057,1712.13,13614.15806849315,100.0,15426.288068493152,True
SKU0040,BZ,0.98,1.5,1.0,1.0,0.95,882.0,19.62817194936801,66.79522141019714,0.996996996996997,0.6666666666666666,376.2276422764228,1712.13,13878.679534246576,100.0,15690.809534246575,True
SKU0040,BZ,0.98,1.5,1.0,1.0,0.97,882.0,23.05380631158927,70.22085577241839,1.0,1.0,387.8373983739837,0.0,14306.952383561642,100.0,14406.952383561642,True
SKU0040,BZ,0.98,1.5,1.0,1.0,0.99,882.0,27.933209753742386,75.10025921457151,1.0,1.0,395.0081300813008,0.0,14571.473849315069,100.0,14671.473849315069,True
SKU0042,AY,0.97,0.5,1.0,1.0,0.75,182.0,4.626431054167932,94.69345935979565,0.992018779342723,0.8333333333333334,107.17886178861788,7434.950000000001,4564.297719178082,550.0,12549.247719178082,True
SKU0042,AY,0.97,0.5,1.0,1.0,0.8,182.0,7.314846807962822,97.38187511359054,0.9990610328638497,0.9166666666666666,107.39837398373983,874.7,4573.6458219178085,550.0,5998.345821917808,True
SKU0042,AY,0.97,0.5,1.0,1.0,0.85,182.0,10.071805087376745,100.13883339300446,0.9990610328638497,0.9166666666666666,110.35772357723577,874.7,4699.672095890412,550.0,6124.372095890411,True
SKU0042,AY,0.97,0.5,1.0,1.0,0.9,182.0,13.593089271451007,103.66011757707872,0.9990610328638497,0.9166666666666666,110.35772357723577,874.7,4699.672095890412,550.0,6124.372095890411,True
SKU0042,AY,0.97,0.5,1.0,1.0,0.95,182.0,16.539145443264992,106.6061737488927,0.9990610328638497,0.9166666666666666,118.52032520325203,874.7,5047.28302739726,600.0,6521.98302739726,True
SKU0042,AY,0.97,0.5,1.0,1.0,0.97,182.0,19.618900134481088,109.6859284401088,1.0,1.0,121.78861788617886,0.0,5186.465890410958,600.0,5786.465890410958,True
SKU0042,AY,0.97,0.5,1.0,1.0,0.99,182.0,21.051392380964153,111.11842068659186,1.0,1.0,123.26829268292683,0.0,5249.47902739726,600.0,5849.47902739726,True
SKU0042,AY,0.97,0.75,1.0,1.0,0.75,273.0,4.626431054167932,94.69345935979565,0.9929577464788732,0.625,137.9512195121951,6560.25,5874.763232876712,400.0,12835.013232876712,True
SKU0042,AY,0.97,0.75,1.0,1.0,0.8,273.0,7.314846807962822,97.38187511359054,0.9929577464788732,0.625,137.9512195121951,6560.25,5874.763232876712,400.0,12835.013232876712,True
SKU0042,AY,0.97,0.75,1.0,1.0,0.85,273.0,10.071805087376745,100.13883339300446,0.9985915492957746,0.7777777777777778,143.2439024390244,1312.0500000000002,6100.156376712329,400.0,7812.206376712329,True
SKU0042,AY,0.97,0.75,1.0,1.0,0.9,273.0,13.593089271451007,103.66011757707872,0.9985915492957746,0.7777777777777778,147.6829268292683,1312.0500000000002,6289.195787671234,400.0,8001.245787671234,True
SKU0042,AY,0.97,0.75,1.0,1.0,0.95,273.0,16.539145443264992,106.6061737488927,0.9985915492957746,0.8888888888888888,154.390243902439,1312.0500000000002,6574.832260273972,400.0,8286.882260273971,True
SKU0042,AY,0.97,0.75,1.0,1.0,0.97,273.0,19.618900134481088,109.6859284401088,0.9985915492957746,0.8888888888888888,154.390243902439,1312.0500000000002,6574.832260273972,400.0,8286.882260273971,True
SKU0042,AY,0.97,0.75,1.0,1.0,0.99,273.0,21.051392380964153,111.11842068659186,0.9985915492957746,0.8888888888888888,154.390243902439,1312.0500000000002,6574.832260273972,400.0,8286.882260273971,True
SKU0042,AY,0.97,1.0,1.0,1.0,0.75,364.0,4.626431054167932,94.69345935979565,0.9990610328638497,0.8571428571428571,193.21951219512195,874.7,8228.407767123288,300.0,9403.107767123289,True
SKU0042,AY,0.97,1.0,1.0,1.0,0.8,364.0,7.314846807962822,97.38187511359054,0.9990610328638497,0.8571428571428571,193.21951219512195,874.7,8228.407767123288,300.0,9403.107767123289,True
SKU0042,AY,0.97,1.0,1.0,1.0,0.85,364.0,10.071805087376745,100.13883339300446,0.9990610328638497,0.8571428571428571,196.1788617886179,874.7,8354.43404109589,300.0,9529.134041095891,True
SKU0042,AY,0.97,1.0,1.0,1.0,0.9,364.0,13.593089271451007,103.66011757707872,0.9990610328638497,0.8571428571428571,196.1788617886179,874.7,8354.43404109589,300.0,9529.134041095891,True
SKU0042,AY,0.97,1.0,1.0,1.0,0.95,364.0,16.539145443264992,106.6061737488927,1.0,1.0,206.130081300813,0.0,8778.214698630138,300.0,9078.214698630138,True
SKU0042,AY,0.97,1.0,1.0,1.0,0.97,364.0,19.618900134481088,109.6859284401088,1.0,1.0,209.08943089430895,0.0,8904.24097260274,300.0,9204.24097260274,True
SKU0042,AY,0.97,1.0,1.0,1.0,0.99,364.0,21.051392380964153,111.11842068659186,1.0,1.0,212.0487804878049,0.0,9030.267246575344,300.0,9330.267246575344,True
SKU0042,AY,0.97,1.25,1.0,1.0,0.75,455.0,4.626431054167932,94.69345935979565,0.992018779342723,0.6666666666666666,229.9918699186992,7434.950000000001,9794.388089041096,250.0,17479.3380890411,True
SKU0042,AY,0.97,1.25,1.0,1.0,0.8,455.0,7.314846807962822,97.38187511359054,0.9967136150234742,0.6666666666666666,226.66666666666666,3061.4500000000003,9652.781643835617,250.0,12964.231643835617,True
SKU0042,AY,0.97,1.25,1.0,1.0,0.85,455.0,10.071805087376745,100.13883339300446,0.9985915492957746,0.6666666666666666,232.7642276422764,1312.0500000000002,9912.451164383561,250.0,11474.50116438356,True
SKU0042,AY,0.97,1.25,1.0,1.0,0.9,455.0,13.593089271451007,103.66011757707872,0.9985915492957746,0.6666666666666666,232.7642276422764,1312.0500000000002,9912.451164383561,250.0,11474.50116438356,True
SKU0042,AY,0.97,1.25,1.0,1.0,0.95,455.0,16.539145443264992,106.6061737488927,0.9990610328638497,0.8333333333333334,239.1138211382114,874.7,10182.853691780823,250.0,11307.553691780824,True
SKU0042,AY,0.97,1.25,1.0,1.0,0.97,455.0,19.618900134481088,109.6859284401088,1.0,1.0,245.34146341463415,0.0,10448.062828767124,250.0,10698.062828767124,True
SKU0042,AY,0.97,1.25,1.0,1.0,0.99,455.0,21.051392380964153,111.11842068659186,1.0,1.0,245.34146341463415,0.0,10448.062828767124,250.0,10698.062828767124,True
SKU0042,AY,0.97,1.5,1.0,1.0,0.75,546.0,4.626431054167932,94.69345935979565,0.9990610328638497,0.8,293.8373983739837,874.7,12513.30108219178,200.0,13588.00108219178,True
SKU0042,AY,0.97,1.5,1.0,1.0,0.8,546.0,7.314846807962822,97.38187511359054,0.9990610328638497,0.8,298.2764227642276,874.7,12702.340493150685,200.0,13777.040493150686,True
SKU0042,AY,0.97,1.5,1.0,1.0,0.85,546.0,10.071805087376745,100.13883339300446,0.9990610328638497,0.8,298.2764227642276,874.7,12702.340493150685,200.0,13777.040493150686,True
SKU0042,AY,0.97,1.5,1.0,1.0,0.9,546.0,13.593089271451007,103.66011757707872,0.9990610328638497,0.8,298.2764227642276,874.7,12702.340493150685,200.0,13777.040493150686,True
SKU0042,AY,0.97,1.5,1.0,1.0,0.95,546.0,16.539145443264992,106.6061737488927,1.0,1.0,309.7073170731707,0.0,13189.134287671232,200.0,13389.134287671232,True
SKU0042,AY,0.97,1.5,1.0,1.0,0.97,546.0,19.618900134481088,109.6859284401088,1.0,1.0,309.7073170731707,0.0,13189.134287671232,200.0,13389.134287671232,True
SKU0042,AY,0.97,1.5,1.0,1.0,0.99,546.0,21.051392380964153,111.11842068659186,1.0,1.0,309.7073170731707,0.0,13189.134287671232,200.0,13389.134287671232,True
SKU0043,CZ,0.98,0.5,1.0,1.0,0.75,223.0,2.5888061358237087,23.216087896128418,1.0,1.0,136.1788617886179,0.0,3276.116438356165,150.0,3426.116438356165,True
SKU0043,CZ,0.98,0.5,1.0,1.0,0.8,223.0,4.277382866419273,24.90466462672398,1.0,1.0,136.1788617886179,0.0,3276.116438356165,150.0,3426.116438356165,True
SKU0043,CZ,0.98,0.5,1.0,1.0,0.85,223.0,5.273076975109577,25.900358735414287,1.0,1.0,136.1788617886179,0.0,3276.116438356165,150.0,3426.116438356165,True
SKU0043,CZ,0.98,0.5,1.0,1.0,0.9,223.0,6.253033290033835,26.88031505033854,1.0,1.0,137.9918699186992,0.0,3319.732794520548,150.0,3469.732794520548,True
SKU0043,CZ,0.98,0.5,1.0,1.0,0.95,223.0,8.231900972755271,28.85918273305998,1.0,1.0,141.6178861788618,0.0,3406.9655068493153,150.0,3556.9655068493153,True
SKU0043,CZ,0.98,0.5,1.0,1.0,0.97,223.0,9.321434941068578,29.948716701373286,1.0,1.0,141.6178861788618,0.0,3406.9655068493153,150.0,3556.9655068493153,True
SKU0043,CZ,0.98,0.5,1.0,1.0,0.99,223.0,12.701451306702563,33.32873306700727,1.0,1.0,143.4308943089431,0.0,3450.581863013699,150.0,3600.581863013699,True
SKU0043,CZ,0.98,0.75,1.0,1.0,0.75,334.0,2.5888061358237087,23.216087896128418,1.0,1.0,183.78048780487805,0.0,4421.290273972603,100.0,4521.290273972603,True
SKU0043,CZ,0.98,0.75,1.0,1.0,0.8,334.0,4.277382866419273,24.90466462672398,1.0,1.0,183.78048780487805,0.0,4421.290273972603,100.0,4521.290273972603,True
SKU0043,CZ,0.98,0.75,1.0,1.0,0.85,334.0,5.273076975109577,25.900358735414287,1.0,1.0,186.4959349593496,0.0,4486.61701369863,100.0,4586.61701369863,True
SKU0043,CZ,0.98,0.75,1.0,1.0,0.9,334.0,6.253033290033835,26.88031505033854,1.0,1.0,186.4959349593496,0.0,4486.61701369863,100.0,4586.61701369863,True
SKU0043,CZ,0.98,0.75,1.0,1.0,0.95,334.0,8.231900972755271,28.85918273305998,1.0,1.0,189.21138211382114,0.0,4551.943753424658,100.0,4651.943753424658,True
SKU0043,CZ,0.98,0.75,1.0,1.0,0.97,334.0,9.321434941068578,29.948716701373286,1.0,1.0,189.21138211382114,0.0,4551.943753424658,100.0,4651.943753424658,True
SKU0043,CZ,0.98,0.75,1.0,1.0,0.99,334.0,12.701451306702563,33.32873306700727,1.0,1.0,191.9268292682927,0.0,4617.270493150685,100.0,4717.270493150685,True
SKU0043,CZ,0.98,1.0,1.0,1.0,0.75,445.0,2.5888061358237087,23.216087896128418,1.0,1.0,209.78861788617886,0.0,5046.979616438356,100.0,5146.979616438356,True
SKU0043,CZ,0.98,1.0,1.0,1.0,0.8,445.0,4.277382866419273,24.90466462672398,1.0,1.0,209.78861788617886,0.0,5046.979616438356,100.0,5146.979616438356,True
SKU0043,CZ,0.98,1.0,1.0,1.0,0.85,445.0,5.273076975109577,25.900358735414287,1.0,1.0,209.78861788617886,0.0,5046.979616438356,100.0,5146.979616438356,True
SKU0043,CZ,0.98,1.0,1.0,1.0,0.9,445.0,6.253033290033835,26.88031505033854,1.0,1.0,209.78861788617886,0.0,5046.979616438356,100.0,5146.979616438356,True
SKU0043,CZ,0.98,1.0,1.0,1.0,0.95,445.0,8.231900972755271,28.85918273305998,1.0,1.0,213.40650406504065,0.0,5134.0167397260275,100.0,5234.0167397260275,True
SKU0043,CZ,0.98,1.0,1.0,1.0,0.97,445.0,9.321434941068578,29.948716701373286,1.0,1.0,213.40650406504065,0.0,5134.0167397260275,100.0,5234.0167397260275,True
SKU0043,CZ,0.98,1.0,1.0,1.0,0.99,445.0,12.701451306702563,33.32873306700727,1.0,1.0,217.02439024390245,0.0,5221.053863013699,100.0,5321.053863013699,True
SKU0043,CZ,0.98,1.25,1.0,1.0,0.75,557.0,2.5888061358237087,23.216087896128418,1.0,1.0,263.6585365853659,0.0,6342.952602739726,50.0,6392.952602739726,True
SKU0043,CZ,0.98,1.25,1.0,1.0,0.8,557.0,4.277382866419273,24.90466462672398,1.0,1.0,263.6585365853659,0.0,6342.952602739726,50.0,6392.952602739726,True
SKU0043,CZ,0.98,1.25,1.0,1.0,0.85,557.0,5.273076975109577,25.900358735414287,1.0,1.0,263.6585365853659,0.0,6342.952602739726,50.0,6392.952602739726,True
SKU0043,CZ,0.98,1.25,1.0,1.0,0.9,557.0,6.253033290033835,26.88031505033854,1.0,1.0,263.6585365853659,0.0,6342.952602739726,50.0,6392.952602739726,True
SKU0043,CZ,0.98,1.25,1.0,1.0,0.95,557.0,8.231900972755271,28.85918273305998,1.0,1.0,268.1869918699187,0.0,6451.895698630137,50.0,6501.895698630137,True
SKU0043,CZ,0.98,1.25,1.0,1.0,0.97,557.0,9.321434941068578,29.948716701373286,1.0,1.0,268.1869918699187,0.0,6451.895698630137,50.0,6501.895698630137,True
SKU0043,CZ,0.98,1.25,1.0,1.0,0.99,557.0,12.701451306702563,33.32873306700727,1.0,1.0,268.1869918699187,0.0,6451.895698630137,50.0,6501.895698630137,True
SKU0043,CZ,0.98,1.5,1.0,1.0,0.75,668.0,2.5888061358237087,23.216087896128418,1.0,1.0,338.5609756097561,0.0,8144.914438356165,50.0,8194.914438356165,True
SKU0043,CZ,0.98,1.5,1.0,1.0,0.8,668.0,4.277382866419273,24.90466462672398,1.0,1.0,338.5609756097561,0.0,8144.914438356165,50.0,8194.914438356165,True
SKU0043,CZ,0.98,1.5,1.0,1.0,0.85,668.0,5.273076975109577,25.900358735414287,1.0,1.0,338.5609756097561,0.0,8144.914438356165,50.0,8194.914438356165,True
SKU0043,CZ,0.98,1.5,1.0,1.0,0.9,668.0,6.253033290033835,26.88031505033854,1.0,1.0,338.5609756097561,0.0,8144.914438356165,50.0,8194.914438356165,True
SKU0043,CZ,0.98,1.5,1.0,1.0,0.95,668.0,8.231900972755271,28.85918273305998,1.0,1.0,343.9918699186992,0.0,8275.56791780822,50.0,8325.56791780822,True
SKU0043,CZ,0.98,1.5,1.0,1.0,0.97,668.0,9.321434941068578,29.948716701373286,1.0,1.0,343.9918699186992,0.0,8275.56791780822,50.0,8325.56791780822,True
SKU0043,CZ,0.98,1.5,1.0,1.0,0.99,668.0,12.701451306702563,33.32873306700727,1.0,1.0,343.9918699186992,0.0,8275.56791780822,50.0,8325.56791780822,True
SKU0045,CZ,0.98,0.5,1.0,1.0,0.75,269.0,3.494930575850042,37.85259650045885,1.0,1.0,209.91056910569105,0.0,13619.5225,100.0,13719.5225,True
SKU0045,CZ,0.98,0.5,1.0,1.0,0.8,269.0,5.502739098266626,39.86040502287543,1.0,1.0,212.09756097560975,0.0,13761.42,100.0,13861.42,True
SKU0045,CZ,0.98,0.5,1.0,1.0,0.85,269.0,8.464507247252433,42.822173171861245,1.0,1.0,212.09756097560975,0.0,13761.42,100.0,13861.42,True
SKU0045,CZ,0.98,0.5,1.0,1.0,0.9,269.0,11.663449108015556,46.021115032624365,1.0,1.0,212.09756097560975,0.0,13761.42,100.0,13861.42,True
SKU0045,CZ,0.98,0.5,1.0,1.0,0.95,269.0,15.45174863179566,49.80941455640447,1.0,1.0,214.28455284552845,0.0,13903.3175,100.0,14003.3175,True
SKU0045,CZ,0.98,0.5,1.0,1.0,0.97,269.0,15.991693924013106,50.349359848621916,1.0,1.0,214.28455284552845,0.0,13903.3175,100.0,14003.3175,True
SKU0045,CZ,0.98,0.5,1.0,1.0,0.99,269.0,19.30178357285563,53.659449497464436,1.0,1.0,218.65853658536585,0.0,14187.1125,100.0,14287.1125,True
SKU0045,CZ,0.98,0.75,1.0,1.0,0.75,404.0,3.494930575850042,37.85259650045885,1.0,1.0,266.9837398373984,0.0,17322.572500000002,50.0,17372.572500000002,True
SKU0045,CZ,0.98,0.75,1.0,1.0,0.8,404.0,5.502739098266626,39.86040502287543,1.0,1.0,270.2682926829268,0.0,17535.6825,50.0,17585.6825,True
SKU0045,CZ,0.98,0.75,1.0,1.0,0.85,404.0,8.464507247252433,42.822173171861245,1.0,1.0,270.2682926829268,0.0,17535.6825,50.0,17585.6825,True
SKU0045,CZ,0.98,0.75,1.0,1.0,0.9,404.0,11.663449108015556,46.021115032624365,1.0,1.0,270.2682926829268,0.0,17535.6825,50.0,17585.6825,True
SKU0045,CZ,0.98,0.75,1.0,1.0,0.95,404.0,15.45174863179566,49.80941455640447,1.0,1.0,273.5528455284553,0.0,17748.792500000003,50.0,17798.792500000003,True
SKU0045,CZ,0.98,0.75,1.0,1.0,0.97,404.0,15.991693924013106,50.349359848621916,1.0,1.0,273.5528455284553,0.0,17748.792500000003,50.0,17798.792500000003,True
SKU0045,CZ,0.98,0.75,1.0,1.0,0.99,404.0,19.30178357285563,53.659449497464436,1.0,1.0,273.5528455284553,0.0,17748.792500000003,50.0,17798.792500000003,True
SKU0045,CZ,0.98,1.0,1.0,1.0,0.75,538.0,3.494930575850042,37.85259650045885,1.0,1.0,323.6341463414634,0.0,20998.1925,50.0,21048.1925,True
SKU0045,CZ,0.98,1.0,1.0,1.0,0.8,538.0,5.502739098266626,39.86040502287543,1.0,1.0,328.0081300813008,0.0,21281.9875,50.0,21331.9875,True
SKU0045,CZ,0.98,1.0,1.0,1.0,0.85,538.0,8.464507247252433,42.822173171861245,1.0,1.0,328.0081300813008,0.0,21281.9875,50.0,21331.9875,True
SKU0045,CZ,0.98,1.0,1.0,1.0,0.9,538.0,11.663449108015556,46.021115032624365,1.0,1.0,328.0081300813008,0.0,21281.9875,50.0,21331.9875,True
SKU0045,CZ,0.98,1.0,1.0,1.0,0.95,538.0,15.45174863179566,49.80941455640447,1.0,1.0,332.3821138211382,0.0,21565.7825,50.0,21615.7825,True
SKU0045,CZ,0.98,1.0,1.0,1.0,0.97,538.0,15.991693924013106,50.349359848621916,1.0,1.0,332.3821138211382,0.0,21565.7825,50.0,21615.7825,True
SKU0045,CZ,0.98,1.0,1.0,1.0,0.99,538.0,19.30178357285563,53.659449497464436,1.0,1.0,332.3821138211382,0.0,21565.7825,50.0,21615.7825,True
SKU0045,CZ,0.98,1.25,1.0,1.0,0.75,673.0,3.494930575850042,37.85259650045885,1.0,1.0,380.7073170731707,0.0,24701.2425,50.0,24751.2425,True
SKU0045,CZ,0.98,1.25,1.0,1.0,0.8,673.0,5.502739098266626,39.86040502287543,1.0,1.0,386.1788617886179,0.0,25056.25,50.0,25106.25,True
SKU0045,CZ,0.98,1.25,1.0,1.0,0.85,673.0,8.464507247252433,42.822173171861245,1.0,1.0,386.1788617886179,0.0,25056.25,50.0,25106.25,True
SKU0045,CZ,0.98,1.25,1.0,1.0,0.9,673.0,11.663449108015556,46.021115032624365,1.0,1.0,386.1788617886179,0.0,25056.25,50.0,25106.25,True
SKU0045,CZ,0.98,1.25,1.0,1.0,0.95,673.0,15.45174863179566,49.80941455640447,1.0,1.0,391.650406504065,0.0,25411.2575,50.0,25461.2575,True
SKU0045,CZ,0.98,1.25,1.0,1.0,0.97,673.0,15.991693924013106,50.349359848621916,1.0,1.0,391.650406504065,0.0,25411.2575,50.0,25461.2575,True
SKU0045,CZ,0.98,1.25,1.0,1.0,0.99,673.0,19.30178357285563,53.659449497464436,1.0,1.0,391.650406504065,0.0,25411.2575,50.0,25461.2575,True
SKU0045,CZ,0.98,1.5,1.0,1.0,0.75,807.0,3.494930575850042,37.85259650045885,1.0,1.0,437.3577235772358,0.0,28376.862500000003,50.0,28426.862500000003,True
SKU0045,CZ,0.98,1.5,1.0,1.0,0.8,807.0,5.502739098266626,39.86040502287543,1.0,1.0,443.9186991869919,0.0,28802.555000000004,50.0,28852.555000000004,True
SKU0045,CZ,0.98,1.5,1.0,1.0,0.85,807.0,8.464507247252433,42.822173171861245,1.0,1.0,443.9186991869919,0.0,28802.555000000004,50.0,28852.555000000004,True
SKU0045,CZ,0.98,1.5,1.0,1.0,0.9,807.0,11.663449108015556,46.021115032624365,1.0,1.0,443.9186991869919,0.0,28802.555000000004,50.0,28852.555000000004,True
SKU0045,CZ,0.98,1.5,1.0,1.0,0.95,807.0,15.45174863179566,49.80941455640447,1.0,1.0,450.479674796748,0.0,29228.2475,50.0,29278.2475,True
SKU0045,CZ,0.98,1.5,1.0,1.0,0.97,807.0,15.991693924013106,50.349359848621916,1.0,1.0,450.479674796748,0.0,29228.2475,50.0,29278.2475,True
SKU0045,CZ,0.98,1.5,1.0,1.0,0.99,807.0,19.30178357285563,53.659449497464436,1.0,1.0,450.479674796748,0.0,29228.2475,50.0,29278.2475,True
SKU0046,AX,0.97,0.5,1.0,1.0,0.75,238.0,2.903731591912601,117.95848905010345,0.9947285187137586,0.8888888888888888,133.0487804878049,6217.0,9227.394041095891,400.0,15844.394041095891,True
SKU0046,AX,0.97,0.5,1.0,1.0,0.8,238.0,6.231403784656807,121.28616124284765,0.9947285187137586,0.8888888888888888,134.98373983739836,6217.0,9361.590178082191,400.0,15978.590178082191,True
SKU0046,AX,0.97,0.5,1.0,1.0,0.85,238.0,11.465677706532025,126.52043516472287,1.0,1.0,142.78861788617886,0.0,9902.885520547945,400.0,10302.885520547945,True
SKU0046,AX,0.97,0.5,1.0,1.0,0.9,238.0,17.092250184505854,132.1470076426967,1.0,1.0,150.52845528455285,0.0,10439.670068493151,400.0,10839.670068493151,True
SKU0046,AX,0.97,0.5,1.0,1.0,0.95,238.0,21.105383234262177,136.160140692453,1.0,1.0,152.46341463414635,0.0,10573.866205479453,400.0,10973.866205479453,True
SKU0046,AX,0.97,0.5,1.0,1.0,0.97,238.0,23.67495979591424,138.72971725410508,1.0,1.0,156.33333333333334,0.0,10842.258479452057,400.0,11242.258479452057,True
SKU0046,AX,0.97,0.5,1.0,1.0,0.99,238.0,33.3802410701631,148.43499852835396,1.0,1.0,166.0081300813008,0.0,11513.23916438356,400.0,11913.23916438356,True
SKU0046,AX,0.97,0.75,1.0,1.0,0.75,357.0,2.903731591912601,117.95848905010345,0.985239852398524,0.6666666666666666,180.70731707317074,17407.600000000002,12532.678726027398,250.0,30190.278726027398,True
SKU0046,AX,0.97,0.75,1.0,1.0,0.8,357.0,6.231403784656807,121.28616124284765,0.985239852398524,0.6666666666666666,180.70731707317074,17407.600000000002,12532.678726027398,250.0,30190.278726027398,True
SKU0046,AX,0.97,0.75,1.0,1.0,0.85,357.0,11.465677706532025,126.52043516472287,0.985239852398524,0.6666666666666666,183.609756097561,17407.600000000002,12733.972931506849,250.0,30391.572931506853,True
SKU0046,AX,0.97,0.75,1.0,1.0,0.9,357.0,17.092250184505854,132.1470076426967,0.9905113336847654,0.8333333333333334,187.6260162601626,11190.6,13012.514493150686,300.0,24503.114493150686,True
SKU0046,AX,0.97,0.75,1.0,1.0,0.95,357.0,21.105383234262177,136.160140692453,0.9947285187137586,0.8333333333333334,193.21138211382114,6217.0,13399.87897260274,300.0,19916.87897260274,True
SKU0046,AX,0.97,0.75,1.0,1.0,0.97,357.0,23.67495979591424,138.72971725410508,0.9947285187137586,0.8333333333333334,193.21138211382114,6217.0,13399.87897260274,300.0,19916.87897260274,True
SKU0046,AX,0.97,0.75,1.0,1.0,0.99,357.0,33.3802410701631,148.43499852835396,1.0,1.0,209.54471544715446,0.0,14532.65224657534,300.0,14832.65224657534,True
SKU0046,AX,0.97,1.0,1.0,1.0,0.75,476.0,2.903731591912601,117.95848905010345,0.9947285187137586,0.8,254.9512195121951,6217.0,17681.750671232876,200.0,24098.750671232876,True
SKU0046,AX,0.97,1.0,1.0,1.0,0.8,476.0,6.231403784656807,121.28616124284765,0.9947285187137586,0.8,254.9512195121951,6217.0,17681.750671232876,200.0,24098.750671232876,True
SKU0046,AX,0.97,1.0,1.0,1.0,0.85,476.0,11.465677706532025,126.52043516472287,1.0,1.0,264.6910569105691,0.0,18357.24215068493,200.0,18557.24215068493,True
SKU0046,AX,0.97,1.0,1.0,1.0,0.9,476.0,17.092250184505854,132.1470076426967,1.0,1.0,276.3008130081301,0.0,19162.418972602743,200.0,19362.418972602743,True
SKU0046,AX,0.97,1.0,1.0,1.0,0.95,476.0,21.105383234262177,136.160140692453,1.0,1.0,276.3008130081301,0.0,19162.418972602743,200.0,19362.418972602743,True
SKU0046,AX,0.97,1.0,1.0,1.0,0.97,476.0,23.67495979591424,138.72971725410508,1.0,1.0,280.1707317073171,0.0,19430.811246575344,200.0,19630.811246575344,True
SKU0046,AX,0.97,1.0,1.0,1.0,0.99,476.0,33.3802410701631,148.43499852835396,1.0,1.0,291.780487804878,0.0,20235.98806849315,200.0,20435.98806849315,True
SKU0046,AX,0.97,1.25,1.0,1.0,0.75,595.0,2.903731591912601,117.95848905010345,1.0,1.0,313.0650406504065,0.0,21712.145575342467,200.0,21912.145575342467,True
SKU0046,AX,0.97,1.25,1.0,1.0,0.8,595.0,6.231403784656807,121.28616124284765,1.0,1.0,317.9024390243902,0.0,22047.63591780822,200.0,22247.63591780822,True
SKU0046,AX,0.97,1.25,1.0,1.0,0.85,595.0,11.465677706532025,126.52043516472287,1.0,1.0,317.9024390243902,0.0,22047.63591780822,200.0,22247.63591780822,True
SKU0046,AX,0.97,1.25,1.0,1.0,0.9,595.0,17.092250184505854,132.1470076426967,1.0,1.0,322.739837398374,0.0,22383.126260273977,200.0,22583.126260273977,True
SKU0046,AX,0.97,1.25,1.0,1.0,0.95,595.0,21.105383234262177,136.160140692453,1.0,1.0,322.739837398374,0.0,22383.126260273977,200.0,22583.126260273977,True
SKU0046,AX,0.97,1.25,1.0,1.0,0.97,595.0,23.67495979591424,138.72971725410508,1.0,1.0,327.5772357723577,0.0,22718.616602739727,200.0,22918.616602739727,True
SKU0046,AX,0.97,1.25,1.0,1.0,0.99,595.0,33.3802410701631,148.43499852835396,1.0,1.0,327.5772357723577,0.0,22718.616602739727,200.0,22918.616602739727,True
SKU0046,AX,0.97,1.5,1.0,1.0,0.75,714.0,2.903731591912601,117.95848905010345,0.9947285187137586,0.75,365.2439024390244,6217.0,25330.930479452058,150.0,31697.930479452058,True
SKU0046,AX,0.97,1.5,1.0,1.0,0.8,714.0,6.231403784656807,121.28616124284765,0.9947285187137586,0.75,365.2439024390244,6217.0,25330.930479452058,150.0,31697.930479452058,True
SKU0046,AX,0.97,1.5,1.0,1.0,0.85,714.0,11.465677706532025,126.52043516472287,1.0,1.0,374.9837398373984,0.0,26006.42195890411,150.0,26156.42195890411,True
SKU0046,AX,0.97,1.5,1.0,1.0,0.9,714.0,17.092250184505854,132.1470076426967,1.0,1.0,386.5934959349593,0.0,26811.598780821914,150.0,26961.598780821914,True
SKU0046,AX,0.97,1.5,1.0,1.0,0.95,714.0,21.105383234262177,136.160140692453,1.0,1.0,392.3983739837398,0.0,27214.187191780824,150.0,27364.187191780824,True
SKU0046,AX,0.97,1.5,1.0,1.0,0.97,714.0,23.67495979591424,138.72971725410508,1.0,1.0,392.3983739837398,0.0,27214.187191780824,150.0,27364.187191780824,True
SKU0046,AX,0.97,1.5,1.0,1.0,0.99,714.0,33.3802410701631,148.43499852835396,1.0,1.0,409.8130081300813,0.0,28421.95242465754,150.0,28571.95242465754,True
SKU0049,AY,0.97,0.5,1.0,1.0,0.75,291.0,0.7116365029410048,98.55948250990421,0.993734335839599,0.6666666666666666,148.78861788617886,6736.000000000002,9721.466130136985,300.0,16757.466130136985,True
SKU0049,AY,0.97,0.5,1.0,1.0,0.8,291.0,3.1305530603919953,100.9783990673552,0.9987468671679198,0.8333333333333334,151.1788617886179,1347.2000000000003,9877.638527397261,300.0,11524.838527397262,True
SKU0049,AY,0.97,0.5,1.0,1.0,0.85,291.0,4.796517208457693,102.6443632154209,0.9987468671679198,0.8333333333333334,151.1788617886179,1347.2000000000003,9877.638527397261,300.0,11524.838527397262,True
SKU0049,AY,0.97,0.5,1.0,1.0,0.9,291.0,6.3329815730787695,104.18082758004198,0.9987468671679198,0.8333333333333334,153.54471544715446,1347.2000000000003,10032.217328767123,300.0,11679.417328767124,True
SKU0049,AY,0.97,0.5,1.0,1.0,0.95,291.0,9.034878367613636,106.88272437457684,0.9987468671679198,0.8333333333333334,153.54471544715446,1347.2000000000003,10032.217328767123,300.0,11679.417328767124,True
SKU0049,AY,0.97,0.5,1.0,1.0,0.97,291.0,12.966331411490794,110.81417741845401,1.0,1.0,164.9512195121951,0.0,10777.489006849313,300.0,11077.489006849313,True
SKU0049,AY,0.97,0.5,1.0,1.0,0.99,291.0,15.700495048313583,113.5483410552768,1.0,1.0,167.3170731707317,0.0,10932.067808219177,300.0,11232.067808219177,True
SKU0049,AY,0.97,0.75,1.0,1.0,0.75,436.0,0.7116365029410048,98.55948250990421,0.9974937343358395,0.8,222.4390243902439,2694.4000000000005,14533.594520547944,200.0,17427.994520547945,True
SKU0049,AY,0.97,0.75,1.0,1.0,0.8,436.0,3.1305530603919953,100.9783990673552,1.0,1.0,227.739837398374,0.0,14879.93602739726,200.0,15079.93602739726,True
SKU0049,AY,0.97,0.75,1.0,1.0,0.85,436.0,4.796517208457693,102.6443632154209,1.0,1.0,231.28455284552845,0.0,15111.538630136985,200.0,15311.538630136985,True
SKU0049,AY,0.97,0.75,1.0,1.0,0.9,436.0,6.3329815730787695,104.18082758004198,1.0,1.0,231.28455284552845,0.0,15111.538630136985,200.0,15311.538630136985,True
SKU0049,AY,0.97,0.75,1.0,1.0,0.95,436.0,9.034878367613636,106.88272437457684,1.0,1.0,231.28455284552845,0.0,15111.538630136985,200.0,15311.538630136985,True
SKU0049,AY,0.97,0.75,1.0,1.0,0.97,436.0,12.966331411490794,110.81417741845401,1.0,1.0,245.46341463414635,0.0,16037.94904109589,200.0,16237.94904109589,True
SKU0049,AY,0.97,0.75,1.0,1.0,0.99,436.0,15.700495048313583,113.5483410552768,1.0,1.0,252.5528455284553,0.0,16501.15424657534,200.0,16701.15424657534,True
SKU0049,AY,0.97,1.0,1.0,1.0,0.75,581.0,0.7116365029410048,98.55948250990421,0.9974937343358395,0.75,303.6178861788618,2694.4000000000005,19837.612842465755,150.0,22682.012842465756,True
SKU0049,AY,0.97,1.0,1.0,1.0,0.8,581.0,3.1305530603919953,100.9783990673552,0.9974937343358395,0.75,303.6178861788618,2694.4000000000005,19837.612842465755,150.0,22682.012842465756,True
SKU0049,AY,0.97,1.0,1.0,1.0,0.85,581.0,4.796517208457693,102.6443632154209,0.9974937343358395,0.75,303.6178861788618,2694.4000000000005,19837.612842465755,150.0,22682.012842465756,True
SKU0049,AY,0.97,1.0,1.0,1.0,0.9,581.0,6.3329815730787695,104.18082758004198,0.9974937343358395,0.75,303.6178861788618,2694.4000000000005,19837.612842465755,150.0,22682.012842465756,True
SKU0049,AY,0.97,1.0,1.0,1.0,0.95,581.0,9.034878367613636,106.88272437457684,0.9974937343358395,0.75,303.6178861788618,2694.4000000000005,19837.612842465755,150.0,22682.012842465756,True
SKU0049,AY,0.97,1.0,1.0,1.0,0.97,581.0,12.966331411490794,110.81417741845401,1.0,1.0,312.219512195122,0.0,20399.620993150686,150.0,20549.620993150686,True
SKU0049,AY,0.97,1.0,1.0,1.0,0.99,581.0,15.700495048313583,113.5483410552768,1.0,1.0,316.9430894308943,0.0,20708.24739726027,150.0,20858.24739726027,True
SKU0049,AY,0.97,1.25,1.0,1.0,0.75,727.0,0.7116365029410048,98.55948250990421,1.0,1.0,347.5691056910569,0.0,22709.2726369863,150.0,22859.2726369863,True
SKU0049,AY,0.97,1.25,1.0,1.0,0.8,727.0,3.1305530603919953,100.9783990673552,1.0,1.0,347.5691056910569,0.0,22709.2726369863,150.0,22859.2726369863,True
SKU0049,AY,0.97,1.25,1.0,1.0,0.85,727.0,4.796517208457693,102.6443632154209,1.0,1.0,347.5691056910569,0.0,22709.2726369863,150.0,22859.2726369863,True
SKU0049,AY,0.97,1.25,1.0,1.0,0.9,727.0,6.3329815730787695,104.18082758004198,1.0,1.0,347.5691056910569,0.0,22709.2726369863,150.0,22859.2726369863,True
SKU0049,AY,0.97,1.25,1.0,1.0,0.95,727.0,9.034878367613636,106.88272437457684,1.0,1.0,347.5691056910569,0.0,22709.2726369863,150.0,22859.2726369863,True
SKU0049,AY,0.97,1.25,1.0,1.0,0.97,727.0,12.966331411490794,110.81417741845401,1.0,1.0,347.5691056910569,0.0,22709.2726369863,150.0,22859.2726369863,True
SKU0049,AY,0.97,1.25,1.0,1.0,0.99,727.0,15.700495048313583,113.5483410552768,1.0,1.0,353.479674796748,0.0,23095.45404109589,150.0,23245.45404109589,True
SKU0049,AY,0.97,1.5,1.0,1.0,0.75,872.0,0.7116365029410048,98.55948250990421,0.9974937343358395,0.6666666666666666,477.6585365853659,2694.4000000000005,31208.98191780822,100.0,34003.38191780822,True
SKU0049,AY,0.97,1.5,1.0,1.0,0.8,872.0,3.1305530603919953,100.9783990673552,1.0,1.0,482.9593495934959,0.0,31555.32342465753,100.0,31655.32342465753,True
SKU0049,AY,0.97,1.5,1.0,1.0,0.85,872.0,4.796517208457693,102.6443632154209,1.0,1.0,482.9593495934959,0.0,31555.32342465753,100.0,31655.32342465753,True
SKU0049,AY,0.97,1.5,1.0,1.0,0.9,872.0,6.3329815730787695,104.18082758004198,1.0,1.0,482.9593495934959,0.0,31555.32342465753,100.0,31655.32342465753,True
SKU0049,AY,0.97,1.5,1.0,1.0,0.95,872.0,9.034878367613636,106.88272437457684,1.0,1.0,482.9593495934959,0.0,31555.32342465753,100.0,31655.32342465753,True
SKU0049,AY,0.97,1.5,1.0,1.0,0.97,872.0,12.966331411490794,110.81417741845401,1.0,1.0,504.2276422764228,0.0,32944.939041095895,100.0,33044.939041095895,True
SKU0049,AY,0.97,1.5,1.0,1.0,0.99,872.0,15.700495048313583,113.5483410552768,1.0,1.0,511.3170731707317,0.0,33408.14424657534,100.0,33508.14424657534,True
SKU0050,AX,0.97,0.5,1.0,1.0,0.75,181.0,5.118026290308087,81.50473490462522,0.9892976588628762,0.8888888888888888,94.83739837398375,17535.999999999996,4810.37434931507,850.0,23196.374349315065,True
SKU0050,AX,0.97,0.5,1.0,1.0,0.8,181.0,7.562882969567667,83.94959158388481,0.9892976588628762,0.8888888888888888,97.78048780487805,17535.999999999996,4959.654719178083,850.0,23345.654719178077,True
SKU0050,AX,0.97,0.5,1.0,1.0,0.85,181.0,10.462038619424437,86.84874723374158,0.9899665551839465,0.9444444444444444,105.22764227642277,16439.999999999996,5337.391787671234,850.0,22627.39178767123,True
SKU0050,AX,0.97,0.5,1.0,1.0,0.9,181.0,11.791677463313402,88.17838607763055,0.9899665551839465,0.9444444444444444,105.22764227642277,16439.999999999996,5337.391787671234,850.0,22627.39178767123,True
SKU0050,AX,0.97,0.5,1.0,1.0,0.95,181.0,19.084878890701223,95.47158750501836,0.9899665551839465,0.9444444444444444,111.11382113821138,16439.999999999996,5635.95252739726,850.0,22925.952527397258,True
SKU0050,AX,0.97,0.5,1.0,1.0,0.97,181.0,20.651606263134852,97.038314877452,0.9899665551839465,0.9444444444444444,112.58536585365853,16439.999999999996,5710.592712328767,850.0,23000.592712328762,True
SKU0050,AX,0.97,0.5,1.0,1.0,0.99,181.0,23.524754889947044,99.91146350426419,0.9899665551839465,0.9444444444444444,114.0569105691057,16439.999999999996,5785.2328972602745,850.0,23075.23289726027,True
SKU0050,AX,0.97,0.75,1.0,1.0,0.75,272.0,5.118026290308087,81.50473490462522,0.9899665551839465,0.9166666666666666,142.27642276422765,16439.999999999996,7216.592465753425,550.0,24206.59246575342,True
SKU0050,AX,0.97,0.75,1.0,1.0,0.8,272.0,7.562882969567667,83.94959158388481,0.9899665551839465,0.9166666666666666,144.4878048780488,16439.999999999996,7328.758931506851,550.0,24318.758931506847,True
SKU0050,AX,0.97,0.75,1.0,1.0,0.85,272.0,10.462038619424437,86.84874723374158,0.9899665551839465,0.9166666666666666,148.91056910569105,16439.999999999996,7553.091863013699,550.0,24543.091863013695,True
SKU0050,AX,0.97,0.75,1.0,1.0,0.9,272.0,11.791677463313402,88.17838607763055,0.9899665551839465,0.9166666666666666,151.1219512195122,16439.999999999996,7665.258328767124,550.0,24655.258328767122,True
SKU0050,AX,0.97,0.75,1.0,1.0,0.95,272.0,19.084878890701223,95.47158750501836,0.9899665551839465,0.9166666666666666,155.54471544715446,16439.999999999996,7889.591260273973,550.0,24879.59126027397,True
SKU0050,AX,0.97,0.75,1.0,1.0,0.97,272.0,20.651606263134852,97.038314877452,0.9899665551839465,0.9166666666666666,155.54471544715446,16439.999999999996,7889.591260273973,550.0,24879.59126027397,True
SKU0050,AX,0.97,0.75,1.0,1.0,0.99,272.0,23.524754889947044,99.91146350426419,0.9899665551839465,0.9166666666666666,159.96747967479675,16439.999999999996,8113.924191780823,550.0,25103.924191780818,True
SKU0050,AX,0.97,1.0,1.0,1.0,0.75,362.0,5.118026290308087,81.50473490462522,0.9892976588628762,0.8,181.65853658536585,17535.999999999996,9214.145260273974,450.0,27200.14526027397,True
SKU0050,AX,0.97,1.0,1.0,1.0,0.8,362.0,7.562882969567667,83.94959158388481,0.9892976588628762,0.8,184.60162601626016,17535.999999999996,9363.425630136988,450.0,27349.425630136982,True
SKU0050,AX,0.97,1.0,1.0,1.0,0.85,362.0,10.462038619424437,86.84874723374158,0.9899665551839465,0.9,194.9918699186992,16439.999999999996,9890.443068493152,450.0,26780.44306849315,True
SKU0050,AX,0.97,1.0,1.0,1.0,0.9,362.0,11.791677463313402,88.17838607763055,0.9899665551839465,0.9,194.9918699186992,16439.999999999996,9890.443068493152,450.0,26780.44306849315,True
SKU0050,AX,0.97,1.0,1.0,1.0,0.95,362.0,19.084878890701223,95.47158750501836,0.9899665551839465,0.9,203.8211382113821,16439.999999999996,10338.284178082191,450.0,27228.284178082187,True
SKU0050,AX,0.97,1.0,1.0,1.0,0.97,362.0,20.651606263134852,97.038314877452,0.9899665551839465,0.9,203.8211382113821,16439.999999999996,10338.284178082191,450.0,27228.284178082187,True
SKU0050,AX,0.97,1.0,1.0,1.0,0.99,362.0,23.524754889947044,99.91146350426419,0.9899665551839465,0.9,206.7642276422764,16439.999999999996,10487.564547945207,450.0,27377.564547945203,True
SKU0050,AX,0.97,1.25,1.0,1.0,0.75,453.0,5.118026290308087,81.50473490462522,0.9899665551839465,0.875,248.53658536585365,16439.999999999996,12606.356095890413,350.0,29396.35609589041,True
SKU0050,AX,0.97,1.25,1.0,1.0,0.8,453.0,7.562882969567667,83.94959158388481,0.9899665551839465,0.875,248.53658536585365,16439.999999999996,12606.356095890413,350.0,29396.35609589041,True
SKU0050,AX,0.97,1.25,1.0,1.0,0.85,453.0,10.462038619424437,86.84874723374158,0.9899665551839465,0.875,248.53658536585365,16439.999999999996,12606.356095890413,350.0,29396.35609589041,True
SKU0050,AX,0.97,1.25,1.0,1.0,0.9,453.0,11.791677463313402,88.17838607763055,0.9899665551839465,0.875,248.53658536585365,16439.999999999996,12606.356095890413,350.0,29396.35609589041,True
SKU0050,AX,0.97,1.25,1.0,1.0,0.95,453.0,19.084878890701223,95.47158750501836,0.9899665551839465,0.875,248.53658536585365,16439.999999999996,12606.356095890413,350.0,29396.35609589041,True
SKU0050,AX,0.97,1.25,1.0,1.0,0.97,453.0,20.651606263134852,97.038314877452,0.9899665551839465,0.875,248.53658536585365,16439.999999999996,12606.356095890413,350.0,29396.35609589041,True
SKU0050,AX,0.97,1.25,1.0,1.0,0.99,453.0,23.524754889947044,99.91146350426419,0.9899665551839465,0.875,252.21951219512195,16439.999999999996,12793.162746575344,350.0,29583.16274657534,True
SKU0050,AX,0.97,1.5,1.0,1.0,0.75,543.0,5.118026290308087,81.50473490462522,0.9892976588628762,0.7142857142857143,286.1382113821138,17535.999999999996,14513.59839041096,300.0,32349.598390410956,True
SKU0050,AX,0.97,1.5,1.0,1.0,0.8,543.0,7.562882969567667,83.94959158388481,0.9892976588628762,0.7142857142857143,286.1382113821138,17535.999999999996,14513.59839041096,300.0,32349.598390410956,True
SKU0050,AX,0.97,1.5,1.0,1.0,0.85,543.0,10.462038619424437,86.84874723374158,0.9899665551839465,0.8571428571428571,293.5853658536585,16439.999999999996,14891.33545890411,300.0,31631.335458904105,True
SKU0050,AX,0.97,1.5,1.0,1.0,0.9,543.0,11.791677463313402,88.17838607763055,0.9899665551839465,0.8571428571428571,293.5853658536585,16439.999999999996,14891.33545890411,300.0,31631.335458904105,True
SKU0050,AX,0.97,1.5,1.0,1.0,0.95,543.0,19.084878890701223,95.47158750501836,0.9899665551839465,0.8571428571428571,298.0,16439.999999999996,15115.256013698632,300.0,31855.25601369863,True
SKU0050,AX,0.97,1.5,1.0,1.0,0.97,543.0,20.651606263134852,97.038314877452,0.9899665551839465,0.8571428571428571,302.4146341463415,16439.999999999996,15339.176568493152,300.0,32079.17656849315,True
SKU0050,AX,0.97,1.5,1.0,1.0,0.99,543.0,23.524754889947044,99.91146350426419,0.9899665551839465,0.8571428571428571,302.4146341463415,16439.999999999996,15339.176568493152,300.0,32079.17656849315,True
SKU0051,AY,0.97,0.5,1.0,1.0,0.75,258.0,1.551051192623281,360.3855103926618,0.937152209492635,0.8333333333333334,161.28455284552845,223107.84000000003,12545.22509589041,600.0,236253.06509589043,False
SKU0051,AY,0.97,0.5,1.0,1.0,0.8,258.0,7.1529909225598525,365.9874501225984,0.9433715220949264,0.9166666666666666,160.7560975609756,201029.46000000005,12504.120164383561,600.0,214133.5801643836,False
SKU0051,AY,0.97,0.5,1.0,1.0,0.85,258.0,17.568518176462348,376.40297737650087,0.9433715220949264,0.9166666666666666,169.14634146341464,201029.46000000005,13156.74,600.0,214786.20000000004,False
SKU0051,AY,0.97,0.5,1.0,1.0,0.9,258.0,22.78811203580788,381.6225712358464,0.9433715220949264,0.9166666666666666,173.34146341463415,201029.46000000005,13483.04991780822,600.0,215112.50991780826,False
SKU0051,AY,0.97,0.5,1.0,1.0,0.95,258.0,26.726517297912533,385.56097649795106,0.9433715220949264,0.9166666666666666,175.4390243902439,201029.46000000005,13646.204876712329,600.0,215275.66487671237,False
SKU0051,AY,0.97,0.5,1.0,1.0,0.97,258.0,31.90709232778019,390.74155152781873,0.9433715220949264,0.9166666666666666,177.53658536585365,201029.46000000005,13809.359835616437,600.0,215438.81983561648,False
SKU0051,AY,0.97,0.5,1.0,1.0,0.99,258.0,35.98507874793959,394.8195379479781,0.9433715220949264,0.9166666666666666,177.53658536585365,201029.46000000005,13809.359835616437,600.0,215438.81983561648,False
SKU0051,AY,0.97,0.75,1.0,1.0,0.75,387.0,1.551051192623281,360.3855103926618,0.9332242225859247,0.75,220.739837398374,237052.08000000005,17169.84608219178,400.0,254621.9260821918,False
SKU0051,AY,0.97,0.75,1.0,1.0,0.8,387.0,7.1529909225598525,365.9874501225984,0.9332242225859247,0.75,223.8861788617886,237052.08000000005,17414.578520547944,400.0,254866.658520548,False
SKU0051,AY,0.97,0.75,1.0,1.0,0.85,387.0,17.568518176462348,376.40297737650087,0.9332242225859247,0.75,230.1788617886179,237052.08000000005,17904.043397260273,400.0,255356.12339726032,False
SKU0051,AY,0.97,0.75,1.0,1.0,0.9,387.0,22.78811203580788,381.6225712358464,0.9423895253682488,0.75,231.8780487804878,204515.52000000005,18036.211561643835,400.0,222951.7315616439,False
SKU0051,AY,0.97,0.75,1.0,1.0,0.95,387.0,26.726517297912533,385.56097649795106,0.9423895253682488,0.75,231.8780487804878,204515.52000000005,18036.211561643835,400.0,222951.7315616439,False
SKU0051,AY,0.97,0.75,1.0,1.0,0.97,387.0,31.90709232778019,390.74155152781873,0.9423895253682488,0.75,235.02439024390245,204515.52000000005,18280.944,400.0,223196.46400000004,False
SKU0051,AY,0.97,0.75,1.0,1.0,0.99,387.0,35.98507874793959,394.8195379479781,0.9423895253682488,0.75,235.02439024390245,204515.52000000005,18280.944,400.0,223196.46400000004,False
SKU0051,AY,0.97,1.0,1.0,1.0,0.75,516.0,1.551051192623281,360.3855103926618,0.9433715220949264,0.8571428571428571,265.6341463414634,201029.46000000005,20661.86810958904,300.0,221991.32810958909,False
SKU0051,AY,0.97,1.0,1.0,1.0,0.8,516.0,7.1529909225598525,365.9874501225984,0.9433715220949264,0.8571428571428571,265.6341463414634,201029.46000000005,20661.86810958904,300.0,221991.32810958909,False
SKU0051,AY,0.97,1.0,1.0,1.0,0.85,516.0,17.568518176462348,376.40297737650087,0.9433715220949264,0.8571428571428571,274.0243902439024,201029.46000000005,21314.487945205477,300.0,222643.94794520552,False
SKU0051,AY,0.97,1.0,1.0,1.0,0.9,516.0,22.78811203580788,381.6225712358464,0.9433715220949264,0.8571428571428571,278.219512195122,201029.46000000005,21640.7978630137,300.0,222970.25786301374,False
SKU0051,AY,0.97,1.0,1.0,1.0,0.95,516.0,26.726517297912533,385.56097649795106,0.9433715220949264,0.8571428571428571,278.219512195122,201029.46000000005,21640.7978630137,300.0,222970.25786301374,False
SKU0051,AY,0.97,1.0,1.0,1.0,0.97,516.0,31.90709232778019,390.74155152781873,0.9433715220949264,0.8571428571428571,278.219512195122,201029.46000000005,21640.7978630137,300.0,222970.25786301374,False
SKU0051,AY,0.97,1.0,1.0,1.0,0.99,516.0,35.98507874793959,394.8195379479781,0.9433715220949264,0.8571428571428571,278.219512195122,201029.46000000005,21640.7978630137,300.0,222970.25786301374,False
SKU0051,AY,0.97,1.25,1.0,1.0,0.75,645.0,1.551051192623281,360.3855103926618,0.9332242225859247,0.6666666666666666,319.3252032520325,237052.08000000005,24838.129150684927,250.0,262140.20915068497,False
SKU0051,AY,0.97,1.25,1.0,1.0,0.8,645.0,7.1529909225598525,365.9874501225984,0.9332242225859247,0.6666666666666666,319.3252032520325,237052.08000000005,24838.129150684927,250.0,262140.20915068497,False
SKU0051,AY,0.97,1.25,1.0,1.0,0.85,645.0,17.568518176462348,376.40297737650087,0.9332242225859247,0.6666666666666666,335.0569105691057,237052.08000000005,26061.791342465753,250.0,263363.8713424658,False
SKU0051,AY,0.97,1.25,1.0,1.0,0.9,645.0,22.78811203580788,381.6225712358464,0.9423895253682488,0.6666666666666666,337.8048780487805,204515.52000000005,26275.53698630137,250.0,231041.0569863014,False
SKU0051,AY,0.97,1.25,1.0,1.0,0.95,645.0,26.726517297912533,385.56097649795106,0.9423895253682488,0.6666666666666666,337.8048780487805,204515.52000000005,26275.53698630137,250.0,231041.0569863014,False
SKU0051,AY,0.97,1.25,1.0,1.0,0.97,645.0,31.90709232778019,390.74155152781873,0.9423895253682488,0.6666666666666666,343.0487804878049,204515.52000000005,26683.424383561647,250.0,231448.9443835617,False
SKU0051,AY,0.97,1.25,1.0,1.0,0.99,645.0,35.98507874793959,394.8195379479781,0.9423895253682488,0.6666666666666666,343.0487804878049,204515.52000000005,26683.424383561647,250.0,231448.9443835617,False
SKU0051,AY,0.97,1.5,1.0,1.0,0.75,774.0,1.551051192623281,360.3855103926618,0.937152209492635,0.6,387.8211382113821,223107.84000000003,30165.960657534248,200.0,253473.80065753427,False
SKU0051,AY,0.97,1.5,1.0,1.0,0.8,774.0,7.1529909225598525,365.9874501225984,0.9433715220949264,0.8,391.4878048780488,201029.46000000005,30451.165643835615,200.0,231680.62564383566,False
SKU0051,AY,0.97,1.5,1.0,1.0,0.85,774.0,17.568518176462348,376.40297737650087,0.9433715220949264,0.8,397.780487804878,201029.46000000005,30940.630520547944,200.0,232170.090520548,False
SKU0051,AY,0.97,1.5,1.0,1.0,0.9,774.0,22.78811203580788,381.6225712358464,0.9433715220949264,0.8,404.0731707317073,201029.46000000005,31430.095397260273,200.0,232659.55539726032,False
SKU0051,AY,0.97,1.5,1.0,1.0,0.95,774.0,26.726517297912533,385.56097649795106,0.9433715220949264,0.8,410.3658536585366,201029.46000000005,31919.560273972606,200.0,233149.02027397265,False
SKU0051,AY,0.97,1.5,1.0,1.0,0.97,774.0,31.90709232778019,390.74155152781873,0.9433715220949264,0.8,410.3658536585366,201029.46000000005,31919.560273972606,200.0,233149.02027397265,False
SKU0051,AY,0.97,1.5,1.0,1.0,0.99,774.0,35.98507874793959,394.8195379479781,0.9433715220949264,0.8,410.3658536585366,201029.46000000005,31919.560273972606,200.0,233149.02027397265,False
SKU0052,AZ,0.98,0.5,1.0,1.0,0.75,321.0,0.0,92.53789405150513,1.0,1.0,258.8292682926829,0.0,25635.393863013698,100.0,25735.393863013698,True
SKU0052,AZ,0.98,0.5,1.0,1.0,0.8,321.0,0.0,92.53789405150513,1.0,1.0,258.8292682926829,0.0,25635.393863013698,100.0,25735.393863013698,True
SKU0052,AZ,0.98,0.5,1.0,1.0,0.85,321.0,0.0,92.53789405150513,1.0,1.0,258.8292682926829,0.0,25635.393863013698,100.0,25735.393863013698,True
SKU0052,AZ,0.98,0.5,1.0,1.0,0.9,321.0,1.147105835986543,93.68499988749167,1.0,1.0,258.8292682926829,0.0,25635.393863013698,100.0,25735.393863013698,True
SKU0052,AZ,0.98,0.5,1.0,1.0,0.95,321.0,3.596868475600942,96.13476252710608,1.0,1.0,261.4390243902439,0.0,25893.87361643836,100.0,25993.87361643836,True
SKU0052,AZ,0.98,0.5,1.0,1.0,0.97,321.0,5.783953732971089,98.32184778447622,1.0,1.0,261.4390243902439,0.0,25893.87361643836,100.0,25993.87361643836,True
SKU0052,AZ,0.98,0.5,1.0,1.0,0.99,321.0,7.461164816174877,99.99905886768,1.0,1.0,264.0487804878049,0.0,26152.35336986302,100.0,26252.35336986302,True
SKU0052,AZ,0.98,0.75,1.0,1.0,0.75,481.0,0.0,92.53789405150513,1.0,1.0,302.9674796747967,0.0,30007.003150684934,50.0,30057.003150684934,True
SKU0052,AZ,0.98,0.75,1.0,1.0,0.8,481.0,0.0,92.53789405150513,1.0,1.0,302.9674796747967,0.0,30007.003150684934,50.0,30057.003150684934,True
SKU0052,AZ,0.98,0.75,1.0,1.0,0.85,481.0,0.0,92.53789405150513,1.0,1.0,302.9674796747967,0.0,30007.003150684934,50.0,30057.003150684934,True
SKU0052,AZ,0.98,0.75,1.0,1.0,0.9,481.0,1.147105835986543,93.68499988749167,1.0,1.0,302.9674796747967,0.0,30007.003150684934,50.0,30057.003150684934,True
SKU0052,AZ,0.98,0.75,1.0,1.0,0.95,481.0,3.596868475600942,96.13476252710608,1.0,1.0,302.9674796747967,0.0,30007.003150684934,50.0,30057.003150684934,True
SKU0052,AZ,0.98,0.75,1.0,1.0,0.97,481.0,5.783953732971089,98.32184778447622,1.0,1.0,302.9674796747967,0.0,30007.003150684934,50.0,30057.003150684934,True
SKU0052,AZ,0.98,0.75,1.0,1.0,0.99,481.0,7.461164816174877,99.99905886768,1.0,1.0,306.8780487804878,0.0,30394.320164383567,50.0,30444.320164383567,True
SKU0052,AZ,0.98,1.0,1.0,1.0,0.75,641.0,0.0,92.53789405150513,1.0,1.0,375.8130081300813,0.0,37221.8897260274,50.0,37271.8897260274,True
SKU0052,AZ,0.98,1.0,1.0,1.0,0.8,641.0,0.0,92.53789405150513,1.0,1.0,375.8130081300813,0.0,37221.8897260274,50.0,37271.8897260274,True
SKU0052,AZ,0.98,1.0,1.0,1.0,0.85,641.0,0.0,92.53789405150513,1.0,1.0,375.8130081300813,0.0,37221.8897260274,50.0,37271.8897260274,True
SKU0052,AZ,0.98,1.0,1.0,1.0,0.9,641.0,1.147105835986543,93.68499988749167,1.0,1.0,375.8130081300813,0.0,37221.8897260274,50.0,37271.8897260274,True
SKU0052,AZ,0.98,1.0,1.0,1.0,0.95,641.0,3.596868475600942,96.13476252710608,1.0,1.0,375.8130081300813,0.0,37221.8897260274,50.0,37271.8897260274,True
SKU0052,AZ,0.98,1.0,1.0,1.0,0.97,641.0,5.783953732971089,98.32184778447622,1.0,1.0,375.8130081300813,0.0,37221.8897260274,50.0,37271.8897260274,True
SKU0052,AZ,0.98,1.0,1.0,1.0,0.99,641.0,7.461164816174877,99.99905886768,1.0,1.0,381.0243902439024,0.0,37738.044,50.0,37788.044,True
SKU0052,AZ,0.98,1.25,1.0,1.0,0.75,802.0,0.0,92.53789405150513,1.0,1.0,449.1138211382114,0.0,44481.869342465754,50.0,44531.869342465754,True
SKU0052,AZ,0.98,1.25,1.0,1.0,0.8,802.0,0.0,92.53789405150513,1.0,1.0,449.1138211382114,0.0,44481.869342465754,50.0,44531.869342465754,True
SKU0052,AZ,0.98,1.25,1.0,1.0,0.85,802.0,0.0,92.53789405150513,1.0,1.0,449.1138211382114,0.0,44481.869342465754,50.0,44531.869342465754,True
SKU0052,AZ,0.98,1.25,1.0,1.0,0.9,802.0,1.147105835986543,93.68499988749167,1.0,1.0,449.1138211382114,0.0,44481.869342465754,50.0,44531.869342465754,True
SKU0052,AZ,0.98,1.25,1.0,1.0,0.95,802.0,3.596868475600942,96.13476252710608,1.0,1.0,449.1138211382114,0.0,44481.869342465754,50.0,44531.869342465754,True
SKU0052,AZ,0.98,1.25,1.0,1.0,0.97,802.0,5.783953732971089,98.32184778447622,1.0,1.0,449.1138211382114,0.0,44481.869342465754,50.0,44531.869342465754,True
SKU0052,AZ,0.98,1.25,1.0,1.0,0.99,802.0,7.461164816174877,99.99905886768,1.0,1.0,455.6341463414634,0.0,45127.66610958904,50.0,45177.66610958904,True
SKU0052,AZ,0.98,1.5,1.0,1.0,0.75,962.0,0.0,92.53789405150513,1.0,1.0,521.959349593496,0.0,51696.75591780823,50.0,51746.75591780823,True
SKU0052,AZ,0.98,1.5,1.0,1.0,0.8,962.0,0.0,92.53789405150513,1.0,1.0,521.959349593496,0.0,51696.75591780823,50.0,51746.75591780823,True
SKU0052,AZ,0.98,1.5,1.0,1.0,0.85,962.0,0.0,92.53789405150513,1.0,1.0,521.959349593496,0.0,51696.75591780823,50.0,51746.75591780823,True
SKU0052,AZ,0.98,1.5,1.0,1.0,0.9,962.0,1.147105835986543,93.68499988749167,1.0,1.0,521.959349593496,0.0,51696.75591780823,50.0,51746.75591780823,True
SKU0052,AZ,0.98,1.5,1.0,1.0,0.95,962.0,3.596868475600942,96.13476252710608,1.0,1.0,521.959349593496,0.0,51696.75591780823,50.0,51746.75591780823,True
SKU0052,AZ,0.98,1.5,1.0,1.0,0.97,962.0,5.783953732971089,98.32184778447622,1.0,1.0,521.959349593496,0.0,51696.75591780823,50.0,51746.75591780823,True
SKU0052,AZ,0.98,1.5,1.0,1.0,0.99,962.0,7.461164816174877,99.99905886768,1.0,1.0,529.780487804878,0.0,52471.38994520548,50.0,52521.38994520548,True
SKU0053,BZ,0.98,0.5,1.0,1.0,0.75,307.0,0.0,99.42985888420296,1.0,1.0,183.0569105691057,0.0,13756.967561643834,100.0,13856.967561643834,True
SKU0053,BZ,0.98,0.5,1.0,1.0,0.8,307.0,0.0,99.42985888420296,1.0,1.0,183.0569105691057,0.0,13756.967561643834,100.0,13856.967561643834,True
SKU0053,BZ,0.98,0.5,1.0,1.0,0.85,307.0,1.9736212653197707,101.40348014952272,1.0,1.0,188.0487804878049,0.0,14132.113150684932,100.0,14232.113150684932,True
SKU0053,BZ,0.98,0.5,1.0,1.0,0.9,307.0,4.514777054916136,103.9446359391191,1.0,1.0,188.0487804878049,0.0,14132.113150684932,100.0,14232.113150684932,True
SKU0053,BZ,0.98,0.5,1.0,1.0,0.95,307.0,7.99566384906048,107.42552273326343,1.0,1.0,188.0487804878049,0.0,14132.113150684932,100.0,14232.113150684932,True
SKU0053,BZ,0.98,0.5,1.0,1.0,0.97,307.0,10.392798119333907,109.82265700353686,1.0,1.0,193.04065040650406,0.0,14507.258739726027,100.0,14607.258739726027,True
SKU0053,BZ,0.98,0.5,1.0,1.0,0.99,307.0,15.03529768951904,114.465156573722,1.0,1.0,195.53658536585365,0.0,14694.831534246574,100.0,14794.831534246574,True
SKU0053,BZ,0.98,0.75,1.0,1.0,0.75,461.0,0.0,99.42985888420296,1.0,1.0,214.59349593495935,0.0,16126.983424657534,100.0,16226.983424657534,True
SKU0053,BZ,0.98,0.75,1.0,1.0,0.8,461.0,0.0,99.42985888420296,1.0,1.0,214.59349593495935,0.0,16126.983424657534,100.0,16226.983424657534,True
SKU0053,BZ,0.98,0.75,1.0,1.0,0.85,461.0,1.9736212653197707,101.40348014952272,1.0,1.0,214.59349593495935,0.0,16126.983424657534,100.0,16226.983424657534,True
SKU0053,BZ,0.98,0.75,1.0,1.0,0.9,461.0,4.514777054916136,103.9446359391191,1.0,1.0,214.59349593495935,0.0,16126.983424657534,100.0,16226.983424657534,True
SKU0053,BZ,0.98,0.75,1.0,1.0,0.95,461.0,7.99566384906048,107.42552273326343,1.0,1.0,214.59349593495935,0.0,16126.983424657534,100.0,16226.983424657534,True
SKU0053,BZ,0.98,0.75,1.0,1.0,0.97,461.0,10.392798119333907,109.82265700353686,1.0,1.0,218.34146341463415,0.0,16408.64810958904,100.0,16508.64810958904,True
SKU0053,BZ,0.98,0.75,1.0,1.0,0.99,461.0,15.03529768951904,114.465156573722,1.0,1.0,218.34146341463415,0.0,16408.64810958904,100.0,16508.64810958904,True
SKU0053,BZ,0.98,1.0,1.0,1.0,0.75,614.0,0.0,99.42985888420296,1.0,1.0,317.8373983739837,0.0,23885.89846575342,50.0,23935.89846575342,True
SKU0053,BZ,0.98,1.0,1.0,1.0,0.8,614.0,0.0,99.42985888420296,1.0,1.0,317.8373983739837,0.0,23885.89846575342,50.0,23935.89846575342,True
SKU0053,BZ,0.98,1.0,1.0,1.0,0.85,614.0,1.9736212653197707,101.40348014952272,1.0,1.0,317.8373983739837,0.0,23885.89846575342,50.0,23935.89846575342,True
SKU0053,BZ,0.98,1.0,1.0,1.0,0.9,614.0,4.514777054916136,103.9446359391191,1.0,1.0,317.8373983739837,0.0,23885.89846575342,50.0,23935.89846575342,True
SKU0053,BZ,0.98,1.0,1.0,1.0,0.95,614.0,7.99566384906048,107.42552273326343,1.0,1.0,317.8373983739837,0.0,23885.89846575342,50.0,23935.89846575342,True
SKU0053,BZ,0.98,1.0,1.0,1.0,0.97,614.0,10.392798119333907,109.82265700353686,1.0,1.0,322.8292682926829,0.0,24261.04405479452,50.0,24311.04405479452,True
SKU0053,BZ,0.98,1.0,1.0,1.0,0.99,614.0,15.03529768951904,114.465156573722,1.0,1.0,322.8292682926829,0.0,24261.04405479452,50.0,24311.04405479452,True
SKU0053,BZ,0.98,1.25,1.0,1.0,0.75,768.0,0.0,99.42985888420296,1.0,1.0,421.7560975609756,0.0,31695.525369863015,50.0,31745.525369863015,True
SKU0053,BZ,0.98,1.25,1.0,1.0,0.8,768.0,0.0,99.42985888420296,1.0,1.0,421.7560975609756,0.0,31695.525369863015,50.0,31745.525369863015,True
SKU0053,BZ,0.98,1.25,1.0,1.0,0.85,768.0,1.9736212653197707,101.40348014952272,1.0,1.0,421.7560975609756,0.0,31695.525369863015,50.0,31745.525369863015,True
SKU0053,BZ,0.98,1.25,1.0,1.0,0.9,768.0,4.514777054916136,103.9446359391191,1.0,1.0,421.7560975609756,0.0,31695.525369863015,50.0,31745.525369863015,True
SKU0053,BZ,0.98,1.25,1.0,1.0,0.95,768.0,7.99566384906048,107.42552273326343,1.0,1.0,421.7560975609756,0.0,31695.525369863015,50.0,31745.525369863015,True
SKU0053,BZ,0.98,1.25,1.0,1.0,0.97,768.0,10.392798119333907,109.82265700353686,1.0,1.0,428.0,0.0,32164.76284931507,50.0,32214.76284931507,True
SKU0053,BZ,0.98,1.25,1.0,1.0,0.99,768.0,15.03529768951904,114.465156573722,1.0,1.0,428.0,0.0,32164.76284931507,50.0,32214.76284931507,True
SKU0053,BZ,0.98,1.5,1.0,1.0,0.75,921.0,0.0,99.42985888420296,1.0,1.0,525.0,0.0,39454.4404109589,50.0,39504.4404109589,True
SKU0053,BZ,0.98,1.5,1.0,1.0,0.8,921.0,0.0,99.42985888420296,1.0,1.0,525.0,0.0,39454.4404109589,50.0,39504.4404109589,True
SKU0053,BZ,0.98,1.5,1.0,1.0,0.85,921.0,1.9736212653197707,101.40348014952272,1.0,1.0,525.0,0.0,39454.4404109589,50.0,39504.4404109589,True
SKU0053,BZ,0.98,1.5,1.0,1.0,0.9,921.0,4.514777054916136,103.9446359391191,1.0,1.0,525.0,0.0,39454.4404109589,50.0,39504.4404109589,True
SKU0053,BZ,0.98,1.5,1.0,1.0,0.95,921.0,7.99566384906048,107.42552273326343,1.0,1.0,525.0,0.0,39454.4404109589,50.0,39504.4404109589,True
SKU0053,BZ,0.98,1.5,1.0,1.0,0.97,921.0,10.392798119333907,109.82265700353686,1.0,1.0,532.4878048780488,0.0,40017.15879452055,50.0,40067.15879452055,True
SKU0053,BZ,0.98,1.5,1.0,1.0,0.99,921.0,15.03529768951904,114.465156573722,1.0,1.0,532.4878048780488,0.0,40017.15879452055,50.0,40067.15879452055,True
SKU0054,CX,0.95,0.5,1.0,1.0,0.75,291.0,4.75,186.9451219512195,0.8866995073891626,0.8888888888888888,230.609756097561,40844.32,3455.672979452055,400.0,44699.99297945206,False
SKU0054,CX,0.95,0.5,1.0,1.0,0.8,291.0,6.0,188.1951219512195,0.8866995073891626,0.8888888888888888,230.609756097561,40844.32,3455.672979452055,400.0,44699.99297945206,False
SKU0054,CX,0.95,0.5,1.0,1.0,0.85,291.0,8.049999999999997,190.24512195121952,0.8866995073891626,0.8888888888888888,230.609756097561,40844.32,3455.672979452055,400.0,44699.99297945206,False
SKU0054,CX,0.95,0.5,1.0,1.0,0.9,291.0,11.0,193.1951219512195,0.8866995073891626,0.8888888888888888,230.609756097561,40844.32,3455.672979452055,400.0,44699.99297945206,False
SKU0054,CX,0.95,0.5,1.0,1.0,0.95,291.0,13.049999999999983,195.2451219512195,0.8866995073891626,0.8888888888888888,235.34146341463415,40844.32,3526.577321917808,400.0,44770.89732191781,False
SKU0054,CX,0.95,0.5,1.0,1.0,0.97,291.0,17.22,199.4151219512195,0.8866995073891626,0.8888888888888888,235.34146341463415,40844.32,3526.577321917808,400.0,44770.89732191781,False
SKU0054,CX,0.95,0.5,1.0,1.0,0.99,291.0,21.74000000000001,203.93512195121951,0.8866995073891626,0.8888888888888888,235.34146341463415,40844.32,3526.577321917808,400.0,44770.89732191781,False
SKU0054,CX,0.95,0.75,1.0,1.0,0.75,437.0,4.75,186.9451219512195,0.8866995073891626,0.8333333333333334,243.89430894308944,40844.32,3654.741184931507,250.0,44749.06118493151,False
SKU0054,CX,0.95,0.75,1.0,1.0,0.8,437.0,6.0,188.1951219512195,0.8866995073891626,0.8333333333333334,243.89430894308944,40844.32,3654.741184931507,250.0,44749.06118493151,False
SKU0054,CX,0.95,0.75,1.0,1.0,0.85,437.0,8.049999999999997,190.24512195121952,0.8866995073891626,0.8333333333333334,243.89430894308944,40844.32,3654.741184931507,250.0,44749.06118493151,False
SKU0054,CX,0.95,0.75,1.0,1.0,0.9,437.0,11.0,193.1951219512195,0.8866995073891626,0.8333333333333334,258.1056910569106,40844.32,3867.6978698630137,300.0,45012.01786986301,False
SKU0054,CX,0.95,0.75,1.0,1.0,0.95,437.0,13.049999999999983,195.2451219512195,0.8866995073891626,0.8333333333333334,258.1056910569106,40844.32,3867.6978698630137,300.0,45012.01786986301,False
SKU0054,CX,0.95,0.75,1.0,1.0,0.97,437.0,17.22,199.4151219512195,0.8866995073891626,0.8333333333333334,258.1056910569106,40844.32,3867.6978698630137,300.0,45012.01786986301,False
SKU0054,CX,0.95,0.75,1.0,1.0,0.99,437.0,21.74000000000001,203.93512195121951,0.8866995073891626,0.8333333333333334,258.1056910569106,40844.32,3867.6978698630137,300.0,45012.01786986301,False
SKU0054,CX,0.95,1.0,1.0,1.0,0.75,582.0,4.75,186.9451219512195,0.8866995073891626,0.8,367.8292682926829,40844.32,5511.898910958904,200.0,46556.2189109589,False
SKU0054,CX,0.95,1.0,1.0,1.0,0.8,582.0,6.0,188.1951219512195,0.8866995073891626,0.8,367.8292682926829,40844.32,5511.898910958904,200.0,46556.2189109589,False
SKU0054,CX,0.95,1.0,1.0,1.0,0.85,582.0,8.049999999999997,190.24512195121952,0.8866995073891626,0.8,367.8292682926829,40844.32,5511.898910958904,200.0,46556.2189109589,False
SKU0054,CX,0.95,1.0,1.0,1.0,0.9,582.0,11.0,193.1951219512195,0.8866995073891626,0.8,367.8292682926829,40844.32,5511.898910958904,200.0,46556.2189109589,False
SKU0054,CX,0.95,1.0,1.0,1.0,0.95,582.0,13.049999999999983,195.2451219512195,0.8866995073891626,0.8,377.2926829268293,40844.32,5653.7075958904115,200.0,46698.02759589041,False
SKU0054,CX,0.95,1.0,1.0,1.0,0.97,582.0,17.22,199.4151219512195,0.8866995073891626,0.8,377.2926829268293,40844.32,5653.7075958904115,200.0,46698.02759589041,False
SKU0054,CX,0.95,1.0,1.0,1.0,0.99,582.0,21.74000000000001,203.93512195121951,0.8866995073891626,0.8,377.2926829268293,40844.32,5653.7075958904115,200.0,46698.02759589041,False
SKU0054,CX,0.95,1.25,1.0,1.0,0.75,728.0,4.75,186.9451219512195,0.8866995073891626,0.75,463.4878048780488,40844.32,6945.336184931507,150.0,47939.656184931504,False
SKU0054,CX,0.95,1.25,1.0,1.0,0.8,728.0,6.0,188.1951219512195,0.8866995073891626,0.75,463.4878048780488,40844.32,6945.336184931507,150.0,47939.656184931504,False
SKU0054,CX,0.95,1.25,1.0,1.0,0.85,728.0,8.049999999999997,190.24512195121952,0.8866995073891626,0.75,463.4878048780488,40844.32,6945.336184931507,150.0,47939.656184931504,False
SKU0054,CX,0.95,1.25,1.0,1.0,0.9,728.0,11.0,193.1951219512195,0.8866995073891626,0.75,463.4878048780488,40844.32,6945.336184931507,200.0,47989.656184931504,False
SKU0054,CX,0.95,1.25,1.0,1.0,0.95,728.0,13.049999999999983,195.2451219512195,0.8866995073891626,0.75,463.4878048780488,40844.32,6945.336184931507,200.0,47989.656184931504,False
SKU0054,CX,0.95,1.25,1.0,1.0,0.97,728.0,17.22,199.4151219512195,0.8866995073891626,0.75,463.4878048780488,40844.32,6945.336184931507,200.0,47989.656184931504,False
SKU0054,CX,0.95,1.25,1.0,1.0,0.99,728.0,21.74000000000001,203.93512195121951,0.8866995073891626,0.75,463.4878048780488,40844.32,6945.336184931507,200.0,47989.656184931504,False
SKU0054,CX,0.95,1.5,1.0,1.0,0.75,873.0,4.75,186.9451219512195,0.8866995073891626,0.75,462.4634146341463,40844.32,6929.985760273972,150.0,47924.30576027397,False
SKU0054,CX,0.95,1.5,1.0,1.0,0.8,873.0,6.0,188.1951219512195,0.8866995073891626,0.75,462.4634146341463,40844.32,6929.985760273972,150.0,47924.30576027397,False
SKU0054,CX,0.95,1.5,1.0,1.0,0.85,873.0,8.049999999999997,190.24512195121952,0.8866995073891626,0.75,462.4634146341463,40844.32,6929.985760273972,150.0,47924.30576027397,False
SKU0054,CX,0.95,1.5,1.0,1.0,0.9,873.0,11.0,193.1951219512195,0.8866995073891626,0.75,462.4634146341463,40844.32,6929.985760273972,150.0,47924.30576027397,False
SKU0054,CX,0.95,1.5,1.0,1.0,0.95,873.0,13.049999999999983,195.2451219512195,0.8866995073891626,0.75,462.4634146341463,40844.32,6929.985760273972,150.0,47924.30576027397,False
SKU0054,CX,0.95,1.5,1.0,1.0,0.97,873.0,17.22,199.4151219512195,0.8866995073891626,0.75,462.4634146341463,40844.32,6929.985760273972,150.0,47924.30576027397,False
SKU0054,CX,0.95,1.5,1.0,1.0,0.99,873.0,21.74000000000001,203.93512195121951,0.8866995073891626,0.75,462.4634146341463,40844.32,6929.985760273972,150.0,47924.30576027397,False
SKU0055,AY,0.97,0.5,1.0,1.0,0.75,238.0,6.657900696898757,193.64773758369006,0.9167713567839196,0.8571428571428571,132.4227642276423,374755.05000000005,13337.194520547946,650.0,388742.244520548,False
SKU0055,AY,0.97,0.5,1.0,1.0,0.8,238.0,8.828737300090744,195.81857418688205,0.9167713567839196,0.8571428571428571,136.29268292682926,374755.05000000005,13726.960273972603,650.0,389132.01027397264,False
SKU0055,AY,0.97,0.5,1.0,1.0,0.85,238.0,15.42906249974797,202.41889938653927,0.9186557788944724,0.9285714285714286,145.77235772357724,366270.03,14681.722602739726,650.0,381601.7526027397,False
SKU0055,AY,0.97,0.5,1.0,1.0,0.9,238.0,20.998678220285896,207.9885151070772,0.9186557788944724,0.9285714285714286,149.64227642276424,366270.03,15071.488356164386,650.0,381991.5183561644,False
SKU0055,AY,0.97,0.5,1.0,1.0,0.95,238.0,24.292349621196255,211.28218650798755,0.9186557788944724,0.9285714285714286,151.5772357723577,366270.03,15266.371232876712,650.0,382186.40123287676,False
SKU0055,AY,0.97,0.5,1.0,1.0,0.97,238.0,24.928685553333896,211.9185224401252,0.9186557788944724,0.9285714285714286,151.5772357723577,366270.03,15266.371232876712,650.0,382186.40123287676,False
SKU0055,AY,0.97,0.5,1.0,1.0,0.99,238.0,28.292513652993964,215.28235053978526,0.9186557788944724,0.9285714285714286,157.3821138211382,366270.03,15851.019863013698,650.0,382771.04986301373,False
SKU0055,AY,0.97,0.75,1.0,1.0,0.75,357.0,6.657900696898757,193.64773758369006,0.9167713567839196,0.8,184.66666666666666,374755.05000000005,18599.03219178082,450.0,393804.08219178085,False
SKU0055,AY,0.97,0.75,1.0,1.0,0.8,357.0,8.828737300090744,195.81857418688205,0.9167713567839196,0.8,187.5691056910569,374755.05000000005,18891.356506849315,450.0,394096.40650684934,False
SKU0055,AY,0.97,0.75,1.0,1.0,0.85,357.0,15.42906249974797,202.41889938653927,0.9186557788944724,0.9,201.8861788617886,366270.03,20333.32602739726,450.0,387053.35602739727,False
SKU0055,AY,0.97,0.75,1.0,1.0,0.9,357.0,20.998678220285896,207.9885151070772,0.9186557788944724,0.9,204.78861788617886,366270.03,20625.650342465753,450.0,387345.68034246576,False
SKU0055,AY,0.97,0.75,1.0,1.0,0.95,357.0,24.292349621196255,211.28218650798755,0.9186557788944724,0.9,207.6910569105691,366270.03,20917.974657534247,450.0,387638.0046575343,False
SKU0055,AY,0.97,0.75,1.0,1.0,0.97,357.0,24.928685553333896,211.9185224401252,0.9186557788944724,0.9,207.6910569105691,366270.03,20917.974657534247,450.0,387638.0046575343,False
SKU0055,AY,0.97,0.75,1.0,1.0,0.99,357.0,28.292513652993964,215.28235053978526,0.9186557788944724,0.9,210.59349593495935,366270.03,21210.29897260274,450.0,387930.3289726028,False
SKU0055,AY,0.97,1.0,1.0,1.0,0.75,476.0,6.657900696898757,193.64773758369006,0.9167713567839196,0.75,233.04065040650406,374755.05000000005,23471.10410958904,350.0,398576.15410958906,False
SKU0055,AY,0.97,1.0,1.0,1.0,0.8,476.0,8.828737300090744,195.81857418688205,0.9167713567839196,0.75,233.04065040650406,374755.05000000005,23471.10410958904,350.0,398576.15410958906,False
SKU0055,AY,0.97,1.0,1.0,1.0,0.85,476.0,15.42906249974797,202.41889938653927,0.9186557788944724,0.875,244.45528455284554,366270.03,24620.749315068497,350.0,391240.7793150685,False
SKU0055,AY,0.97,1.0,1.0,1.0,0.9,476.0,20.998678220285896,207.9885151070772,0.9186557788944724,0.875,248.3252032520325,366270.03,25010.515068493147,350.0,391630.5450684932,False
SKU0055,AY,0.97,1.0,1.0,1.0,0.95,476.0,24.292349621196255,211.28218650798755,0.9186557788944724,0.875,248.3252032520325,366270.03,25010.515068493147,350.0,391630.5450684932,False
SKU0055,AY,0.97,1.0,1.0,1.0,0.97,476.0,24.928685553333896,211.9185224401252,0.9186557788944724,0.875,248.3252032520325,366270.03,25010.515068493147,350.0,391630.5450684932,False
SKU0055,AY,0.97,1.0,1.0,1.0,0.99,476.0,28.292513652993964,215.28235053978526,0.9186557788944724,0.875,256.0650406504065,366270.03,25790.046575342465,350.0,392410.0765753425,False
SKU0055,AY,0.97,1.25,1.0,1.0,0.75,595.0,6.657900696898757,193.64773758369006,0.9186557788944724,0.8333333333333334,295.7317073170732,366270.03,29785.145547945205,300.0,396355.17554794525,False
SKU0055,AY,0.97,1.25,1.0,1.0,0.8,595.0,8.828737300090744,195.81857418688205,0.9186557788944724,0.8333333333333334,295.7317073170732,366270.03,29785.145547945205,300.0,396355.17554794525,False
SKU0055,AY,0.97,1.25,1.0,1.0,0.85,595.0,15.42906249974797,202.41889938653927,0.9186557788944724,0.8333333333333334,295.7317073170732,366270.03,29785.145547945205,300.0,396355.17554794525,False
SKU0055,AY,0.97,1.25,1.0,1.0,0.9,595.0,20.998678220285896,207.9885151070772,0.9186557788944724,0.8333333333333334,310.2439024390244,366270.03,31246.767123287675,300.0,397816.7971232877,False
SKU0055,AY,0.97,1.25,1.0,1.0,0.95,595.0,24.292349621196255,211.28218650798755,0.9186557788944724,0.8333333333333334,310.2439024390244,366270.03,31246.767123287675,300.0,397816.7971232877,False
SKU0055,AY,0.97,1.25,1.0,1.0,0.97,595.0,24.928685553333896,211.9185224401252,0.9186557788944724,0.8333333333333334,310.2439024390244,366270.03,31246.767123287675,300.0,397816.7971232877,False
SKU0055,AY,0.97,1.25,1.0,1.0,0.99,595.0,28.292513652993964,215.28235053978526,0.9186557788944724,0.8333333333333334,319.9186991869919,366270.03,32221.181506849316,300.0,398791.21150684933,False
SKU0055,AY,0.97,1.5,1.0,1.0,0.75,714.0,6.657900696898757,193.64773758369006,0.9167713567839196,0.6666666666666666,347.2032520325203,374755.05000000005,34969.19383561644,250.0,409974.2438356165,False
SKU0055,AY,0.97,1.5,1.0,1.0,0.8,714.0,8.828737300090744,195.81857418688205,0.9167713567839196,0.6666666666666666,353.0081300813008,374755.05000000005,35553.84246575342,250.0,410558.8924657535,False
SKU0055,AY,0.97,1.5,1.0,1.0,0.85,714.0,15.42906249974797,202.41889938653927,0.9186557788944724,0.8333333333333334,370.2276422764228,366270.03,37288.136301369865,250.0,403808.1663013699,False
SKU0055,AY,0.97,1.5,1.0,1.0,0.9,714.0,20.998678220285896,207.9885151070772,0.9186557788944724,0.8333333333333334,370.2276422764228,366270.03,37288.136301369865,250.0,403808.1663013699,False
SKU0055,AY,0.97,1.5,1.0,1.0,0.95,714.0,24.292349621196255,211.28218650798755,0.9186557788944724,0.8333333333333334,370.2276422764228,366270.03,37288.136301369865,250.0,403808.1663013699,False
SKU0055,AY,0.97,1.5,1.0,1.0,0.97,714.0,24.928685553333896,211.9185224401252,0.9186557788944724,0.8333333333333334,370.2276422764228,366270.03,37288.136301369865,250.0,403808.1663013699,False
SKU0055,AY,0.97,1.5,1.0,1.0,0.99,714.0,28.292513652993964,215.28235053978526,0.9186557788944724,0.8333333333333334,376.0325203252033,366270.03,37872.78493150685,250.0,404392.8149315069,False
SKU0056,AY,0.97,0.5,1.0,1.0,0.75,380.0,0.0,252.29208808997288,1.0,1.0,241.98373983739836,0.0,9168.331315068493,250.0,9418.331315068493,True
SKU0056,AY,0.97,0.5,1.0,1.0,0.8,380.0,6.689952314319185,258.98204040429204,1.0,1.0,254.34146341463415,0.0,9636.543369863013,250.0,9886.543369863013,True
SKU0056,AY,0.97,0.5,1.0,1.0,0.85,380.0,11.8715375349547,264.1636256249276,1.0,1.0,257.4308943089431,0.0,9753.596383561644,250.0,10003.596383561644,True
SKU0056,AY,0.97,0.5,1.0,1.0,0.9,380.0,17.646976637214575,269.93906472718743,1.0,1.0,257.4308943089431,0.0,9753.596383561644,250.0,10003.596383561644,True
SKU0056,AY,0.97,0.5,1.0,1.0,0.95,380.0,24.521561893523916,276.8136499834968,1.0,1.0,266.6991869918699,0.0,10104.755424657535,250.0,10354.755424657535,True
SKU0056,AY,0.97,0.5,1.0,1.0,0.97,380.0,31.401064893368538,283.6931529833414,1.0,1.0,279.0569105691057,0.0,10572.967479452056,250.0,10822.967479452056,True
SKU0056,AY,0.97,0.5,1.0,1.0,0.99,380.0,33.64313801938712,285.93522610936,1.0,1.0,279.0569105691057,0.0,10572.967479452056,250.0,10822.967479452056,True
SKU0056,AY,0.97,0.75,1.0,1.0,0.75,570.0,0.0,252.29208808997288,1.0,1.0,331.5772357723577,0.0,12562.868712328767,150.0,12712.868712328767,True
SKU0056,AY,0.97,0.75,1.0,1.0,0.8,570.0,6.689952314319185,258.98204040429204,1.0,1.0,340.8455284552846,0.0,12914.02775342466,150.0,13064.02775342466,True
SKU0056,AY,0.97,0.75,1.0,1.0,0.85,570.0,11.8715375349547,264.1636256249276,1.0,1.0,340.8455284552846,0.0,12914.02775342466,150.0,13064.02775342466,True
SKU0056,AY,0.97,0.75,1.0,1.0,0.9,570.0,17.646976637214575,269.93906472718743,1.0,1.0,345.479674796748,0.0,13089.607273972604,150.0,13239.607273972604,True
SKU0056,AY,0.97,0.75,1.0,1.0,0.95,570.0,24.521561893523916,276.8136499834968,1.0,1.0,350.1138211382114,0.0,13265.186794520549,150.0,13415.186794520549,True
SKU0056,AY,0.97,0.75,1.0,1.0,0.97,570.0,31.401064893368538,283.6931529833414,1.0,1.0,354.7479674796748,0.0,13440.766315068495,150.0,13590.766315068495,True
SKU0056,AY,0.97,0.75,1.0,1.0,0.99,570.0,33.64313801938712,285.93522610936,1.0,1.0,354.7479674796748,0.0,13440.766315068495,150.0,13590.766315068495,True
SKU0056,AY,0.97,1.0,1.0,1.0,0.75,760.0,0.0,252.29208808997288,1.0,1.0,402.6341463414634,0.0,15255.08802739726,150.0,15405.08802739726,True
SKU0056,AY,0.97,1.0,1.0,1.0,0.8,760.0,6.689952314319185,258.98204040429204,1.0,1.0,414.9918699186992,0.0,15723.300082191781,150.0,15873.300082191781,True
SKU0056,AY,0.97,1.0,1.0,1.0,0.85,760.0,11.8715375349547,264.1636256249276,1.0,1.0,421.1707317073171,0.0,15957.406109589043,150.0,16107.406109589043,True
SKU0056,AY,0.97,1.0,1.0,1.0,0.9,760.0,17.646976637214575,269.93906472718743,1.0,1.0,421.1707317073171,0.0,15957.406109589043,150.0,16107.406109589043,True
SKU0056,AY,0.97,1.0,1.0,1.0,0.95,760.0,24.521561893523916,276.8136499834968,1.0,1.0,439.7073170731707,0.0,16659.724191780824,150.0,16809.724191780824,True
SKU0056,AY,0.97,1.0,1.0,1.0,0.97,760.0,31.401064893368538,283.6931529833414,1.0,1.0,439.7073170731707,0.0,16659.724191780824,150.0,16809.724191780824,True
SKU0056,AY,0.97,1.0,1.0,1.0,0.99,760.0,33.64313801938712,285.93522610936,1.0,1.0,439.7073170731707,0.0,16659.724191780824,150.0,16809.724191780824,True
SKU0056,AY,0.97,1.25,1.0,1.0,0.75,950.0,0.0,252.29208808997288,0.9937649880095923,0.6666666666666666,513.2357723577236,8759.66,19445.58591780822,100.0,28305.24591780822,True
SKU0056,AY,0.97,1.25,1.0,1.0,0.8,950.0,6.689952314319185,258.98204040429204,1.0,1.0,516.9430894308944,0.0,19586.049534246577,100.0,19686.049534246577,True
SKU0056,AY,0.97,1.25,1.0,1.0,0.85,950.0,11.8715375349547,264.1636256249276,1.0,1.0,532.390243902439,0.0,20171.314602739727,100.0,20271.314602739727,True
SKU0056,AY,0.97,1.25,1.0,1.0,0.9,950.0,17.646976637214575,269.93906472718743,1.0,1.0,532.390243902439,0.0,20171.314602739727,100.0,20271.314602739727,True
SKU0056,AY,0.97,1.25,1.0,1.0,0.95,950.0,24.521561893523916,276.8136499834968,1.0,1.0,555.560975609756,0.0,21049.21220547945,100.0,21149.21220547945,True
SKU0056,AY,0.97,1.25,1.0,1.0,0.97,950.0,31.401064893368538,283.6931529833414,1.0,1.0,555.560975609756,0.0,21049.21220547945,100.0,21149.21220547945,True
SKU0056,AY,0.97,1.25,1.0,1.0,0.99,950.0,33.64313801938712,285.93522610936,1.0,1.0,555.560975609756,0.0,21049.21220547945,100.0,21149.21220547945,True
SKU0056,AY,0.97,1.5,1.0,1.0,0.75,1140.0,0.0,252.29208808997288,1.0,1.0,609.6260162601626,0.0,23097.63994520548,100.0,23197.63994520548,True
SKU0056,AY,0.97,1.5,1.0,1.0,0.8,1140.0,6.689952314319185,258.98204040429204,1.0,1.0,628.1626016260162,0.0,23799.95802739726,100.0,23899.95802739726,True
SKU0056,AY,0.97,1.5,1.0,1.0,0.85,1140.0,11.8715375349547,264.1636256249276,1.0,1.0,628.1626016260162,0.0,23799.95802739726,100.0,23899.95802739726,True
SKU0056,AY,0.97,1.5,1.0,1.0,0.9,1140.0,17.646976637214575,269.93906472718743,1.0,1.0,628.1626016260162,0.0,23799.95802739726,100.0,23899.95802739726,True
SKU0056,AY,0.97,1.5,1.0,1.0,0.95,1140.0,24.521561893523916,276.8136499834968,1.0,1.0,637.430894308943,0.0,24151.11706849315,100.0,24251.11706849315,True
SKU0056,AY,0.97,1.5,1.0,1.0,0.97,1140.0,31.401064893368538,283.6931529833414,1.0,1.0,646.69918699187,0.0,24502.276109589042,100.0,24602.276109589042,True
SKU0056,AY,0.97,1.5,1.0,1.0,0.99,1140.0,33.64313801938712,285.93522610936,1.0,1.0,646.69918699187,0.0,24502.276109589042,100.0,24602.276109589042,True
SKU0057,AX,0.97,0.5,1.0,1.0,0.75,358.0,7.50069086981032,83.94902225464685,0.9954896907216495,0.875,219.71544715447155,22468.46,20845.71523972603,350.0,43664.17523972603,True
SKU0057,AX,0.97,0.5,1.0,1.0,0.8,358.0,8.903535470356786,85.35186685519332,1.0,1.0,221.14634146341464,0.0,20981.472719178084,350.0,21331.472719178084,True
SKU0057,AX,0.97,0.5,1.0,1.0,0.85,358.0,10.311496101461437,86.75982748629798,1.0,1.0,224.0569105691057,0.0,21257.615773972604,350.0,21607.615773972604,True
SKU0057,AX,0.97,0.5,1.0,1.0,0.9,358.0,11.725557311998955,88.17388869683549,1.0,1.0,224.0569105691057,0.0,21257.615773972604,350.0,21607.615773972604,True
SKU0057,AX,0.97,0.5,1.0,1.0,0.95,358.0,18.029802900682924,94.47813428551946,1.0,1.0,224.0569105691057,0.0,21257.615773972604,350.0,21607.615773972604,True
SKU0057,AX,0.97,0.5,1.0,1.0,0.97,358.0,20.968816835555394,97.41714822039194,1.0,1.0,226.96747967479675,0.0,21533.758828767124,350.0,21883.758828767124,True
SKU0057,AX,0.97,0.5,1.0,1.0,0.99,358.0,23.099934987409224,99.54826637224576,1.0,1.0,229.8780487804878,0.0,21809.901883561644,350.0,22159.901883561644,True
SKU0057,AX,0.97,0.75,1.0,1.0,0.75,537.0,7.50069086981032,83.94902225464685,0.9954896907216495,0.8333333333333334,302.6666666666667,22468.46,28715.792301369867,250.0,51434.25230136987,True
SKU0057,AX,0.97,0.75,1.0,1.0,0.8,537.0,8.903535470356786,85.35186685519332,1.0,1.0,305.5528455284553,0.0,28989.62130821918,250.0,29239.62130821918,True
SKU0057,AX,0.97,0.75,1.0,1.0,0.85,537.0,10.311496101461437,86.75982748629798,1.0,1.0,305.5528455284553,0.0,28989.62130821918,250.0,29239.62130821918,True
SKU0057,AX,0.97,0.75,1.0,1.0,0.9,537.0,11.725557311998955,88.17388869683549,1.0,1.0,305.5528455284553,0.0,28989.62130821918,250.0,29239.62130821918,True
SKU0057,AX,0.97,0.75,1.0,1.0,0.95,537.0,18.029802900682924,94.47813428551946,1.0,1.0,305.5528455284553,0.0,28989.62130821918,250.0,29239.62130821918,True
SKU0057,AX,0.97,0.75,1.0,1.0,0.97,537.0,20.968816835555394,97.41714822039194,1.0,1.0,309.9186991869919,0.0,29403.83589041096,250.0,29653.83589041096,True
SKU0057,AX,0.97,0.75,1.0,1.0,0.99,537.0,23.099934987409224,99.54826637224576,1.0,1.0,314.2845528455285,0.0,29818.050472602747,250.0,30068.050472602747,True
SKU0057,AX,0.97,1.0,1.0,1.0,0.75,716.0,7.50069086981032,83.94902225464685,0.9954896907216495,0.8,373.9756097560976,22468.46,35481.29714383562,200.0,58149.75714383562,True
SKU0057,AX,0.97,1.0,1.0,1.0,0.8,716.0,8.903535470356786,85.35186685519332,1.0,1.0,378.3170731707317,0.0,35893.19767808219,200.0,36093.19767808219,True
SKU0057,AX,0.97,1.0,1.0,1.0,0.85,716.0,10.311496101461437,86.75982748629798,1.0,1.0,384.1382113821138,0.0,36445.48378767123,200.0,36645.48378767123,True
SKU0057,AX,0.97,1.0,1.0,1.0,0.9,716.0,11.725557311998955,88.17388869683549,1.0,1.0,384.1382113821138,0.0,36445.48378767123,200.0,36645.48378767123,True
SKU0057,AX,0.97,1.0,1.0,1.0,0.95,716.0,18.029802900682924,94.47813428551946,1.0,1.0,384.1382113821138,0.0,36445.48378767123,200.0,36645.48378767123,True
SKU0057,AX,0.97,1.0,1.0,1.0,0.97,716.0,20.968816835555394,97.41714822039194,1.0,1.0,389.9593495934959,0.0,36997.769897260274,200.0,37197.769897260274,True
SKU0057,AX,0.97,1.0,1.0,1.0,0.99,716.0,23.099934987409224,99.54826637224576,1.0,1.0,395.780487804878,0.0,37550.056006849314,200.0,37750.056006849314,True
SKU0057,AX,0.97,1.25,1.0,1.0,0.75,895.0,7.50069086981032,83.94902225464685,1.0,1.0,451.0813008130081,0.0,42796.77404794521,150.0,42946.77404794521,True
SKU0057,AX,0.97,1.25,1.0,1.0,0.8,895.0,8.903535470356786,85.35186685519332,1.0,1.0,451.0813008130081,0.0,42796.77404794521,150.0,42946.77404794521,True
SKU0057,AX,0.97,1.25,1.0,1.0,0.85,895.0,10.311496101461437,86.75982748629798,1.0,1.0,451.0813008130081,0.0,42796.77404794521,150.0,42946.77404794521,True
SKU0057,AX,0.97,1.25,1.0,1.0,0.9,895.0,11.725557311998955,88.17388869683549,1.0,1.0,451.0813008130081,0.0,42796.77404794521,150.0,42946.77404794521,True
SKU0057,AX,0.97,1.25,1.0,1.0,0.95,895.0,18.029802900682924,94.47813428551946,1.0,1.0,451.0813008130081,0.0,42796.77404794521,150.0,42946.77404794521,True
SKU0057,AX,0.97,1.25,1.0,1.0,0.97,895.0,20.968816835555394,97.41714822039194,1.0,1.0,458.3577235772358,0.0,43487.13168493151,150.0,43637.13168493151,True
SKU0057,AX,0.97,1.25,1.0,1.0,0.99,895.0,23.099934987409224,99.54826637224576,1.0,1.0,465.6341463414634,0.0,44177.48932191781,150.0,44327.48932191781,True
SKU0057,AX,0.97,1.5,1.0,1.0,0.75,1074.0,7.50069086981032,83.94902225464685,0.9954896907216495,0.75,542.7886178861788,22468.46,51497.59432191781,150.0,74116.0543219178,True
SKU0057,AX,0.97,1.5,1.0,1.0,0.8,1074.0,8.903535470356786,85.35186685519332,1.0,1.0,550.040650406504,0.0,52185.6379109589,150.0,52335.6379109589,True
SKU0057,AX,0.97,1.5,1.0,1.0,0.85,1074.0,10.311496101461437,86.75982748629798,1.0,1.0,550.040650406504,0.0,52185.6379109589,150.0,52335.6379109589,True
SKU0057,AX,0.97,1.5,1.0,1.0,0.9,1074.0,11.725557311998955,88.17388869683549,1.0,1.0,550.040650406504,0.0,52185.6379109589,150.0,52335.6379109589,True
SKU0057,AX,0.97,1.5,1.0,1.0,0.95,1074.0,18.029802900682924,94.47813428551946,1.0,1.0,550.040650406504,0.0,52185.6379109589,150.0,52335.6379109589,True
SKU0057,AX,0.97,1.5,1.0,1.0,0.97,1074.0,20.968816835555394,97.41714822039194,1.0,1.0,550.040650406504,0.0,52185.6379109589,150.0,52335.6379109589,True
SKU0057,AX,0.97,1.5,1.0,1.0,0.99,1074.0,23.099934987409224,99.54826637224576,1.0,1.0,558.7723577235772,0.0,53014.06707534247,150.0,53164.06707534247,True
SKU0058,AY,0.97,0.5,1.0,1.0,0.75,199.0,3.81483954409733,48.78887359143462,0.9977246871444824,0.9,107.45528455284553,4574.320000000001,10063.749698630138,450.0,15088.069698630137,True
SKU0058,AY,0.97,0.5,1.0,1.0,0.8,199.0,4.882092479437496,49.85612652677479,0.9977246871444824,0.9,109.07317073170732,4574.320000000001,10215.273205479452,450.0,15239.593205479454,True
SKU0058,AY,0.97,0.5,1.0,1.0,0.85,199.0,6.736985590600664,51.71101963793795,1.0,1.0,114.00813008130082,0.0,10677.45797260274,450.0,11127.45797260274,True
SKU0058,AY,0.97,0.5,1.0,1.0,0.9,199.0,9.432234327559096,54.406268374896385,1.0,1.0,114.00813008130082,0.0,10677.45797260274,450.0,11127.45797260274,True
SKU0058,AY,0.97,0.5,1.0,1.0,0.95,199.0,11.791111758345934,56.765145805683225,1.0,1.0,114.00813008130082,0.0,10677.45797260274,450.0,11127.45797260274,True
SKU0058,AY,0.97,0.5,1.0,1.0,0.97,199.0,14.608057316440924,59.58209136377822,1.0,1.0,118.86178861788618,0.0,11132.028493150685,450.0,11582.028493150685,True
SKU0058,AY,0.97,0.5,1.0,1.0,0.99,199.0,21.218204992910454,66.19223904024774,1.0,1.0,123.71544715447155,0.0,11586.599013698631,450.0,12036.599013698631,True
SKU0058,AY,0.97,0.75,1.0,1.0,0.75,298.0,3.81483954409733,48.78887359143462,0.9840728100113766,0.7142857142857143,151.1788617886179,32020.240000000005,14158.691506849316,300.0,46478.93150684932,True
SKU0058,AY,0.97,0.75,1.0,1.0,0.8,298.0,4.882092479437496,49.85612652677479,0.9965870307167235,0.8571428571428571,156.6910569105691,6861.480000000001,14674.937424657535,300.0,21836.417424657535,True
SKU0058,AY,0.97,0.75,1.0,1.0,0.85,298.0,6.736985590600664,51.71101963793795,0.9965870307167235,0.8571428571428571,156.6910569105691,6861.480000000001,14674.937424657535,300.0,21836.417424657535,True
SKU0058,AY,0.97,0.75,1.0,1.0,0.9,298.0,9.432234327559096,54.406268374896385,0.9965870307167235,0.8571428571428571,159.1138211382114,6861.480000000001,14901.841972602742,300.0,22063.321972602746,True
SKU0058,AY,0.97,0.75,1.0,1.0,0.95,298.0,11.791111758345934,56.765145805683225,1.0,1.0,160.78861788617886,0.0,15058.695452054793,300.0,15358.695452054793,True
SKU0058,AY,0.97,0.75,1.0,1.0,0.97,298.0,14.608057316440924,59.58209136377822,1.0,1.0,165.6341463414634,0.0,15512.504547945207,300.0,15812.504547945207,True
SKU0058,AY,0.97,0.75,1.0,1.0,0.99,298.0,21.218204992910454,66.19223904024774,1.0,1.0,170.47967479674796,0.0,15966.313643835616,300.0,16266.313643835616,True
SKU0058,AY,0.97,1.0,1.0,1.0,0.75,397.0,3.81483954409733,48.78887359143462,0.997155858930603,0.8333333333333334,199.35772357723576,5717.900000000001,18670.89402739726,250.0,24638.79402739726,True
SKU0058,AY,0.97,1.0,1.0,1.0,0.8,397.0,4.882092479437496,49.85612652677479,1.0,1.0,205.09756097560975,0.0,19208.45983561644,250.0,19458.45983561644,True
SKU0058,AY,0.97,1.0,1.0,1.0,0.85,397.0,6.736985590600664,51.71101963793795,1.0,1.0,205.09756097560975,0.0,19208.45983561644,250.0,19458.45983561644,True
SKU0058,AY,0.97,1.0,1.0,1.0,0.9,397.0,9.432234327559096,54.406268374896385,1.0,1.0,205.09756097560975,0.0,19208.45983561644,250.0,19458.45983561644,True
SKU0058,AY,0.97,1.0,1.0,1.0,0.95,397.0,11.791111758345934,56.765145805683225,1.0,1.0,208.3252032520325,0.0,19510.745424657533,250.0,19760.745424657533,True
SKU0058,AY,0.97,1.0,1.0,1.0,0.97,397.0,14.608057316440924,59.58209136377822,1.0,1.0,208.3252032520325,0.0,19510.745424657533,250.0,19760.745424657533,True
SKU0058,AY,0.97,1.0,1.0,1.0,0.99,397.0,21.218204992910454,66.19223904024774,1.0,1.0,221.2357723577236,0.0,20719.887780821922,250.0,20969.887780821922,True
SKU0058,AY,0.97,1.25,1.0,1.0,0.75,497.0,3.81483954409733,48.78887359143462,1.0,1.0,265.739837398374,0.0,24887.926356164386,200.0,25087.926356164386,True
SKU0058,AY,0.97,1.25,1.0,1.0,0.8,497.0,4.882092479437496,49.85612652677479,1.0,1.0,269.780487804878,0.0,25266.354410958906,200.0,25466.354410958906,True
SKU0058,AY,0.97,1.25,1.0,1.0,0.85,497.0,6.736985590600664,51.71101963793795,1.0,1.0,269.780487804878,0.0,25266.354410958906,200.0,25466.354410958906,True
SKU0058,AY,0.97,1.25,1.0,1.0,0.9,497.0,9.432234327559096,54.406268374896385,1.0,1.0,273.8211382113821,0.0,25644.782465753422,200.0,25844.782465753422,True
SKU0058,AY,0.97,1.25,1.0,1.0,0.95,497.0,11.791111758345934,56.765145805683225,1.0,1.0,277.8617886178862,0.0,26023.210520547946,200.0,26223.210520547946,True
SKU0058,AY,0.97,1.25,1.0,1.0,0.97,497.0,14.608057316440924,59.58209136377822,1.0,1.0,277.8617886178862,0.0,26023.210520547946,200.0,26223.210520547946,True
SKU0058,AY,0.97,1.25,1.0,1.0,0.99,497.0,21.218204992910454,66.19223904024774,1.0,1.0,285.9430894308943,0.0,26780.06663013699,200.0,26980.06663013699,True
SKU0058,AY,0.97,1.5,1.0,1.0,0.75,596.0,3.81483954409733,48.78887359143462,1.0,1.0,306.1544715447154,0.0,28672.96832876712,150.0,28822.96832876712,True
SKU0058,AY,0.97,1.5,1.0,1.0,0.8,596.0,4.882092479437496,49.85612652677479,1.0,1.0,311.0,0.0,29126.77742465754,150.0,29276.77742465754,True
SKU0058,AY,0.97,1.5,1.0,1.0,0.85,596.0,6.736985590600664,51.71101963793795,1.0,1.0,311.0,0.0,29126.77742465754,150.0,29276.77742465754,True
SKU0058,AY,0.97,1.5,1.0,1.0,0.9,596.0,9.432234327559096,54.406268374896385,1.0,1.0,311.0,0.0,29126.77742465754,150.0,29276.77742465754,True
SKU0058,AY,0.97,1.5,1.0,1.0,0.95,596.0,11.791111758345934,56.765145805683225,1.0,1.0,311.0,0.0,29126.77742465754,150.0,29276.77742465754,True
SKU0058,AY,0.97,1.5,1.0,1.0,0.97,596.0,14.608057316440924,59.58209136377822,1.0,1.0,315.8455284552846,0.0,29580.58652054795,150.0,29730.58652054795,True
SKU0058,AY,0.97,1.5,1.0,1.0,0.99,596.0,21.218204992910454,66.19223904024774,1.0,1.0,320.6910569105691,0.0,30034.39561643836,150.0,30184.39561643836,True
SKU0059,CZ,0.98,0.5,1.0,1.0,0.75,202.0,0.0,20.430041583020024,1.0,1.0,152.71544715447155,0.0,354.7088219178083,100.0,454.7088219178083,True
SKU0059,CZ,0.98,0.5,1.0,1.0,0.8,202.0,1.3642928776649708,21.794334460684993,1.0,1.0,152.71544715447155,0.0,354.7088219178083,100.0,454.7088219178083,True
SKU0059,CZ,0.98,0.5,1.0,1.0,0.85,202.0,2.4353695036213923,22.865411086641416,1.0,1.0,152.71544715447155,0.0,354.7088219178083,100.0,454.7088219178083,True
SKU0059,CZ,0.98,0.5,1.0,1.0,0.9,202.0,3.513847842361699,23.943889425381723,1.0,1.0,154.35772357723576,0.0,358.523301369863,100.0,458.523301369863,True
SKU0059,CZ,0.98,0.5,1.0,1.0,0.95,202.0,5.706474466534095,26.136516049554118,1.0,1.0,156.0,0.0,362.3377808219178,100.0,462.3377808219178,True
SKU0059,CZ,0.98,0.5,1.0,1.0,0.97,202.0,7.824610351593341,28.254651934613364,1.0,1.0,157.64227642276424,0.0,366.1522602739726,100.0,466.1522602739726,True
SKU0059,CZ,0.98,0.5,1.0,1.0,0.99,202.0,14.230234422704491,34.66027600572451,1.0,1.0,162.5691056910569,0.0,377.595698630137,100.0,477.595698630137,True
SKU0059,CZ,0.98,0.75,1.0,1.0,0.75,303.0,0.0,20.430041583020024,1.0,1.0,168.3170731707317,0.0,390.94637671232874,100.0,490.94637671232874,True
SKU0059,CZ,0.98,0.75,1.0,1.0,0.8,303.0,1.3642928776649708,21.794334460684993,1.0,1.0,170.78048780487805,0.0,396.668095890411,100.0,496.668095890411,True
SKU0059,CZ,0.98,0.75,1.0,1.0,0.85,303.0,2.4353695036213923,22.865411086641416,1.0,1.0,170.78048780487805,0.0,396.668095890411,100.0,496.668095890411,True
SKU0059,CZ,0.98,0.75,1.0,1.0,0.9,303.0,3.513847842361699,23.943889425381723,1.0,1.0,173.2439024390244,0.0,402.3898150684932,100.0,502.3898150684932,True
SKU0059,CZ,0.98,0.75,1.0,1.0,0.95,303.0,5.706474466534095,26.136516049554118,1.0,1.0,175.70731707317074,0.0,408.1115342465754,100.0,508.1115342465754,True
SKU0059,CZ,0.98,0.75,1.0,1.0,0.97,303.0,7.824610351593341,28.254651934613364,1.0,1.0,175.70731707317074,0.0,408.1115342465754,100.0,508.1115342465754,True
SKU0059,CZ,0.98,0.75,1.0,1.0,0.99,303.0,14.230234422704491,34.66027600572451,1.0,1.0,188.02439024390245,0.0,436.7201301369863,100.0,536.7201301369863,True
SKU0059,CZ,0.98,1.0,1.0,1.0,0.75,404.0,0.0,20.430041583020024,1.0,1.0,216.7642276422764,0.0,503.47352054794516,50.0,553.4735205479451,True
SKU0059,CZ,0.98,1.0,1.0,1.0,0.8,404.0,1.3642928776649708,21.794334460684993,1.0,1.0,216.7642276422764,0.0,503.47352054794516,50.0,553.4735205479451,True
SKU0059,CZ,0.98,1.0,1.0,1.0,0.85,404.0,2.4353695036213923,22.865411086641416,1.0,1.0,216.7642276422764,0.0,503.47352054794516,50.0,553.4735205479451,True
SKU0059,CZ,0.98,1.0,1.0,1.0,0.9,404.0,3.513847842361699,23.943889425381723,1.0,1.0,220.0487804878049,0.0,511.10247945205487,50.0,561.1024794520549,True
SKU0059,CZ,0.98,1.0,1.0,1.0,0.95,404.0,5.706474466534095,26.136516049554118,1.0,1.0,220.0487804878049,0.0,511.10247945205487,50.0,561.1024794520549,True
SKU0059,CZ,0.98,1.0,1.0,1.0,0.97,404.0,7.824610351593341,28.254651934613364,1.0,1.0,220.0487804878049,0.0,511.10247945205487,50.0,561.1024794520549,True
SKU0059,CZ,0.98,1.0,1.0,1.0,0.99,404.0,14.230234422704491,34.66027600572451,1.0,1.0,226.6178861788618,0.0,526.360397260274,50.0,576.360397260274,True
SKU0059,CZ,0.98,1.25,1.0,1.0,0.75,505.0,0.0,20.430041583020024,1.0,1.0,270.1382113821138,0.0,627.444102739726,50.0,677.444102739726,True
SKU0059,CZ,0.98,1.25,1.0,1.0,0.8,505.0,1.3642928776649708,21.794334460684993,1.0,1.0,270.1382113821138,0.0,627.444102739726,50.0,677.444102739726,True
SKU0059,CZ,0.98,1.25,1.0,1.0,0.85,505.0,2.4353695036213923,22.865411086641416,1.0,1.0,270.1382113821138,0.0,627.444102739726,50.0,677.444102739726,True
SKU0059,CZ,0.98,1.25,1.0,1.0,0.9,505.0,3.513847842361699,23.943889425381723,1.0,1.0,274.2439024390244,0.0,636.980301369863,50.0,686.980301369863,True
SKU0059,CZ,0.98,1.25,1.0,1.0,0.95,505.0,5.706474466534095,26.136516049554118,1.0,1.0,274.2439024390244,0.0,636.980301369863,50.0,686.980301369863,True
SKU0059,CZ,0.98,1.25,1.0,1.0,0.97,505.0,7.824610351593341,28.254651934613364,1.0,1.0,274.2439024390244,0.0,636.980301369863,50.0,686.980301369863,True
SKU0059,CZ,0.98,1.25,1.0,1.0,0.99,505.0,14.230234422704491,34.66027600572451,1.0,1.0,282.4552845528455,0.0,656.0526986301369,50.0,706.0526986301369,True
SKU0059,CZ,0.98,1.5,1.0,1.0,0.75,606.0,0.0,20.430041583020024,1.0,1.0,323.5121951219512,0.0,751.4146849315067,50.0,801.4146849315067,True
SKU0059,CZ,0.98,1.5,1.0,1.0,0.8,606.0,1.3642928776649708,21.794334460684993,1.0,1.0,323.5121951219512,0.0,751.4146849315067,50.0,801.4146849315067,True
SKU0059,CZ,0.98,1.5,1.0,1.0,0.85,606.0,2.4353695036213923,22.865411086641416,1.0,1.0,323.5121951219512,0.0,751.4146849315067,50.0,801.4146849315067,True
SKU0059,CZ,0.98,1.5,1.0,1.0,0.9,606.0,3.513847842361699,23.943889425381723,1.0,1.0,328.4390243902439,0.0,762.8581232876712,50.0,812.8581232876712,True
SKU0059,CZ,0.98,1.5,1.0,1.0,0.95,606.0,5.706474466534095,26.136516049554118,1.0,1.0,328.4390243902439,0.0,762.8581232876712,50.0,812.8581232876712,True
SKU0059,CZ,0.98,1.5,1.0,1.0,0.97,606.0,7.824610351593341,28.254651934613364,1.0,1.0,328.4390243902439,0.0,762.8581232876712,50.0,812.8581232876712,True
SKU0059,CZ,0.98,1.5,1.0,1.0,0.99,606.0,14.230234422704491,34.66027600572451,1.0,1.0,338.2926829268293,0.0,785.7450000000001,50.0,835.7450000000001,True
SKU0060,AY,0.97,0.5,1.0,1.0,0.75,199.0,3.6415953485412196,79.9920123052971,0.996134732192159,0.7777777777777778,120.1869918699187,7660.03,9555.285684931507,400.0,17615.315684931506,True
SKU0060,AY,0.97,0.5,1.0,1.0,0.8,199.0,5.673087993518672,82.02350495027456,0.996134732192159,0.7777777777777778,120.1869918699187,7660.03,9555.285684931507,400.0,17615.315684931506,True
SKU0060,AY,0.97,0.5,1.0,1.0,0.85,199.0,7.841582290730592,84.19199924748648,0.996134732192159,0.7777777777777778,123.42276422764228,7660.03,9812.540890410959,400.0,17872.57089041096,True
SKU0060,AY,0.97,0.5,1.0,1.0,0.9,199.0,9.227542966823771,85.57795992357966,0.996134732192159,0.7777777777777778,123.42276422764228,7660.03,9812.540890410959,400.0,17872.57089041096,True
SKU0060,AY,0.97,0.5,1.0,1.0,0.95,199.0,12.763546939397377,89.11396389615325,1.0,1.0,128.01626016260164,0.0,10177.7398630137,400.0,10577.7398630137,True
SKU0060,AY,0.97,0.5,1.0,1.0,0.97,199.0,19.61877535965327,95.96919231640915,1.0,1.0,132.869918699187,0.0,10563.622671232877,400.0,10963.622671232877,True
SKU0060,AY,0.97,0.5,1.0,1.0,0.99,199.0,27.824315620814367,104.17473257757024,1.0,1.0,139.34146341463415,0.0,11078.133082191782,400.0,11478.133082191782,True
SKU0060,AY,0.97,0.75,1.0,1.0,0.75,299.0,3.6415953485412196,79.9920123052971,1.0,1.0,162.5609756097561,0.0,12924.165410958905,300.0,13224.165410958905,True
SKU0060,AY,0.97,0.75,1.0,1.0,0.8,299.0,5.673087993518672,82.02350495027456,1.0,1.0,162.5609756097561,0.0,12924.165410958905,300.0,13224.165410958905,True
SKU0060,AY,0.97,0.75,1.0,1.0,0.85,299.0,7.841582290730592,84.19199924748648,1.0,1.0,167.4227642276423,0.0,13310.694589041097,300.0,13610.694589041097,True
SKU0060,AY,0.97,0.75,1.0,1.0,0.9,299.0,9.227542966823771,85.57795992357966,1.0,1.0,167.4227642276423,0.0,13310.694589041097,300.0,13610.694589041097,True
SKU0060,AY,0.97,0.75,1.0,1.0,0.95,299.0,12.763546939397377,89.11396389615325,1.0,1.0,169.85365853658536,0.0,13503.959178082192,300.0,13803.959178082192,True
SKU0060,AY,0.97,0.75,1.0,1.0,0.97,299.0,19.61877535965327,95.96919231640915,1.0,1.0,174.71544715447155,0.0,13890.488356164386,300.0,14190.488356164386,True
SKU0060,AY,0.97,0.75,1.0,1.0,0.99,299.0,27.824315620814367,104.17473257757024,1.0,1.0,184.4390243902439,0.0,14663.546712328769,300.0,14963.546712328769,True
SKU0060,AY,0.97,1.0,1.0,1.0,0.75,398.0,3.6415953485412196,79.9920123052971,0.996134732192159,0.8,213.5772357723577,7660.03,16980.136301369865,200.0,24840.166301369864,True
SKU0060,AY,0.97,1.0,1.0,1.0,0.8,398.0,5.673087993518672,82.02350495027456,0.996134732192159,0.8,213.5772357723577,7660.03,16980.136301369865,200.0,24840.166301369864,True
SKU0060,AY,0.97,1.0,1.0,1.0,0.85,398.0,7.841582290730592,84.19199924748648,0.996134732192159,0.8,216.8130081300813,7660.03,17237.391506849315,200.0,25097.421506849314,True
SKU0060,AY,0.97,1.0,1.0,1.0,0.9,398.0,9.227542966823771,85.57795992357966,0.996134732192159,0.8,216.8130081300813,7660.03,17237.391506849315,200.0,25097.421506849314,True
SKU0060,AY,0.97,1.0,1.0,1.0,0.95,398.0,12.763546939397377,89.11396389615325,1.0,1.0,221.85365853658536,0.0,17638.14082191781,200.0,17838.14082191781,True
SKU0060,AY,0.97,1.0,1.0,1.0,0.97,398.0,19.61877535965327,95.96919231640915,1.0,1.0,225.08943089430895,0.0,17895.39602739726,200.0,18095.39602739726,True
SKU0060,AY,0.97,1.0,1.0,1.0,0.99,398.0,27.824315620814367,104.17473257757024,1.0,1.0,228.3252032520325,0.0,18152.651232876713,200.0,18352.651232876713,True
SKU0060,AY,0.97,1.25,1.0,1.0,0.75,498.0,3.6415953485412196,79.9920123052971,1.0,1.0,245.41463414634146,0.0,19511.320684931507,200.0,19711.320684931507,True
SKU0060,AY,0.97,1.25,1.0,1.0,0.8,498.0,5.673087993518672,82.02350495027456,1.0,1.0,245.41463414634146,0.0,19511.320684931507,200.0,19711.320684931507,True
SKU0060,AY,0.97,1.25,1.0,1.0,0.85,498.0,7.841582290730592,84.19199924748648,1.0,1.0,249.46341463414635,0.0,19833.212876712332,200.0,20033.212876712332,True
SKU0060,AY,0.97,1.25,1.0,1.0,0.9,498.0,9.227542966823771,85.57795992357966,1.0,1.0,253.5121951219512,0.0,20155.10506849315,200.0,20355.10506849315,True
SKU0060,AY,0.97,1.25,1.0,1.0,0.95,498.0,12.763546939397377,89.11396389615325,1.0,1.0,257.5609756097561,0.0,20476.997260273973,200.0,20676.997260273973,True
SKU0060,AY,0.97,1.25,1.0,1.0,0.97,498.0,19.61877535965327,95.96919231640915,1.0,1.0,257.5609756097561,0.0,20476.997260273973,200.0,20676.997260273973,True
SKU0060,AY,0.97,1.25,1.0,1.0,0.99,498.0,27.824315620814367,104.17473257757024,1.0,1.0,265.6585365853659,0.0,21120.78164383562,200.0,21320.78164383562,True
SKU0060,AY,0.97,1.5,1.0,1.0,0.75,597.0,3.6415953485412196,79.9920123052971,1.0,1.0,318.9268292682927,0.0,25355.79698630137,150.0,25505.79698630137,True
SKU0060,AY,0.97,1.5,1.0,1.0,0.8,597.0,5.673087993518672,82.02350495027456,1.0,1.0,323.780487804878,0.0,25741.679794520544,150.0,25891.679794520544,True
SKU0060,AY,0.97,1.5,1.0,1.0,0.85,597.0,7.841582290730592,84.19199924748648,1.0,1.0,328.6341463414634,0.0,26127.562602739727,150.0,26277.562602739727,True
SKU0060,AY,0.97,1.5,1.0,1.0,0.9,597.0,9.227542966823771,85.57795992357966,1.0,1.0,328.6341463414634,0.0,26127.562602739727,150.0,26277.562602739727,True
SKU0060,AY,0.97,1.5,1.0,1.0,0.95,597.0,12.763546939397377,89.11396389615325,1.0,1.0,328.6341463414634,0.0,26127.562602739727,150.0,26277.562602739727,True
SKU0060,AY,0.97,1.5,1.0,1.0,0.97,597.0,19.61877535965327,95.96919231640915,1.0,1.0,333.4878048780488,0.0,26513.445410958906,150.0,26663.445410958906,True
SKU0060,AY,0.97,1.5,1.0,1.0,0.99,597.0,27.824315620814367,104.17473257757024,1.0,1.0,343.1951219512195,0.0,27285.21102739726,150.0,27435.21102739726,True
SKU0061,AY,0.97,0.5,1.0,1.0,0.75,342.0,3.8409362821686983,131.379566313716,0.995945945945946,0.8888888888888888,189.260162601626,6131.400000000001,13014.714897260274,400.0,19546.114897260275,True
SKU0061,AY,0.97,0.5,1.0,1.0,0.8,342.0,6.27659324926372,133.815223280811,0.995945945945946,0.8888888888888888,192.04065040650406,6131.400000000001,13205.91866438356,400.0,19737.31866438356,True
SKU0061,AY,0.97,0.5,1.0,1.0,0.85,342.0,8.03301983909879,135.57164987064607,1.0,1.0,191.40650406504065,0.0,13162.310787671231,400.0,13562.310787671231,True
SKU0061,AY,0.97,0.5,1.0,1.0,0.9,342.0,17.06083443696218,144.59946446850947,1.0,1.0,199.7479674796748,0.0,13735.922089041094,400.0,14135.922089041094,True
SKU0061,AY,0.97,0.5,1.0,1.0,0.95,342.0,25.228032157670416,152.7666621892177,1.0,1.0,202.52845528455285,0.0,13927.125856164383,400.0,14327.125856164383,True
SKU0061,AY,0.97,0.5,1.0,1.0,0.97,342.0,27.395628600274254,154.93425863182154,1.0,1.0,202.52845528455285,0.0,13927.125856164383,400.0,14327.125856164383,True
SKU0061,AY,0.97,0.5,1.0,1.0,0.99,342.0,29.415344747978857,156.95397477952613,1.0,1.0,202.52845528455285,0.0,13927.125856164383,400.0,14327.125856164383,True
SKU0061,AY,0.97,0.75,1.0,1.0,0.75,513.0,3.8409362821686983,131.379566313716,0.995945945945946,0.8571428571428571,262.9430894308943,6131.400000000001,18081.614726027397,300.0,24513.0147260274,True
SKU0061,AY,0.97,0.75,1.0,1.0,0.8,513.0,6.27659324926372,133.815223280811,0.995945945945946,0.8571428571428571,262.9430894308943,6131.400000000001,18081.614726027397,300.0,24513.0147260274,True
SKU0061,AY,0.97,0.75,1.0,1.0,0.85,513.0,8.03301983909879,135.57164987064607,1.0,1.0,272.0406504065041,0.0,18707.220034246577,300.0,19007.220034246577,True
SKU0061,AY,0.97,0.75,1.0,1.0,0.9,513.0,17.06083443696218,144.59946446850947,1.0,1.0,284.5528455284553,0.0,19567.63698630137,300.0,19867.63698630137,True
SKU0061,AY,0.97,0.75,1.0,1.0,0.95,513.0,25.228032157670416,152.7666621892177,1.0,1.0,292.8943089430894,0.0,20141.24828767123,300.0,20441.24828767123,True
SKU0061,AY,0.97,0.75,1.0,1.0,0.97,513.0,27.395628600274254,154.93425863182154,1.0,1.0,292.8943089430894,0.0,20141.24828767123,300.0,20441.24828767123,True
SKU0061,AY,0.97,0.75,1.0,1.0,0.99,513.0,29.415344747978857,156.95397477952613,1.0,1.0,292.8943089430894,0.0,20141.24828767123,300.0,20441.24828767123,True
SKU0061,AY,0.97,1.0,1.0,1.0,0.75,684.0,3.8409362821686983,131.379566313716,0.995945945945946,0.8,347.7479674796748,6131.400000000001,23913.32962328767,200.0,30244.729623287672,True
SKU0061,AY,0.97,1.0,1.0,1.0,0.8,684.0,6.27659324926372,133.815223280811,0.995945945945946,0.8,347.7479674796748,6131.400000000001,23913.32962328767,200.0,30244.729623287672,True
SKU0061,AY,0.97,1.0,1.0,1.0,0.85,684.0,8.03301983909879,135.57164987064607,1.0,1.0,349.8943089430894,0.0,24060.925513698632,200.0,24260.925513698632,True
SKU0061,AY,0.97,1.0,1.0,1.0,0.9,684.0,17.06083443696218,144.59946446850947,1.0,1.0,349.8943089430894,0.0,24060.925513698632,200.0,24260.925513698632,True
SKU0061,AY,0.97,1.0,1.0,1.0,0.95,684.0,25.228032157670416,152.7666621892177,1.0,1.0,355.4552845528455,0.0,24443.3330479452,200.0,24643.3330479452,True
SKU0061,AY,0.97,1.0,1.0,1.0,0.97,684.0,27.395628600274254,154.93425863182154,1.0,1.0,355.4552845528455,0.0,24443.3330479452,200.0,24643.3330479452,True
SKU0061,AY,0.97,1.0,1.0,1.0,0.99,684.0,29.415344747978857,156.95397477952613,1.0,1.0,355.4552845528455,0.0,24443.3330479452,200.0,24643.3330479452,True
SKU0061,AY,0.97,1.25,1.0,1.0,0.75,855.0,3.8409362821686983,131.379566313716,1.0,1.0,420.7967479674797,0.0,28936.621575342466,200.0,29136.621575342466,True
SKU0061,AY,0.97,1.25,1.0,1.0,0.8,855.0,6.27659324926372,133.815223280811,1.0,1.0,420.7967479674797,0.0,28936.621575342466,200.0,29136.621575342466,True
SKU0061,AY,0.97,1.25,1.0,1.0,0.85,855.0,8.03301983909879,135.57164987064607,1.0,1.0,420.7967479674797,0.0,28936.621575342466,200.0,29136.621575342466,True
SKU0061,AY,0.97,1.25,1.0,1.0,0.9,855.0,17.06083443696218,144.59946446850947,1.0,1.0,441.650406504065,0.0,30370.64982876712,200.0,30570.64982876712,True
SKU0061,AY,0.97,1.25,1.0,1.0,0.95,855.0,25.228032157670416,152.7666621892177,1.0,1.0,448.6016260162602,0.0,30848.659246575346,200.0,31048.659246575346,True
SKU0061,AY,0.97,1.25,1.0,1.0,0.97,855.0,27.395628600274254,154.93425863182154,1.0,1.0,448.6016260162602,0.0,30848.659246575346,200.0,31048.659246575346,True
SKU0061,AY,0.97,1.25,1.0,1.0,0.99,855.0,29.415344747978857,156.95397477952613,1.0,1.0,448.6016260162602,0.0,30848.659246575346,200.0,31048.659246575346,True
SKU0061,AY,0.97,1.5,1.0,1.0,0.75,1026.0,3.8409362821686983,131.379566313716,0.995945945945946,0.75,542.3821138211382,6131.400000000001,37297.593321917804,150.0,43578.993321917806,True
SKU0061,AY,0.97,1.5,1.0,1.0,0.8,1026.0,6.27659324926372,133.815223280811,0.995945945945946,0.75,542.3821138211382,6131.400000000001,37297.593321917804,150.0,43578.993321917806,True
SKU0061,AY,0.97,1.5,1.0,1.0,0.85,1026.0,8.03301983909879,135.57164987064607,1.0,1.0,547.3089430894308,0.0,37636.39297945205,150.0,37786.39297945205,True
SKU0061,AY,0.97,1.5,1.0,1.0,0.9,1026.0,17.06083443696218,144.59946446850947,1.0,1.0,555.650406504065,0.0,38210.004280821915,150.0,38360.004280821915,True
SKU0061,AY,0.97,1.5,1.0,1.0,0.95,1026.0,25.228032157670416,152.7666621892177,1.0,1.0,555.650406504065,0.0,38210.004280821915,150.0,38360.004280821915,True
SKU0061,AY,0.97,1.5,1.0,1.0,0.97,1026.0,27.395628600274254,154.93425863182154,1.0,1.0,555.650406504065,0.0,38210.004280821915,150.0,38360.004280821915,True
SKU0061,AY,0.97,1.5,1.0,1.0,0.99,1026.0,29.415344747978857,156.95397477952613,1.0,1.0,555.650406504065,0.0,38210.004280821915,150.0,38360.004280821915,True
SKU0063,AY,0.97,0.5,1.0,1.0,0.75,398.0,3.557318708520027,152.9364221907647,1.0,1.0,271.0569105691057,0.0,21578.972465753428,150.0,21728.972465753428,True
SKU0063,AY,0.97,0.5,1.0,1.0,0.8,398.0,5.9909677758915665,155.37007125813622,1.0,1.0,274.2926829268293,0.0,21836.57387671233,150.0,21986.57387671233,True
SKU0063,AY,0.97,0.5,1.0,1.0,0.85,398.0,9.038598635817632,158.4177021180623,1.0,1.0,274.2926829268293,0.0,21836.57387671233,150.0,21986.57387671233,True
SKU0063,AY,0.97,0.5,1.0,1.0,0.9,398.0,12.393109719901402,161.77221320214605,1.0,1.0,274.2926829268293,0.0,21836.57387671233,200.0,22036.57387671233,True
SKU0063,AY,0.97,0.5,1.0,1.0,0.95,398.0,15.44510819903199,164.82421168127664,1.0,1.0,274.2926829268293,0.0,21836.57387671233,200.0,22036.57387671233,True
SKU0063,AY,0.97,0.5,1.0,1.0,0.97,398.0,18.47970673748991,167.85881021973458,1.0,1.0,274.2926829268293,0.0,21836.57387671233,200.0,22036.57387671233,True
SKU0063,AY,0.97,0.5,1.0,1.0,0.99,398.0,26.754945527643105,176.13404900988778,1.0,1.0,274.2926829268293,0.0,21836.57387671233,200.0,22036.57387671233,True
SKU0063,AY,0.97,0.75,1.0,1.0,0.75,597.0,3.557318708520027,152.9364221907647,1.0,1.0,332.5365853658537,0.0,26473.399273972605,100.0,26573.399273972605,True
SKU0063,AY,0.97,0.75,1.0,1.0,0.8,597.0,5.9909677758915665,155.37007125813622,1.0,1.0,332.5365853658537,0.0,26473.399273972605,100.0,26573.399273972605,True
SKU0063,AY,0.97,0.75,1.0,1.0,0.85,597.0,9.038598635817632,158.4177021180623,1.0,1.0,332.5365853658537,0.0,26473.399273972605,100.0,26573.399273972605,True
SKU0063,AY,0.97,0.75,1.0,1.0,0.9,597.0,12.393109719901402,161.77221320214605,1.0,1.0,332.5365853658537,0.0,26473.399273972605,150.0,26623.399273972605,True
SKU0063,AY,0.97,0.75,1.0,1.0,0.95,597.0,15.44510819903199,164.82421168127664,1.0,1.0,332.5365853658537,0.0,26473.399273972605,150.0,26623.399273972605,True
SKU0063,AY,0.97,0.75,1.0,1.0,0.97,597.0,18.47970673748991,167.85881021973458,1.0,1.0,337.390243902439,0.0,26859.801390410958,150.0,27009.801390410958,True
SKU0063,AY,0.97,0.75,1.0,1.0,0.99,597.0,26.754945527643105,176.13404900988778,1.0,1.0,337.390243902439,0.0,26859.801390410958,150.0,27009.801390410958,True
SKU0063,AY,0.97,1.0,1.0,1.0,0.75,795.0,3.557318708520027,152.9364221907647,1.0,1.0,457.780487804878,0.0,36444.12725342466,100.0,36544.12725342466,True
SKU0063,AY,0.97,1.0,1.0,1.0,0.8,795.0,5.9909677758915665,155.37007125813622,1.0,1.0,457.780487804878,0.0,36444.12725342466,100.0,36544.12725342466,True
SKU0063,AY,0.97,1.0,1.0,1.0,0.85,795.0,9.038598635817632,158.4177021180623,1.0,1.0,457.780487804878,0.0,36444.12725342466,100.0,36544.12725342466,True
SKU0063,AY,0.97,1.0,1.0,1.0,0.9,795.0,12.393109719901402,161.77221320214605,1.0,1.0,457.780487804878,0.0,36444.12725342466,100.0,36544.12725342466,True
SKU0063,AY,0.97,1.0,1.0,1.0,0.95,795.0,15.44510819903199,164.82421168127664,1.0,1.0,457.780487804878,0.0,36444.12725342466,100.0,36544.12725342466,True
SKU0063,AY,0.97,1.0,1.0,1.0,0.97,795.0,18.47970673748991,167.85881021973458,1.0,1.0,457.780487804878,0.0,36444.12725342466,100.0,36544.12725342466,True
SKU0063,AY,0.97,1.0,1.0,1.0,0.99,795.0,26.754945527643105,176.13404900988778,1.0,1.0,457.780487804878,0.0,36444.12725342466,100.0,36544.12725342466,True
SKU0063,AY,0.97,1.25,1.0,1.0,0.75,994.0,3.557318708520027,152.9364221907647,1.0,1.0,461.2032520325203,0.0,36716.61517808219,100.0,36816.61517808219,True
SKU0063,AY,0.97,1.25,1.0,1.0,0.8,994.0,5.9909677758915665,155.37007125813622,1.0,1.0,461.2032520325203,0.0,36716.61517808219,100.0,36816.61517808219,True
SKU0063,AY,0.97,1.25,1.0,1.0,0.85,994.0,9.038598635817632,158.4177021180623,1.0,1.0,469.2845528455285,0.0,37359.97146575343,100.0,37459.97146575343,True
SKU0063,AY,0.97,1.25,1.0,1.0,0.9,994.0,12.393109719901402,161.77221320214605,1.0,1.0,469.2845528455285,0.0,37359.97146575343,100.0,37459.97146575343,True
SKU0063,AY,0.97,1.25,1.0,1.0,0.95,994.0,15.44510819903199,164.82421168127664,1.0,1.0,469.2845528455285,0.0,37359.97146575343,100.0,37459.97146575343,True
SKU0063,AY,0.97,1.25,1.0,1.0,0.97,994.0,18.47970673748991,167.85881021973458,1.0,1.0,485.4471544715447,0.0,38646.68404109589,100.0,38746.68404109589,True
SKU0063,AY,0.97,1.25,1.0,1.0,0.99,994.0,26.754945527643105,176.13404900988778,1.0,1.0,493.5284552845528,0.0,39290.04032876712,100.0,39390.04032876712,True
SKU0063,AY,0.97,1.5,1.0,1.0,0.75,1193.0,3.557318708520027,152.9364221907647,1.0,1.0,545.390243902439,0.0,43418.78254109589,50.0,43468.78254109589,True
SKU0063,AY,0.97,1.5,1.0,1.0,0.8,1193.0,5.9909677758915665,155.37007125813622,1.0,1.0,545.390243902439,0.0,43418.78254109589,50.0,43468.78254109589,True
SKU0063,AY,0.97,1.5,1.0,1.0,0.85,1193.0,9.038598635817632,158.4177021180623,1.0,1.0,545.390243902439,0.0,43418.78254109589,50.0,43468.78254109589,True
SKU0063,AY,0.97,1.5,1.0,1.0,0.9,1193.0,12.393109719901402,161.77221320214605,1.0,1.0,545.390243902439,0.0,43418.78254109589,100.0,43518.78254109589,True
SKU0063,AY,0.97,1.5,1.0,1.0,0.95,1193.0,15.44510819903199,164.82421168127664,1.0,1.0,545.390243902439,0.0,43418.78254109589,100.0,43518.78254109589,True
SKU0063,AY,0.97,1.5,1.0,1.0,0.97,1193.0,18.47970673748991,167.85881021973458,1.0,1.0,545.390243902439,0.0,43418.78254109589,100.0,43518.78254109589,True
SKU0063,AY,0.97,1.5,1.0,1.0,0.99,1193.0,26.754945527643105,176.13404900988778,1.0,1.0,545.390243902439,0.0,43418.78254109589,100.0,43518.78254109589,True
SKU0066,AX,0.97,0.5,1.0,1.0,0.75,388.0,6.942753593714958,189.4746327380331,0.9896070152646963,0.875,228.53658536585365,13834.88,6032.868082191781,350.0,20217.748082191778,True
SKU0066,AX,0.97,0.5,1.0,1.0,0.8,388.0,10.989756876793976,193.5216360211121,0.9896070152646963,0.875,231.6910569105691,13834.88,6116.139260273972,350.0,20301.01926027397,True
SKU0066,AX,0.97,0.5,1.0,1.0,0.85,388.0,16.5152066847722,199.04708582909035,1.0,1.0,251.9512195121951,0.0,6650.963424657533,350.0,7000.963424657533,True
SKU0066,AX,0.97,0.5,1.0,1.0,0.9,388.0,21.723464503920027,204.25534364823818,1.0,1.0,255.10569105691056,0.0,6734.234602739725,350.0,7084.234602739725,True
SKU0066,AX,0.97,0.5,1.0,1.0,0.95,388.0,34.26408851781884,216.79596766213697,1.0,1.0,267.7235772357724,0.0,7067.319315068493,350.0,7417.319315068493,True
SKU0066,AX,0.97,0.5,1.0,1.0,0.97,388.0,36.9574023252415,219.48928146955964,1.0,1.0,267.7235772357724,0.0,7067.319315068493,350.0,7417.319315068493,True
SKU0066,AX,0.97,0.5,1.0,1.0,0.99,388.0,43.997516569428115,226.52939571374625,1.0,1.0,277.1869918699187,0.0,7317.132849315068,350.0,7667.132849315068,True
SKU0066,AX,0.97,0.75,1.0,1.0,0.75,582.0,6.942753593714958,189.4746327380331,0.9896070152646963,0.8333333333333334,305.8211382113821,13834.88,8073.011945205479,250.0,22157.891945205476,True
SKU0066,AX,0.97,0.75,1.0,1.0,0.8,582.0,10.989756876793976,193.5216360211121,0.9896070152646963,0.8333333333333334,310.5528455284553,13834.88,8197.918712328767,250.0,22282.798712328768,True
SKU0066,AX,0.97,0.75,1.0,1.0,0.85,582.0,16.5152066847722,199.04708582909035,1.0,1.0,330.8130081300813,0.0,8732.742876712327,250.0,8982.742876712327,True
SKU0066,AX,0.97,0.75,1.0,1.0,0.9,582.0,21.723464503920027,204.25534364823818,1.0,1.0,340.2764227642276,0.0,8982.556410958903,250.0,9232.556410958903,True
SKU0066,AX,0.97,0.75,1.0,1.0,0.95,582.0,34.26408851781884,216.79596766213697,1.0,1.0,349.739837398374,0.0,9232.369945205479,250.0,9482.369945205479,True
SKU0066,AX,0.97,0.75,1.0,1.0,0.97,582.0,36.9574023252415,219.48928146955964,1.0,1.0,349.739837398374,0.0,9232.369945205479,250.0,9482.369945205479,True
SKU0066,AX,0.97,0.75,1.0,1.0,0.99,582.0,43.997516569428115,226.52939571374625,1.0,1.0,363.9349593495935,0.0,9607.090246575342,250.0,9857.090246575342,True
SKU0066,AX,0.97,1.0,1.0,1.0,0.75,775.0,6.942753593714958,189.4746327380331,0.9896070152646963,0.8,381.2439024390244,13834.88,10064.008643835616,200.0,24098.888643835613,True
SKU0066,AX,0.97,1.0,1.0,1.0,0.8,775.0,10.989756876793976,193.5216360211121,0.9896070152646963,0.8,381.2439024390244,13834.88,10064.008643835616,200.0,24098.888643835613,True
SKU0066,AX,0.97,1.0,1.0,1.0,0.85,775.0,16.5152066847722,199.04708582909035,1.0,1.0,404.5934959349593,0.0,10680.387054794519,200.0,10880.387054794519,True
SKU0066,AX,0.97,1.0,1.0,1.0,0.9,775.0,21.723464503920027,204.25534364823818,1.0,1.0,410.8943089430894,0.0,10846.714794520547,200.0,11046.714794520547,True
SKU0066,AX,0.97,1.0,1.0,1.0,0.95,775.0,34.26408851781884,216.79596766213697,1.0,1.0,429.7967479674797,0.0,11345.69801369863,200.0,11545.69801369863,True
SKU0066,AX,0.97,1.0,1.0,1.0,0.97,775.0,36.9574023252415,219.48928146955964,1.0,1.0,429.7967479674797,0.0,11345.69801369863,200.0,11545.69801369863,True
SKU0066,AX,0.97,1.0,1.0,1.0,0.99,775.0,43.997516569428115,226.52939571374625,1.0,1.0,436.0975609756098,0.0,11512.025753424658,200.0,11712.025753424658,True
SKU0066,AX,0.97,1.25,1.0,1.0,0.75,969.0,6.942753593714958,189.4746327380331,0.9896070152646963,0.75,521.8455284552846,13834.88,13775.585328767123,150.0,27760.465328767124,True
SKU0066,AX,0.97,1.25,1.0,1.0,0.8,969.0,10.989756876793976,193.5216360211121,0.9896070152646963,0.75,529.7235772357724,13834.88,13983.548657534247,150.0,27968.42865753425,True
SKU0066,AX,0.97,1.25,1.0,1.0,0.85,969.0,16.5152066847722,199.04708582909035,1.0,1.0,534.1788617886178,0.0,14101.158465753422,150.0,14251.158465753422,True
SKU0066,AX,0.97,1.25,1.0,1.0,0.9,969.0,21.723464503920027,204.25534364823818,1.0,1.0,534.1788617886178,0.0,14101.158465753422,150.0,14251.158465753422,True
SKU0066,AX,0.97,1.25,1.0,1.0,0.95,969.0,34.26408851781884,216.79596766213697,1.0,1.0,549.9349593495934,0.0,14517.085123287668,150.0,14667.085123287668,True
SKU0066,AX,0.97,1.25,1.0,1.0,0.97,969.0,36.9574023252415,219.48928146955964,1.0,1.0,557.8130081300814,0.0,14725.048452054794,150.0,14875.048452054794,True
SKU0066,AX,0.97,1.25,1.0,1.0,0.99,969.0,43.997516569428115,226.52939571374625,1.0,1.0,573.569105691057,0.0,15140.975109589042,150.0,15290.975109589042,True
SKU0066,AX,0.97,1.5,1.0,1.0,0.75,1163.0,6.942753593714958,189.4746327380331,0.9896070152646963,0.75,526.8455284552846,13834.88,13907.574438356165,150.0,27892.454438356166,True
SKU0066,AX,0.97,1.5,1.0,1.0,0.8,1163.0,10.989756876793976,193.5216360211121,0.9896070152646963,0.75,526.8455284552846,13834.88,13907.574438356165,150.0,27892.454438356166,True
SKU0066,AX,0.97,1.5,1.0,1.0,0.85,1163.0,16.5152066847722,199.04708582909035,1.0,1.0,556.520325203252,0.0,14690.924438356162,150.0,14840.924438356162,True
SKU0066,AX,0.97,1.5,1.0,1.0,0.9,1163.0,21.723464503920027,204.25534364823818,1.0,1.0,565.9756097560976,0.0,14940.523356164382,150.0,15090.523356164382,True
SKU0066,AX,0.97,1.5,1.0,1.0,0.95,1163.0,34.26408851781884,216.79596766213697,1.0,1.0,575.430894308943,0.0,15190.1222739726,150.0,15340.1222739726,True
SKU0066,AX,0.97,1.5,1.0,1.0,0.97,1163.0,36.9574023252415,219.48928146955964,1.0,1.0,575.430894308943,0.0,15190.1222739726,150.0,15340.1222739726,True
SKU0066,AX,0.97,1.5,1.0,1.0,0.99,1163.0,43.997516569428115,226.52939571374625,1.0,1.0,584.8861788617886,0.0,15439.72119178082,150.0,15589.72119178082,True
SKU0067,CZ,0.98,0.5,1.0,1.0,0.75,382.0,3.0386129713833334,30.793028697138947,1.0,1.0,384.4878048780488,0.0,1471.234684931507,50.0,1521.234684931507,True
SKU0067,CZ,0.98,0.5,1.0,1.0,0.8,382.0,4.0364476402169345,31.790863365972548,1.0,1.0,384.4878048780488,0.0,1471.234684931507,50.0,1521.234684931507,True
SKU0067,CZ,0.98,0.5,1.0,1.0,0.85,382.0,5.071313499931289,32.8257292256869,1.0,1.0,384.4878048780488,0.0,1471.234684931507,50.0,1521.234684931507,True
SKU0067,CZ,0.98,0.5,1.0,1.0,0.9,382.0,6.229307448527102,33.983723174282716,1.0,1.0,384.4878048780488,0.0,1471.234684931507,50.0,1521.234684931507,True
SKU0067,CZ,0.98,0.5,1.0,1.0,0.95,382.0,10.249055253913205,38.00347097966882,1.0,1.0,387.5934959349593,0.0,1483.1185479452056,50.0,1533.1185479452056,True
SKU0067,CZ,0.98,0.5,1.0,1.0,0.97,382.0,13.02049249253256,40.774908218288175,1.0,1.0,387.5934959349593,0.0,1483.1185479452056,50.0,1533.1185479452056,True
SKU0067,CZ,0.98,0.5,1.0,1.0,0.99,382.0,15.056182469165195,42.81059819492081,1.0,1.0,390.6991869918699,0.0,1495.002410958904,50.0,1545.002410958904,True
SKU0067,CZ,0.98,0.75,1.0,1.0,0.75,573.0,3.0386129713833334,30.793028697138947,1.0,1.0,424.8617886178862,0.0,1625.724904109589,50.0,1675.724904109589,True
SKU0067,CZ,0.98,0.75,1.0,1.0,0.8,573.0,4.0364476402169345,31.790863365972548,1.0,1.0,424.8617886178862,0.0,1625.724904109589,50.0,1675.724904109589,True
SKU0067,CZ,0.98,0.75,1.0,1.0,0.85,573.0,5.071313499931289,32.8257292256869,1.0,1.0,424.8617886178862,0.0,1625.724904109589,50.0,1675.724904109589,True
SKU0067,CZ,0.98,0.75,1.0,1.0,0.9,573.0,6.229307448527102,33.983723174282716,1.0,1.0,424.8617886178862,0.0,1625.724904109589,50.0,1675.724904109589,True
SKU0067,CZ,0.98,0.75,1.0,1.0,0.95,573.0,10.249055253913205,38.00347097966882,1.0,1.0,429.520325203252,0.0,1643.550698630137,50.0,1693.550698630137,True
SKU0067,CZ,0.98,0.75,1.0,1.0,0.97,573.0,13.02049249253256,40.774908218288175,1.0,1.0,429.520325203252,0.0,1643.550698630137,50.0,1693.550698630137,True
SKU0067,CZ,0.98,0.75,1.0,1.0,0.99,573.0,15.056182469165195,42.81059819492081,1.0,1.0,434.1788617886179,0.0,1661.376493150685,50.0,1711.376493150685,True
SKU0067,CZ,0.98,1.0,1.0,1.0,0.75,764.0,3.0386129713833334,30.793028697138947,1.0,1.0,465.2357723577236,0.0,1780.2151232876713,50.0,1830.2151232876713,True
SKU0067,CZ,0.98,1.0,1.0,1.0,0.8,764.0,4.0364476402169345,31.790863365972548,1.0,1.0,465.2357723577236,0.0,1780.2151232876713,50.0,1830.2151232876713,True
SKU0067,CZ,0.98,1.0,1.0,1.0,0.85,764.0,5.071313499931289,32.8257292256869,1.0,1.0,465.2357723577236,0.0,1780.2151232876713,50.0,1830.2151232876713,True
SKU0067,CZ,0.98,1.0,1.0,1.0,0.9,764.0,6.229307448527102,33.983723174282716,1.0,1.0,465.2357723577236,0.0,1780.2151232876713,50.0,1830.2151232876713,True
SKU0067,CZ,0.98,1.0,1.0,1.0,0.95,764.0,10.249055253913205,38.00347097966882,1.0,1.0,471.4471544715447,0.0,1803.9828493150685,50.0,1853.9828493150685,True
SKU0067,CZ,0.98,1.0,1.0,1.0,0.97,764.0,13.02049249253256,40.774908218288175,1.0,1.0,471.4471544715447,0.0,1803.9828493150685,50.0,1853.9828493150685,True
SKU0067,CZ,0.98,1.0,1.0,1.0,0.99,764.0,15.056182469165195,42.81059819492081,1.0,1.0,477.6585365853659,0.0,1827.750575342466,50.0,1877.750575342466,True
SKU0067,CZ,0.98,1.25,1.0,1.0,0.75,955.0,3.0386129713833334,30.793028697138947,1.0,1.0,505.609756097561,0.0,1934.7053424657536,50.0,1984.7053424657536,True
SKU0067,CZ,0.98,1.25,1.0,1.0,0.8,955.0,4.0364476402169345,31.790863365972548,1.0,1.0,505.609756097561,0.0,1934.7053424657536,50.0,1984.7053424657536,True
SKU0067,CZ,0.98,1.25,1.0,1.0,0.85,955.0,5.071313499931289,32.8257292256869,1.0,1.0,505.609756097561,0.0,1934.7053424657536,50.0,1984.7053424657536,True
SKU0067,CZ,0.98,1.25,1.0,1.0,0.9,955.0,6.229307448527102,33.983723174282716,1.0,1.0,505.609756097561,0.0,1934.7053424657536,50.0,1984.7053424657536,True
SKU0067,CZ,0.98,1.25,1.0,1.0,0.95,955.0,10.249055253913205,38.00347097966882,1.0,1.0,513.3739837398374,0.0,1964.4150000000002,50.0,2014.4150000000002,True
SKU0067,CZ,0.98,1.25,1.0,1.0,0.97,955.0,13.02049249253256,40.774908218288175,1.0,1.0,513.3739837398374,0.0,1964.4150000000002,50.0,2014.4150000000002,True
SKU0067,CZ,0.98,1.25,1.0,1.0,0.99,955.0,15.056182469165195,42.81059819492081,1.0,1.0,521.1382113821138,0.0,1994.1246575342466,50.0,2044.1246575342466,True
SKU0067,CZ,0.98,1.5,1.0,1.0,0.75,1146.0,3.0386129713833334,30.793028697138947,1.0,1.0,545.9837398373984,0.0,2089.195561643836,50.0,2139.195561643836,True
SKU0067,CZ,0.98,1.5,1.0,1.0,0.8,1146.0,4.0364476402169345,31.790863365972548,1.0,1.0,545.9837398373984,0.0,2089.195561643836,50.0,2139.195561643836,True
SKU0067,CZ,0.98,1.5,1.0,1.0,0.85,1146.0,5.071313499931289,32.8257292256869,1.0,1.0,545.9837398373984,0.0,2089.195561643836,50.0,2139.195561643836,True
SKU0067,CZ,0.98,1.5,1.0,1.0,0.9,1146.0,6.229307448527102,33.983723174282716,1.0,1.0,545.9837398373984,0.0,2089.195561643836,50.0,2139.195561643836,True
SKU0067,CZ,0.98,1.5,1.0,1.0,0.95,1146.0,10.249055253913205,38.00347097966882,1.0,1.0,555.30081300813,0.0,2124.8471506849314,50.0,2174.8471506849314,True
SKU0067,CZ,0.98,1.5,1.0,1.0,0.97,1146.0,13.02049249253256,40.774908218288175,1.0,1.0,555.30081300813,0.0,2124.8471506849314,50.0,2174.8471506849314,True
SKU0067,CZ,0.98,1.5,1.0,1.0,0.99,1146.0,15.056182469165195,42.81059819492081,1.0,1.0,564.6178861788618,0.0,2160.4987397260275,50.0,2210.4987397260275,True
SKU0068,AY,0.97,0.5,1.0,1.0,0.75,248.0,0.5206793233272009,156.64925961629837,1.0,1.0,137.260162601626,0.0,12723.537602739725,350.0,13073.537602739725,True
SKU0068,AY,0.97,0.5,1.0,1.0,0.8,248.0,3.5416262258758624,159.67020651884704,1.0,1.0,139.27642276422765,0.0,12910.437876712329,350.0,13260.437876712329,True
SKU0068,AY,0.97,0.5,1.0,1.0,0.85,248.0,5.134708097683805,161.263288390655,1.0,1.0,141.29268292682926,0.0,13097.338150684931,350.0,13447.338150684931,True
SKU0068,AY,0.97,0.5,1.0,1.0,0.9,248.0,6.247951450450939,162.3765317434221,1.0,1.0,141.29268292682926,0.0,13097.338150684931,350.0,13447.338150684931,True
SKU0068,AY,0.97,0.5,1.0,1.0,0.95,248.0,15.146120737946315,171.2747010309175,1.0,1.0,153.390243902439,0.0,14218.739794520547,350.0,14568.739794520547,True
SKU0068,AY,0.97,0.5,1.0,1.0,0.97,248.0,18.678950761820804,174.80753105479198,1.0,1.0,153.390243902439,0.0,14218.739794520547,350.0,14568.739794520547,True
SKU0068,AY,0.97,0.5,1.0,1.0,0.99,248.0,20.87251685874869,177.00109715171988,1.0,1.0,157.4227642276423,0.0,14592.540342465754,350.0,14942.540342465754,True
SKU0068,AY,0.97,0.75,1.0,1.0,0.75,372.0,0.5206793233272009,156.64925961629837,1.0,1.0,190.6910569105691,0.0,17676.3948630137,250.0,17926.3948630137,True
SKU0068,AY,0.97,0.75,1.0,1.0,0.8,372.0,3.5416262258758624,159.67020651884704,1.0,1.0,193.71544715447155,0.0,17956.745273972603,250.0,18206.745273972603,True
SKU0068,AY,0.97,0.75,1.0,1.0,0.85,372.0,5.134708097683805,161.263288390655,1.0,1.0,196.739837398374,0.0,18237.095684931504,250.0,18487.095684931504,True
SKU0068,AY,0.97,0.75,1.0,1.0,0.9,372.0,6.247951450450939,162.3765317434221,1.0,1.0,202.78861788617886,0.0,18797.796506849314,250.0,19047.796506849314,True
SKU0068,AY,0.97,0.75,1.0,1.0,0.95,372.0,15.146120737946315,171.2747010309175,1.0,1.0,208.83739837398375,0.0,19358.497328767124,250.0,19608.497328767124,True
SKU0068,AY,0.97,0.75,1.0,1.0,0.97,372.0,18.678950761820804,174.80753105479198,1.0,1.0,208.83739837398375,0.0,19358.497328767124,250.0,19608.497328767124,True
SKU0068,AY,0.97,0.75,1.0,1.0,0.99,372.0,20.87251685874869,177.00109715171988,1.0,1.0,211.8617886178862,0.0,19638.84773972603,250.0,19888.84773972603,True
SKU0068,AY,0.97,1.0,1.0,1.0,0.75,496.0,0.5206793233272009,156.64925961629837,1.0,1.0,266.3008130081301,0.0,24685.1551369863,200.0,24885.1551369863,True
SKU0068,AY,0.97,1.0,1.0,1.0,0.8,496.0,3.5416262258758624,159.67020651884704,1.0,1.0,266.3008130081301,0.0,24685.1551369863,200.0,24885.1551369863,True
SKU0068,AY,0.97,1.0,1.0,1.0,0.85,496.0,5.134708097683805,161.263288390655,1.0,1.0,266.3008130081301,0.0,24685.1551369863,200.0,24885.1551369863,True
SKU0068,AY,0.97,1.0,1.0,1.0,0.9,496.0,6.247951450450939,162.3765317434221,1.0,1.0,266.3008130081301,0.0,24685.1551369863,200.0,24885.1551369863,True
SKU0068,AY,0.97,1.0,1.0,1.0,0.95,496.0,15.146120737946315,171.2747010309175,1.0,1.0,274.3658536585366,0.0,25432.756232876713,200.0,25632.756232876713,True
SKU0068,AY,0.97,1.0,1.0,1.0,0.97,496.0,18.678950761820804,174.80753105479198,1.0,1.0,274.3658536585366,0.0,25432.756232876713,200.0,25632.756232876713,True
SKU0068,AY,0.97,1.0,1.0,1.0,0.99,496.0,20.87251685874869,177.00109715171988,1.0,1.0,278.3983739837398,0.0,25806.556780821913,200.0,26006.556780821913,True
SKU0068,AY,0.97,1.25,1.0,1.0,0.75,620.0,0.5206793233272009,156.64925961629837,0.9949860724233983,0.75,312.260162601626,6705.18,28945.426301369862,150.0,35800.60630136986,True
SKU0068,AY,0.97,1.25,1.0,1.0,0.8,620.0,3.5416262258758624,159.67020651884704,1.0,1.0,321.7479674796748,0.0,29824.912671232873,150.0,29974.912671232873,True
SKU0068,AY,0.97,1.25,1.0,1.0,0.85,620.0,5.134708097683805,161.263288390655,1.0,1.0,321.7479674796748,0.0,29824.912671232873,150.0,29974.912671232873,True
SKU0068,AY,0.97,1.25,1.0,1.0,0.9,620.0,6.247951450450939,162.3765317434221,1.0,1.0,321.7479674796748,0.0,29824.912671232873,150.0,29974.912671232873,True
SKU0068,AY,0.97,1.25,1.0,1.0,0.95,620.0,15.146120737946315,171.2747010309175,1.0,1.0,331.8292682926829,0.0,30759.41404109589,150.0,30909.41404109589,True
SKU0068,AY,0.97,1.25,1.0,1.0,0.97,620.0,18.678950761820804,174.80753105479198,1.0,1.0,331.8292682926829,0.0,30759.41404109589,150.0,30909.41404109589,True
SKU0068,AY,0.97,1.25,1.0,1.0,0.99,620.0,20.87251685874869,177.00109715171988,1.0,1.0,336.869918699187,0.0,31226.6647260274,150.0,31376.6647260274,True
SKU0068,AY,0.97,1.5,1.0,1.0,0.75,744.0,0.5206793233272009,156.64925961629837,1.0,1.0,369.130081300813,0.0,34217.069109589036,150.0,34367.069109589036,True
SKU0068,AY,0.97,1.5,1.0,1.0,0.8,744.0,3.5416262258758624,159.67020651884704,1.0,1.0,369.130081300813,0.0,34217.069109589036,150.0,34367.069109589036,True
SKU0068,AY,0.97,1.5,1.0,1.0,0.85,744.0,5.134708097683805,161.263288390655,1.0,1.0,375.1788617886179,0.0,34777.76993150685,150.0,34927.76993150685,True
SKU0068,AY,0.97,1.5,1.0,1.0,0.9,744.0,6.247951450450939,162.3765317434221,1.0,1.0,375.1788617886179,0.0,34777.76993150685,150.0,34927.76993150685,True
SKU0068,AY,0.97,1.5,1.0,1.0,0.95,744.0,15.146120737946315,171.2747010309175,1.0,1.0,387.2764227642276,0.0,35899.171575342465,150.0,36049.171575342465,True
SKU0068,AY,0.97,1.5,1.0,1.0,0.97,744.0,18.678950761820804,174.80753105479198,1.0,1.0,387.2764227642276,0.0,35899.171575342465,150.0,36049.171575342465,True
SKU0068,AY,0.97,1.5,1.0,1.0,0.99,744.0,20.87251685874869,177.00109715171988,1.0,1.0,393.3252032520325,0.0,36459.872397260275,150.0,36609.872397260275,True
SKU0069,CZ,0.98,0.5,1.0,1.0,0.75,325.0,1.0072299971811,18.73833260638284,1.0,1.0,227.1788617886179,0.0,4963.32752739726,50.0,5013.32752739726,True
SKU0069,CZ,0.98,0.5,1.0,1.0,0.8,325.0,2.068185575041041,19.799288184242783,1.0,1.0,229.8211382113821,0.0,5021.0550958904105,50.0,5071.0550958904105,True
SKU0069,CZ,0.98,0.5,1.0,1.0,0.85,325.0,3.0677896772631934,20.798892286464934,1.0,1.0,229.8211382113821,0.0,5021.0550958904105,50.0,5071.0550958904105,True
SKU0069,CZ,0.98,0.5,1.0,1.0,0.9,325.0,5.0314335971455835,22.762536206347324,1.0,1.0,229.8211382113821,0.0,5021.0550958904105,50.0,5071.0550958904105,True
SKU0069,CZ,0.98,0.5,1.0,1.0,0.95,325.0,7.0221641066606235,24.753266715862367,1.0,1.0,232.46341463414635,0.0,5078.7826643835615,50.0,5128.7826643835615,True
SKU0069,CZ,0.98,0.5,1.0,1.0,0.97,325.0,7.4880196621031105,25.21912227130485,1.0,1.0,232.46341463414635,0.0,5078.7826643835615,50.0,5128.7826643835615,True
SKU0069,CZ,0.98,0.5,1.0,1.0,0.99,325.0,10.980880006358465,28.711982615560206,1.0,1.0,232.46341463414635,0.0,5078.7826643835615,50.0,5128.7826643835615,True
SKU0069,CZ,0.98,0.75,1.0,1.0,0.75,488.0,1.0072299971811,18.73833260638284,1.0,1.0,272.2357723577236,0.0,5947.715787671233,50.0,5997.715787671233,True
SKU0069,CZ,0.98,0.75,1.0,1.0,0.8,488.0,2.068185575041041,19.799288184242783,1.0,1.0,276.2032520325203,0.0,6034.395952054793,50.0,6084.395952054793,True
SKU0069,CZ,0.98,0.75,1.0,1.0,0.85,488.0,3.0677896772631934,20.798892286464934,1.0,1.0,276.2032520325203,0.0,6034.395952054793,50.0,6084.395952054793,True
SKU0069,CZ,0.98,0.75,1.0,1.0,0.9,488.0,5.0314335971455835,22.762536206347324,1.0,1.0,276.2032520325203,0.0,6034.395952054793,50.0,6084.395952054793,True
SKU0069,CZ,0.98,0.75,1.0,1.0,0.95,488.0,7.0221641066606235,24.753266715862367,1.0,1.0,280.1707317073171,0.0,6121.076116438357,50.0,6171.076116438357,True
SKU0069,CZ,0.98,0.75,1.0,1.0,0.97,488.0,7.4880196621031105,25.21912227130485,1.0,1.0,280.1707317073171,0.0,6121.076116438357,50.0,6171.076116438357,True
SKU0069,CZ,0.98,0.75,1.0,1.0,0.99,488.0,10.980880006358465,28.711982615560206,1.0,1.0,280.1707317073171,0.0,6121.076116438357,50.0,6171.076116438357,True
SKU0069,CZ,0.98,1.0,1.0,1.0,0.75,650.0,1.0072299971811,18.73833260638284,1.0,1.0,317.0162601626016,0.0,6926.064856164383,50.0,6976.064856164383,True
SKU0069,CZ,0.98,1.0,1.0,1.0,0.8,650.0,2.068185575041041,19.799288184242783,1.0,1.0,322.3008130081301,0.0,7041.519993150685,50.0,7091.519993150685,True
SKU0069,CZ,0.98,1.0,1.0,1.0,0.85,650.0,3.0677896772631934,20.798892286464934,1.0,1.0,322.3008130081301,0.0,7041.519993150685,50.0,7091.519993150685,True
SKU0069,CZ,0.98,1.0,1.0,1.0,0.9,650.0,5.0314335971455835,22.762536206347324,1.0,1.0,322.3008130081301,0.0,7041.519993150685,50.0,7091.519993150685,True
SKU0069,CZ,0.98,1.0,1.0,1.0,0.95,650.0,7.0221641066606235,24.753266715862367,1.0,1.0,327.5853658536585,0.0,7156.975130136986,50.0,7206.975130136986,True
SKU0069,CZ,0.98,1.0,1.0,1.0,0.97,650.0,7.4880196621031105,25.21912227130485,1.0,1.0,327.5853658536585,0.0,7156.975130136986,50.0,7206.975130136986,True
SKU0069,CZ,0.98,1.0,1.0,1.0,0.99,650.0,10.980880006358465,28.711982615560206,1.0,1.0,327.5853658536585,0.0,7156.975130136986,50.0,7206.975130136986,True
SKU0069,CZ,0.98,1.25,1.0,1.0,0.75,813.0,1.0072299971811,18.73833260638284,1.0,1.0,362.0731707317073,0.0,7910.453116438356,50.0,7960.453116438356,True
SKU0069,CZ,0.98,1.25,1.0,1.0,0.8,813.0,2.068185575041041,19.799288184242783,1.0,1.0,368.6829268292683,0.0,8054.860849315069,50.0,8104.860849315069,True
SKU0069,CZ,0.98,1.25,1.0,1.0,0.85,813.0,3.0677896772631934,20.798892286464934,1.0,1.0,368.6829268292683,0.0,8054.860849315069,50.0,8104.860849315069,True
SKU0069,CZ,0.98,1.25,1.0,1.0,0.9,813.0,5.0314335971455835,22.762536206347324,1.0,1.0,368.6829268292683,0.0,8054.860849315069,50.0,8104.860849315069,True
SKU0069,CZ,0.98,1.25,1.0,1.0,0.95,813.0,7.0221641066606235,24.753266715862367,1.0,1.0,375.2926829268293,0.0,8199.26858219178,50.0,8249.26858219178,True
SKU0069,CZ,0.98,1.25,1.0,1.0,0.97,813.0,7.4880196621031105,25.21912227130485,1.0,1.0,375.2926829268293,0.0,8199.26858219178,50.0,8249.26858219178,True
SKU0069,CZ,0.98,1.25,1.0,1.0,0.99,813.0,10.980880006358465,28.711982615560206,1.0,1.0,375.2926829268293,0.0,8199.26858219178,50.0,8249.26858219178,True
SKU0069,CZ,0.98,1.5,1.0,1.0,0.75,975.0,1.0072299971811,18.73833260638284,1.0,1.0,406.8536585365854,0.0,8888.802184931506,50.0,8938.802184931506,True
SKU0069,CZ,0.98,1.5,1.0,1.0,0.8,975.0,2.068185575041041,19.799288184242783,1.0,1.0,414.780487804878,0.0,9061.984890410959,50.0,9111.984890410959,True
SKU0069,CZ,0.98,1.5,1.0,1.0,0.85,975.0,3.0677896772631934,20.798892286464934,1.0,1.0,414.780487804878,0.0,9061.984890410959,50.0,9111.984890410959,True
SKU0069,CZ,0.98,1.5,1.0,1.0,0.9,975.0,5.0314335971455835,22.762536206347324,1.0,1.0,414.780487804878,0.0,9061.984890410959,50.0,9111.984890410959,True
SKU0069,CZ,0.98,1.5,1.0,1.0,0.95,975.0,7.0221641066606235,24.753266715862367,1.0,1.0,422.7073170731707,0.0,9235.16759589041,50.0,9285.16759589041,True
SKU0069,CZ,0.98,1.5,1.0,1.0,0.97,975.0,7.4880196621031105,25.21912227130485,1.0,1.0,422.7073170731707,0.0,9235.16759589041,50.0,9285.16759589041,True
SKU0069,CZ,0.98,1.5,1.0,1.0,0.99,975.0,10.980880006358465,28.711982615560206,1.0,1.0,422.7073170731707,0.0,9235.16759589041,50.0,9285.16759589041,True
SKU0070,CZ,0.98,0.5,1.0,1.0,0.75,216.0,0.0,97.53703961946545,0.9753265602322206,0.75,126.6178861788618,1475.7700000000002,794.2739999999999,150.0,2420.044,False
SKU0070,CZ,0.98,0.5,1.0,1.0,0.8,216.0,0.0,97.53703961946545,0.9753265602322206,0.75,126.6178861788618,1475.7700000000002,794.2739999999999,150.0,2420.044,False
SKU0070,CZ,0.98,0.5,1.0,1.0,0.85,216.0,0.05820986954540175,97.59524948901085,0.9753265602322206,0.75,126.6178861788618,1475.7700000000002,794.2739999999999,150.0,2420.044,False
SKU0070,CZ,0.98,0.5,1.0,1.0,0.9,216.0,13.09597047261473,110.63301009208018,1.0,1.0,138.8211382113821,0.0,870.8249999999999,150.0,1020.8249999999999,True
SKU0070,CZ,0.98,0.5,1.0,1.0,0.95,216.0,18.957687482162186,116.49472710162763,1.0,1.0,142.33333333333334,0.0,892.857,150.0,1042.857,True
SKU0070,CZ,0.98,0.5,1.0,1.0,0.97,216.0,22.820340863522325,120.35738048298776,1.0,1.0,144.08943089430895,0.0,903.8729999999999,150.0,1053.873,True
SKU0070,CZ,0.98,0.5,1.0,1.0,0.99,216.0,26.220898763128133,123.75793838259358,1.0,1.0,149.35772357723576,0.0,936.9209999999999,150.0,1086.9209999999998,True
SKU0070,CZ,0.98,0.75,1.0,1.0,0.75,324.0,0.0,97.53703961946545,0.9753265602322206,0.6666666666666666,182.8130081300813,1475.7700000000002,1146.7859999999998,100.0,2722.556,False
SKU0070,CZ,0.98,0.75,1.0,1.0,0.8,324.0,0.0,97.53703961946545,0.9753265602322206,0.6666666666666666,182.8130081300813,1475.7700000000002,1146.7859999999998,100.0,2722.556,False
SKU0070,CZ,0.98,0.75,1.0,1.0,0.85,324.0,0.05820986954540175,97.59524948901085,0.9753265602322206,0.6666666666666666,182.8130081300813,1475.7700000000002,1146.7859999999998,100.0,2722.556,False
SKU0070,CZ,0.98,0.75,1.0,1.0,0.9,324.0,13.09597047261473,110.63301009208018,1.0,1.0,184.47967479674796,0.0,1157.2409999999998,100.0,1257.2409999999998,True
SKU0070,CZ,0.98,0.75,1.0,1.0,0.95,324.0,18.957687482162186,116.49472710162763,1.0,1.0,189.7479674796748,0.0,1190.289,100.0,1290.289,True
SKU0070,CZ,0.98,0.75,1.0,1.0,0.97,324.0,22.820340863522325,120.35738048298776,1.0,1.0,192.3821138211382,0.0,1206.8129999999999,100.0,1306.8129999999999,True
SKU0070,CZ,0.98,0.75,1.0,1.0,0.99,324.0,26.220898763128133,123.75793838259358,1.0,1.0,195.01626016260164,0.0,1223.337,100.0,1323.337,True
SKU0070,CZ,0.98,1.0,1.0,1.0,0.75,432.0,0.0,97.53703961946545,0.9753265602322206,0.6666666666666666,224.95934959349594,1475.7700000000002,1411.17,100.0,2986.9400000000005,False
SKU0070,CZ,0.98,1.0,1.0,1.0,0.8,432.0,0.0,97.53703961946545,0.9753265602322206,0.6666666666666666,224.95934959349594,1475.7700000000002,1411.17,100.0,2986.9400000000005,False
SKU0070,CZ,0.98,1.0,1.0,1.0,0.85,432.0,0.05820986954540175,97.59524948901085,0.9753265602322206,0.6666666666666666,224.95934959349594,1475.7700000000002,1411.17,100.0,2986.9400000000005,False
SKU0070,CZ,0.98,1.0,1.0,1.0,0.9,432.0,13.09597047261473,110.63301009208018,1.0,1.0,242.4308943089431,0.0,1520.7689999999998,100.0,1620.7689999999998,True
SKU0070,CZ,0.98,1.0,1.0,1.0,0.95,432.0,18.957687482162186,116.49472710162763,1.0,1.0,245.9430894308943,0.0,1542.8009999999997,100.0,1642.8009999999997,True
SKU0070,CZ,0.98,1.0,1.0,1.0,0.97,432.0,22.820340863522325,120.35738048298776,1.0,1.0,249.45528455284554,0.0,1564.8329999999999,100.0,1664.8329999999999,True
SKU0070,CZ,0.98,1.0,1.0,1.0,0.99,432.0,26.220898763128133,123.75793838259358,1.0,1.0,256.479674796748,0.0,1608.897,100.0,1708.897,True
SKU0070,CZ,0.98,1.25,1.0,1.0,0.75,540.0,0.0,97.53703961946545,0.9753265602322206,0.6666666666666666,249.54471544715446,1475.7700000000002,1565.3939999999998,100.0,3141.1639999999998,False
SKU0070,CZ,0.98,1.25,1.0,1.0,0.8,540.0,0.0,97.53703961946545,0.9753265602322206,0.6666666666666666,249.54471544715446,1475.7700000000002,1565.3939999999998,100.0,3141.1639999999998,False
SKU0070,CZ,0.98,1.25,1.0,1.0,0.85,540.0,0.05820986954540175,97.59524948901085,0.9753265602322206,0.6666666666666666,249.54471544715446,1475.7700000000002,1565.3939999999998,100.0,3141.1639999999998,False
SKU0070,CZ,0.98,1.25,1.0,1.0,0.9,540.0,13.09597047261473,110.63301009208018,1.0,1.0,266.1382113821138,0.0,1669.485,100.0,1769.485,True
SKU0070,CZ,0.98,1.25,1.0,1.0,0.95,540.0,18.957687482162186,116.49472710162763,1.0,1.0,270.5284552845528,0.0,1697.0249999999999,100.0,1797.0249999999999,True
SKU0070,CZ,0.98,1.25,1.0,1.0,0.97,540.0,22.820340863522325,120.35738048298776,1.0,1.0,274.9186991869919,0.0,1724.565,100.0,1824.565,True
SKU0070,CZ,0.98,1.25,1.0,1.0,0.99,540.0,26.220898763128133,123.75793838259358,1.0,1.0,279.3089430894309,0.0,1752.105,100.0,1852.105,True
SKU0070,CZ,0.98,1.5,1.0,1.0,0.75,648.0,0.0,97.53703961946545,0.9753265602322206,0.5,325.0569105691057,1475.7700000000002,2039.0819999999999,50.0,3564.852,False
SKU0070,CZ,0.98,1.5,1.0,1.0,0.8,648.0,0.0,97.53703961946545,0.9753265602322206,0.5,325.0569105691057,1475.7700000000002,2039.0819999999999,50.0,3564.852,False
SKU0070,CZ,0.98,1.5,1.0,1.0,0.85,648.0,0.05820986954540175,97.59524948901085,0.9753265602322206,0.5,325.0569105691057,1475.7700000000002,2039.0819999999999,50.0,3564.852,False
SKU0070,CZ,0.98,1.5,1.0,1.0,0.9,648.0,13.09597047261473,110.63301009208018,1.0,1.0,321.4552845528455,0.0,2016.4889999999998,50.0,2066.4889999999996,True
SKU0070,CZ,0.98,1.5,1.0,1.0,0.95,648.0,18.957687482162186,116.49472710162763,1.0,1.0,321.4552845528455,0.0,2016.4889999999998,50.0,2066.4889999999996,True
SKU0070,CZ,0.98,1.5,1.0,1.0,0.97,648.0,22.820340863522325,120.35738048298776,1.0,1.0,321.4552845528455,0.0,2016.4889999999998,50.0,2066.4889999999996,True
SKU0070,CZ,0.98,1.5,1.0,1.0,0.99,648.0,26.220898763128133,123.75793838259358,1.0,1.0,326.7235772357724,0.0,2049.5370000000003,50.0,2099.5370000000003,True
SKU0071,AY,0.97,0.5,1.0,1.0,0.75,329.0,1.6269549772268528,145.89280479764912,1.0,1.0,226.6910569105691,0.0,15056.43804109589,200.0,15256.43804109589,True
SKU0071,AY,0.97,0.5,1.0,1.0,0.8,329.0,6.99686998825534,151.2627198086776,1.0,1.0,226.6910569105691,0.0,15056.43804109589,200.0,15256.43804109589,True
SKU0071,AY,0.97,0.5,1.0,1.0,0.85,329.0,7.620836579703974,151.88668640012622,1.0,1.0,226.6910569105691,0.0,15056.43804109589,200.0,15256.43804109589,True
SKU0071,AY,0.97,0.5,1.0,1.0,0.9,329.0,10.192493632972388,154.45834345339466,1.0,1.0,226.6910569105691,0.0,15056.43804109589,200.0,15256.43804109589,True
SKU0071,AY,0.97,0.5,1.0,1.0,0.95,329.0,13.000739067641778,157.26658888806404,1.0,1.0,229.3658536585366,0.0,15234.093534246576,200.0,15434.093534246576,True
SKU0071,AY,0.97,0.5,1.0,1.0,0.97,329.0,17.121852896308773,161.38770271673104,1.0,1.0,237.390243902439,0.0,15767.06001369863,200.0,15967.06001369863,True
SKU0071,AY,0.97,0.5,1.0,1.0,0.99,329.0,26.735849119818237,171.0016989402405,1.0,1.0,242.739837398374,0.0,16122.371,200.0,16322.371,True
SKU0071,AY,0.97,0.75,1.0,1.0,0.75,493.0,1.6269549772268528,145.89280479764912,1.0,1.0,286.2520325203252,0.0,19012.377684931507,150.0,19162.377684931507,True
SKU0071,AY,0.97,0.75,1.0,1.0,0.8,493.0,6.99686998825534,151.2627198086776,1.0,1.0,286.2520325203252,0.0,19012.377684931507,150.0,19162.377684931507,True
SKU0071,AY,0.97,0.75,1.0,1.0,0.85,493.0,7.620836579703974,151.88668640012622,1.0,1.0,286.2520325203252,0.0,19012.377684931507,150.0,19162.377684931507,True
SKU0071,AY,0.97,0.75,1.0,1.0,0.9,493.0,10.192493632972388,154.45834345339466,1.0,1.0,290.260162601626,0.0,19278.59093150685,150.0,19428.59093150685,True
SKU0071,AY,0.97,0.75,1.0,1.0,0.95,493.0,13.000739067641778,157.26658888806404,1.0,1.0,290.260162601626,0.0,19278.59093150685,150.0,19428.59093150685,True
SKU0071,AY,0.97,0.75,1.0,1.0,0.97,493.0,17.121852896308773,161.38770271673104,1.0,1.0,298.2764227642276,0.0,19811.017424657533,150.0,19961.017424657533,True
SKU0071,AY,0.97,0.75,1.0,1.0,0.99,493.0,26.735849119818237,171.0016989402405,1.0,1.0,302.2845528455285,0.0,20077.23067123288,150.0,20227.23067123288,True
SKU0071,AY,0.97,1.0,1.0,1.0,0.75,657.0,1.6269549772268528,145.89280479764912,1.0,1.0,372.739837398374,0.0,24756.751958904108,100.0,24856.751958904108,True
SKU0071,AY,0.97,1.0,1.0,1.0,0.8,657.0,6.99686998825534,151.2627198086776,1.0,1.0,372.739837398374,0.0,24756.751958904108,100.0,24856.751958904108,True
SKU0071,AY,0.97,1.0,1.0,1.0,0.85,657.0,7.620836579703974,151.88668640012622,1.0,1.0,372.739837398374,0.0,24756.751958904108,100.0,24856.751958904108,True
SKU0071,AY,0.97,1.0,1.0,1.0,0.9,657.0,10.192493632972388,154.45834345339466,1.0,1.0,372.739837398374,0.0,24756.751958904108,100.0,24856.751958904108,True
SKU0071,AY,0.97,1.0,1.0,1.0,0.95,657.0,13.000739067641778,157.26658888806404,1.0,1.0,378.0813008130081,0.0,25111.52295890411,100.0,25211.52295890411,True
SKU0071,AY,0.97,1.0,1.0,1.0,0.97,657.0,17.121852896308773,161.38770271673104,1.0,1.0,383.4227642276423,0.0,25466.29395890411,100.0,25566.29395890411,True
SKU0071,AY,0.97,1.0,1.0,1.0,0.99,657.0,26.735849119818237,171.0016989402405,1.0,1.0,388.7642276422764,0.0,25821.06495890411,100.0,25921.06495890411,True
SKU0071,AY,0.97,1.25,1.0,1.0,0.75,822.0,1.6269549772268528,145.89280479764912,1.0,1.0,421.4959349593496,0.0,27995.04980821918,100.0,28095.04980821918,True
SKU0071,AY,0.97,1.25,1.0,1.0,0.8,822.0,6.99686998825534,151.2627198086776,1.0,1.0,421.4959349593496,0.0,27995.04980821918,100.0,28095.04980821918,True
SKU0071,AY,0.97,1.25,1.0,1.0,0.85,822.0,7.620836579703974,151.88668640012622,1.0,1.0,421.4959349593496,0.0,27995.04980821918,100.0,28095.04980821918,True
SKU0071,AY,0.97,1.25,1.0,1.0,0.9,822.0,10.192493632972388,154.45834345339466,1.0,1.0,421.4959349593496,0.0,27995.04980821918,100.0,28095.04980821918,True
SKU0071,AY,0.97,1.25,1.0,1.0,0.95,822.0,13.000739067641778,157.26658888806404,1.0,1.0,428.1788617886179,0.0,28438.918547945206,100.0,28538.918547945206,True
SKU0071,AY,0.97,1.25,1.0,1.0,0.97,822.0,17.121852896308773,161.38770271673104,1.0,1.0,434.8617886178862,0.0,28882.78728767123,100.0,28982.78728767123,True
SKU0071,AY,0.97,1.25,1.0,1.0,0.99,822.0,26.735849119818237,171.0016989402405,1.0,1.0,441.5447154471545,0.0,29326.65602739726,100.0,29426.65602739726,True
SKU0071,AY,0.97,1.5,1.0,1.0,0.75,986.0,1.6269549772268528,145.89280479764912,1.0,1.0,450.5853658536585,0.0,29927.120794520546,100.0,30027.120794520546,True
SKU0071,AY,0.97,1.5,1.0,1.0,0.8,986.0,6.99686998825534,151.2627198086776,1.0,1.0,450.5853658536585,0.0,29927.120794520546,100.0,30027.120794520546,True
SKU0071,AY,0.97,1.5,1.0,1.0,0.85,986.0,7.620836579703974,151.88668640012622,1.0,1.0,450.5853658536585,0.0,29927.120794520546,100.0,30027.120794520546,True
SKU0071,AY,0.97,1.5,1.0,1.0,0.9,986.0,10.192493632972388,154.45834345339466,1.0,1.0,458.6016260162602,0.0,30459.547287671234,100.0,30559.547287671234,True
SKU0071,AY,0.97,1.5,1.0,1.0,0.95,986.0,13.000739067641778,157.26658888806404,1.0,1.0,458.6016260162602,0.0,30459.547287671234,100.0,30559.547287671234,True
SKU0071,AY,0.97,1.5,1.0,1.0,0.97,986.0,17.121852896308773,161.38770271673104,1.0,1.0,466.6178861788618,0.0,30991.973780821918,100.0,31091.973780821918,True
SKU0071,AY,0.97,1.5,1.0,1.0,0.99,986.0,26.735849119818237,171.0016989402405,1.0,1.0,474.6341463414634,0.0,31524.400273972602,100.0,31624.400273972602,True
SKU0072,AY,0.97,0.5,1.0,1.0,0.75,279.0,2.7982437827247324,44.35372949725815,1.0,1.0,155.03252032520325,0.0,10864.49744520548,250.0,11114.49744520548,True
SKU0072,AY,0.97,0.5,1.0,1.0,0.8,279.0,4.573282941808976,46.128768656342395,1.0,1.0,155.03252032520325,0.0,10864.49744520548,250.0,11114.49744520548,True
SKU0072,AY,0.97,0.5,1.0,1.0,0.85,279.0,6.687261126191508,48.24274684072493,1.0,1.0,157.3008130081301,0.0,11023.456739726029,250.0,11273.456739726029,True
SKU0072,AY,0.97,0.5,1.0,1.0,0.9,279.0,9.369322488652864,50.92480820318628,1.0,1.0,157.3008130081301,0.0,11023.456739726029,250.0,11273.456739726029,True
SKU0072,AY,0.97,0.5,1.0,1.0,0.95,279.0,11.96020526985884,53.51569098439226,1.0,1.0,159.5691056910569,0.0,11182.416034246577,250.0,11432.416034246577,True
SKU0072,AY,0.97,0.5,1.0,1.0,0.97,279.0,14.927965828899527,56.48345154343295,1.0,1.0,164.10569105691056,0.0,11500.33462328767,250.0,11750.33462328767,True
SKU0072,AY,0.97,0.5,1.0,1.0,0.99,279.0,18.65852574394014,60.21401145847356,1.0,1.0,168.64227642276424,0.0,11818.253212328767,250.0,12068.253212328767,True
SKU0072,AY,0.97,0.75,1.0,1.0,0.75,419.0,2.7982437827247324,44.35372949725815,0.9943995021779714,0.5,202.22764227642276,6316.74,14171.876315068494,150.0,20638.616315068495,True
SKU0072,AY,0.97,0.75,1.0,1.0,0.8,419.0,4.573282941808976,46.128768656342395,0.9943995021779714,0.5,202.22764227642276,6316.74,14171.876315068494,150.0,20638.616315068495,True
SKU0072,AY,0.97,0.75,1.0,1.0,0.85,419.0,6.687261126191508,48.24274684072493,0.9943995021779714,0.5,205.6341463414634,6316.74,14410.600130136987,200.0,20927.34013013699,True
SKU0072,AY,0.97,0.75,1.0,1.0,0.9,419.0,9.369322488652864,50.92480820318628,0.9968886123210952,0.8,211.1788617886179,3509.3,14799.16729452055,200.0,18508.46729452055,True
SKU0072,AY,0.97,0.75,1.0,1.0,0.95,419.0,11.96020526985884,53.51569098439226,0.9968886123210952,0.8,211.1788617886179,3509.3,14799.16729452055,200.0,18508.46729452055,True
SKU0072,AY,0.97,0.75,1.0,1.0,0.97,419.0,14.927965828899527,56.48345154343295,0.9968886123210952,0.8,211.1788617886179,3509.3,14799.16729452055,200.0,18508.46729452055,True
SKU0072,AY,0.97,0.75,1.0,1.0,0.99,419.0,18.65852574394014,60.21401145847356,1.0,1.0,218.3089430894309,0.0,15298.83504109589,200.0,15498.83504109589,True
SKU0072,AY,0.97,1.0,1.0,1.0,0.75,558.0,2.7982437827247324,44.35372949725815,1.0,1.0,282.0569105691057,0.0,19766.217938356167,150.0,19916.217938356167,True
SKU0072,AY,0.97,1.0,1.0,1.0,0.8,558.0,4.573282941808976,46.128768656342395,1.0,1.0,282.0569105691057,0.0,19766.217938356167,150.0,19916.217938356167,True
SKU0072,AY,0.97,1.0,1.0,1.0,0.85,558.0,6.687261126191508,48.24274684072493,1.0,1.0,286.5934959349593,0.0,20084.13652739726,150.0,20234.13652739726,True
SKU0072,AY,0.97,1.0,1.0,1.0,0.9,558.0,9.369322488652864,50.92480820318628,1.0,1.0,286.5934959349593,0.0,20084.13652739726,150.0,20234.13652739726,True
SKU0072,AY,0.97,1.0,1.0,1.0,0.95,558.0,11.96020526985884,53.51569098439226,1.0,1.0,286.5934959349593,0.0,20084.13652739726,150.0,20234.13652739726,True
SKU0072,AY,0.97,1.0,1.0,1.0,0.97,558.0,14.927965828899527,56.48345154343295,1.0,1.0,291.130081300813,0.0,20402.055116438358,150.0,20552.055116438358,True
SKU0072,AY,0.97,1.0,1.0,1.0,0.99,558.0,18.65852574394014,60.21401145847356,1.0,1.0,295.6666666666667,0.0,20719.973705479453,150.0,20869.973705479453,True
SKU0072,AY,0.97,1.25,1.0,1.0,0.75,698.0,2.7982437827247324,44.35372949725815,1.0,1.0,356.4146341463415,0.0,24977.120116438356,100.0,25077.120116438356,True
SKU0072,AY,0.97,1.25,1.0,1.0,0.8,698.0,4.573282941808976,46.128768656342395,1.0,1.0,356.4146341463415,0.0,24977.120116438356,100.0,25077.120116438356,True
SKU0072,AY,0.97,1.25,1.0,1.0,0.85,698.0,6.687261126191508,48.24274684072493,1.0,1.0,362.0894308943089,0.0,25374.803226027398,100.0,25474.803226027398,True
SKU0072,AY,0.97,1.25,1.0,1.0,0.9,698.0,9.369322488652864,50.92480820318628,1.0,1.0,362.0894308943089,0.0,25374.803226027398,100.0,25474.803226027398,True
SKU0072,AY,0.97,1.25,1.0,1.0,0.95,698.0,11.96020526985884,53.51569098439226,1.0,1.0,362.0894308943089,0.0,25374.803226027398,100.0,25474.803226027398,True
SKU0072,AY,0.97,1.25,1.0,1.0,0.97,698.0,14.927965828899527,56.48345154343295,1.0,1.0,367.7642276422764,0.0,25772.486335616442,100.0,25872.486335616442,True
SKU0072,AY,0.97,1.25,1.0,1.0,0.99,698.0,18.65852574394014,60.21401145847356,1.0,1.0,367.7642276422764,0.0,25772.486335616442,100.0,25872.486335616442,True
SKU0072,AY,0.97,1.5,1.0,1.0,0.75,837.0,2.7982437827247324,44.35372949725815,1.0,1.0,424.9593495934959,0.0,29780.653493150687,100.0,29880.653493150687,True
SKU0072,AY,0.97,1.5,1.0,1.0,0.8,837.0,4.573282941808976,46.128768656342395,1.0,1.0,424.9593495934959,0.0,29780.653493150687,100.0,29880.653493150687,True
SKU0072,AY,0.97,1.5,1.0,1.0,0.85,837.0,6.687261126191508,48.24274684072493,1.0,1.0,431.7642276422764,0.0,30257.53137671233,100.0,30357.53137671233,True
SKU0072,AY,0.97,1.5,1.0,1.0,0.9,837.0,9.369322488652864,50.92480820318628,1.0,1.0,431.7642276422764,0.0,30257.53137671233,100.0,30357.53137671233,True
SKU0072,AY,0.97,1.5,1.0,1.0,0.95,837.0,11.96020526985884,53.51569098439226,1.0,1.0,438.5691056910569,0.0,30734.409260273973,100.0,30834.409260273973,True
SKU0072,AY,0.97,1.5,1.0,1.0,0.97,837.0,14.927965828899527,56.48345154343295,1.0,1.0,438.5691056910569,0.0,30734.409260273973,100.0,30834.409260273973,True
SKU0072,AY,0.97,1.5,1.0,1.0,0.99,837.0,18.65852574394014,60.21401145847356,1.0,1.0,445.3739837398374,0.0,31211.28714383562,100.0,31311.28714383562,True
SKU0073,AY,0.97,0.5,1.0,1.0,0.75,368.0,0.45471272727572654,37.682706598223085,0.9970845481049563,0.75,196.0487804878049,2229.84,8989.897397260273,150.0,11369.737397260273,True
SKU0073,AY,0.97,0.5,1.0,1.0,0.8,368.0,1.9641005457911884,39.19209441673855,0.9970845481049563,0.75,196.0487804878049,2229.84,8989.897397260273,150.0,11369.737397260273,True
SKU0073,AY,0.97,0.5,1.0,1.0,0.85,368.0,2.5373708760515026,39.76536474699886,1.0,1.0,198.09756097560975,0.0,9083.84506849315,150.0,9233.84506849315,True
SKU0073,AY,0.97,0.5,1.0,1.0,0.9,368.0,4.9808275267862445,42.2088213977336,1.0,1.0,201.08943089430895,0.0,9221.038493150685,150.0,9371.038493150685,True
SKU0073,AY,0.97,0.5,1.0,1.0,0.95,368.0,6.021505500006718,43.24949937095408,1.0,1.0,201.08943089430895,0.0,9221.038493150685,150.0,9371.038493150685,True
SKU0073,AY,0.97,0.5,1.0,1.0,0.97,368.0,7.445617377385525,44.67361124833288,1.0,1.0,204.08130081300814,0.0,9358.231917808218,150.0,9508.231917808218,True
SKU0073,AY,0.97,0.5,1.0,1.0,0.99,368.0,9.032469856559603,46.26046372750696,1.0,1.0,204.08130081300814,0.0,9358.231917808218,150.0,9508.231917808218,True
SKU0073,AY,0.97,0.75,1.0,1.0,0.75,552.0,0.45471272727572654,37.682706598223085,1.0,1.0,266.9105691056911,0.0,12239.293835616438,100.0,12339.293835616438,True
SKU0073,AY,0.97,0.75,1.0,1.0,0.8,552.0,1.9641005457911884,39.19209441673855,1.0,1.0,266.9105691056911,0.0,12239.293835616438,100.0,12339.293835616438,True
SKU0073,AY,0.97,0.75,1.0,1.0,0.85,552.0,2.5373708760515026,39.76536474699886,1.0,1.0,266.9105691056911,0.0,12239.293835616438,100.0,12339.293835616438,True
SKU0073,AY,0.97,0.75,1.0,1.0,0.9,552.0,4.9808275267862445,42.2088213977336,1.0,1.0,271.3983739837398,0.0,12445.083972602739,100.0,12545.083972602739,True
SKU0073,AY,0.97,0.75,1.0,1.0,0.95,552.0,6.021505500006718,43.24949937095408,1.0,1.0,271.3983739837398,0.0,12445.083972602739,100.0,12545.083972602739,True
SKU0073,AY,0.97,0.75,1.0,1.0,0.97,552.0,7.445617377385525,44.67361124833288,1.0,1.0,271.3983739837398,0.0,12445.083972602739,100.0,12545.083972602739,True
SKU0073,AY,0.97,0.75,1.0,1.0,0.99,552.0,9.032469856559603,46.26046372750696,1.0,1.0,275.8861788617886,0.0,12650.87410958904,100.0,12750.87410958904,True
SKU0073,AY,0.97,1.0,1.0,1.0,0.75,736.0,0.45471272727572654,37.682706598223085,0.9970845481049563,0.6666666666666666,375.5609756097561,2229.84,17221.50287671233,100.0,19551.34287671233,True
SKU0073,AY,0.97,1.0,1.0,1.0,0.8,736.0,1.9641005457911884,39.19209441673855,0.9970845481049563,0.6666666666666666,375.5609756097561,2229.84,17221.50287671233,100.0,19551.34287671233,True
SKU0073,AY,0.97,1.0,1.0,1.0,0.85,736.0,2.5373708760515026,39.76536474699886,1.0,1.0,380.6016260162602,0.0,17452.64397260274,100.0,17552.64397260274,True
SKU0073,AY,0.97,1.0,1.0,1.0,0.9,736.0,4.9808275267862445,42.2088213977336,1.0,1.0,386.5853658536585,0.0,17727.030821917808,100.0,17827.030821917808,True
SKU0073,AY,0.97,1.0,1.0,1.0,0.95,736.0,6.021505500006718,43.24949937095408,1.0,1.0,386.5853658536585,0.0,17727.030821917808,100.0,17827.030821917808,True
SKU0073,AY,0.97,1.0,1.0,1.0,0.97,736.0,7.445617377385525,44.67361124833288,1.0,1.0,386.5853658536585,0.0,17727.030821917808,100.0,17827.030821917808,True
SKU0073,AY,0.97,1.0,1.0,1.0,0.99,736.0,9.032469856559603,46.26046372750696,1.0,1.0,386.5853658536585,0.0,17727.030821917808,100.0,17827.030821917808,True
SKU0073,AY,0.97,1.25,1.0,1.0,0.75,920.0,0.45471272727572654,37.682706598223085,1.0,1.0,420.9918699186992,0.0,19304.75520547945,100.0,19404.75520547945,True
SKU0073,AY,0.97,1.25,1.0,1.0,0.8,920.0,1.9641005457911884,39.19209441673855,1.0,1.0,420.9918699186992,0.0,19304.75520547945,100.0,19404.75520547945,True
SKU0073,AY,0.97,1.25,1.0,1.0,0.85,920.0,2.5373708760515026,39.76536474699886,1.0,1.0,420.9918699186992,0.0,19304.75520547945,100.0,19404.75520547945,True
SKU0073,AY,0.97,1.25,1.0,1.0,0.9,920.0,4.9808275267862445,42.2088213977336,1.0,1.0,420.9918699186992,0.0,19304.75520547945,100.0,19404.75520547945,True
SKU0073,AY,0.97,1.25,1.0,1.0,0.95,920.0,6.021505500006718,43.24949937095408,1.0,1.0,420.9918699186992,0.0,19304.75520547945,100.0,19404.75520547945,True
SKU0073,AY,0.97,1.25,1.0,1.0,0.97,920.0,7.445617377385525,44.67361124833288,1.0,1.0,420.9918699186992,0.0,19304.75520547945,100.0,19404.75520547945,True
SKU0073,AY,0.97,1.25,1.0,1.0,0.99,920.0,9.032469856559603,46.26046372750696,1.0,1.0,420.9918699186992,0.0,19304.75520547945,100.0,19404.75520547945,True
SKU0073,AY,0.97,1.5,1.0,1.0,0.75,1104.0,0.45471272727572654,37.682706598223085,1.0,1.0,500.2764227642276,0.0,22940.380958904105,50.0,22990.380958904105,True
SKU0073,AY,0.97,1.5,1.0,1.0,0.8,1104.0,1.9641005457911884,39.19209441673855,1.0,1.0,500.2764227642276,0.0,22940.380958904105,50.0,22990.380958904105,True
SKU0073,AY,0.97,1.5,1.0,1.0,0.85,1104.0,2.5373708760515026,39.76536474699886,1.0,1.0,500.2764227642276,0.0,22940.380958904105,50.0,22990.380958904105,True
SKU0073,AY,0.97,1.5,1.0,1.0,0.9,1104.0,4.9808275267862445,42.2088213977336,1.0,1.0,500.2764227642276,0.0,22940.380958904105,50.0,22990.380958904105,True
SKU0073,AY,0.97,1.5,1.0,1.0,0.95,1104.0,6.021505500006718,43.24949937095408,1.0,1.0,500.2764227642276,0.0,22940.380958904105,50.0,22990.380958904105,True
SKU0073,AY,0.97,1.5,1.0,1.0,0.97,1104.0,7.445617377385525,44.67361124833288,1.0,1.0,500.2764227642276,0.0,22940.380958904105,50.0,22990.380958904105,True
SKU0073,AY,0.97,1.5,1.0,1.0,0.99,1104.0,9.032469856559603,46.26046372750696,1.0,1.0,500.2764227642276,0.0,22940.380958904105,50.0,22990.380958904105,True
SKU0074,AX,0.97,0.5,1.0,1.0,0.75,161.0,5.14229730926866,211.11537393235847,0.8787128712871287,0.8666666666666667,104.91869918699187,219473.94000000003,6073.48191780822,700.0,226247.42191780824,False
SKU0074,AX,0.97,0.5,1.0,1.0,0.8,161.0,8.78820136484908,214.76127798793888,0.8787128712871287,0.8666666666666667,106.22764227642277,219473.94000000003,6149.253369863015,700.0,226323.19336986306,False
SKU0074,AX,0.97,0.5,1.0,1.0,0.85,161.0,12.079652826773636,218.05272944986345,0.8787128712871287,0.8666666666666667,107.53658536585365,219473.94000000003,6225.0248219178075,750.0,226448.96482191785,False
SKU0074,AX,0.97,0.5,1.0,1.0,0.9,161.0,16.96508789045402,222.93816451354382,0.879950495049505,0.9333333333333333,110.29268292682927,217234.41000000003,6384.568438356164,750.0,224368.9784383562,False
SKU0074,AX,0.97,0.5,1.0,1.0,0.95,161.0,20.856129185481382,226.8292058085712,0.879950495049505,0.9333333333333333,110.29268292682927,217234.41000000003,6384.568438356164,750.0,224368.9784383562,False
SKU0074,AX,0.97,0.5,1.0,1.0,0.97,161.0,24.15362044454342,230.12669706763324,0.879950495049505,0.9333333333333333,111.60162601626017,217234.41000000003,6460.339890410959,750.0,224444.74989041098,False
SKU0074,AX,0.97,0.5,1.0,1.0,0.99,161.0,25.28576304749102,231.25883967058084,0.879950495049505,0.9333333333333333,112.91056910569105,217234.41000000003,6536.111342465753,750.0,224520.5213424658,False
SKU0074,AX,0.97,0.75,1.0,1.0,0.75,242.0,5.14229730926866,211.11537393235847,0.879950495049505,0.9,141.71544715447155,217234.41000000003,8203.55391780822,500.0,225937.96391780826,False
SKU0074,AX,0.97,0.75,1.0,1.0,0.8,242.0,8.78820136484908,214.76127798793888,0.879950495049505,0.9090909090909091,153.52032520325204,217234.41000000003,8886.90887671233,500.0,226621.31887671235,False
SKU0074,AX,0.97,0.75,1.0,1.0,0.85,242.0,12.079652826773636,218.05272944986345,0.879950495049505,0.9090909090909091,157.45528455284554,217234.41000000003,9114.6938630137,500.0,226849.10386301373,False
SKU0074,AX,0.97,0.75,1.0,1.0,0.9,242.0,16.96508789045402,222.93816451354382,0.879950495049505,0.9090909090909091,163.35772357723576,217234.41000000003,9456.371342465753,500.0,227190.78134246578,False
SKU0074,AX,0.97,0.75,1.0,1.0,0.95,242.0,20.856129185481382,226.8292058085712,0.879950495049505,0.9090909090909091,163.35772357723576,217234.41000000003,9456.371342465753,500.0,227190.78134246578,False
SKU0074,AX,0.97,0.75,1.0,1.0,0.97,242.0,24.15362044454342,230.12669706763324,0.879950495049505,0.9090909090909091,165.3252032520325,217234.41000000003,9570.263835616437,500.0,227304.67383561647,False
SKU0074,AX,0.97,0.75,1.0,1.0,0.99,242.0,25.28576304749102,231.25883967058084,0.879950495049505,0.9090909090909091,165.3252032520325,217234.41000000003,9570.263835616437,500.0,227304.67383561647,False
SKU0074,AX,0.97,1.0,1.0,1.0,0.75,322.0,5.14229730926866,211.11537393235847,0.879950495049505,0.875,171.8130081300813,217234.41000000003,9945.826684931506,350.0,227530.23668493153,False
SKU0074,AX,0.97,1.0,1.0,1.0,0.8,322.0,8.78820136484908,214.76127798793888,0.879950495049505,0.875,171.8130081300813,217234.41000000003,9945.826684931506,400.0,227580.23668493153,False
SKU0074,AX,0.97,1.0,1.0,1.0,0.85,322.0,12.079652826773636,218.05272944986345,0.879950495049505,0.875,171.8130081300813,217234.41000000003,9945.826684931506,400.0,227580.23668493153,False
SKU0074,AX,0.97,1.0,1.0,1.0,0.9,322.0,16.96508789045402,222.93816451354382,0.879950495049505,0.875,171.8130081300813,217234.41000000003,9945.826684931506,400.0,227580.23668493153,False
SKU0074,AX,0.97,1.0,1.0,1.0,0.95,322.0,20.856129185481382,226.8292058085712,0.879950495049505,0.875,171.8130081300813,217234.41000000003,9945.826684931506,400.0,227580.23668493153,False
SKU0074,AX,0.97,1.0,1.0,1.0,0.97,322.0,24.15362044454342,230.12669706763324,0.879950495049505,0.875,174.4308943089431,217234.41000000003,10097.369589041096,400.0,227731.77958904114,False
SKU0074,AX,0.97,1.0,1.0,1.0,0.99,322.0,25.28576304749102,231.25883967058084,0.879950495049505,0.875,177.0487804878049,217234.41000000003,10248.912493150685,400.0,227883.3224931507,False
SKU0074,AX,0.97,1.25,1.0,1.0,0.75,403.0,5.14229730926866,211.11537393235847,0.879950495049505,0.8571428571428571,220.609756097561,217234.41000000003,12770.548767123288,300.0,230304.95876712332,False
SKU0074,AX,0.97,1.25,1.0,1.0,0.8,403.0,8.78820136484908,214.76127798793888,0.879950495049505,0.8571428571428571,220.609756097561,217234.41000000003,12770.548767123288,300.0,230304.95876712332,False
SKU0074,AX,0.97,1.25,1.0,1.0,0.85,403.0,12.079652826773636,218.05272944986345,0.879950495049505,0.8571428571428571,223.8861788617886,217234.41000000003,12960.212712328766,300.0,230494.6227123288,False
SKU0074,AX,0.97,1.25,1.0,1.0,0.9,403.0,16.96508789045402,222.93816451354382,0.879950495049505,0.8571428571428571,227.16260162601625,217234.41000000003,13149.876657534247,300.0,230684.28665753428,False
SKU0074,AX,0.97,1.25,1.0,1.0,0.95,403.0,20.856129185481382,226.8292058085712,0.879950495049505,0.8571428571428571,227.16260162601625,217234.41000000003,13149.876657534247,300.0,230684.28665753428,False
SKU0074,AX,0.97,1.25,1.0,1.0,0.97,403.0,24.15362044454342,230.12669706763324,0.879950495049505,0.8571428571428571,230.4390243902439,217234.41000000003,13339.540602739728,300.0,230873.95060273976,False
SKU0074,AX,0.97,1.25,1.0,1.0,0.99,403.0,25.28576304749102,231.25883967058084,0.879950495049505,0.8571428571428571,233.71544715447155,217234.41000000003,13529.204547945204,300.0,231063.61454794524,False
SKU0074,AX,0.97,1.5,1.0,1.0,0.75,483.0,5.14229730926866,211.11537393235847,0.8787128712871287,0.6666666666666666,254.1382113821138,219473.94000000003,14711.427452054793,250.0,234435.36745205484,False
SKU0074,AX,0.97,1.5,1.0,1.0,0.8,483.0,8.78820136484908,214.76127798793888,0.8787128712871287,0.6666666666666666,254.1382113821138,219473.94000000003,14711.427452054793,250.0,234435.36745205484,False
SKU0074,AX,0.97,1.5,1.0,1.0,0.85,483.0,12.079652826773636,218.05272944986345,0.8787128712871287,0.6666666666666666,254.1382113821138,219473.94000000003,14711.427452054793,250.0,234435.36745205484,False
SKU0074,AX,0.97,1.5,1.0,1.0,0.9,483.0,16.96508789045402,222.93816451354382,0.879950495049505,0.8333333333333334,256.8943089430894,217234.41000000003,14870.97106849315,250.0,232355.38106849318,False
SKU0074,AX,0.97,1.5,1.0,1.0,0.95,483.0,20.856129185481382,226.8292058085712,0.879950495049505,0.8333333333333334,256.8943089430894,217234.41000000003,14870.97106849315,250.0,232355.38106849318,False
SKU0074,AX,0.97,1.5,1.0,1.0,0.97,483.0,24.15362044454342,230.12669706763324,0.879950495049505,0.8333333333333334,256.8943089430894,217234.41000000003,14870.97106849315,250.0,232355.38106849318,False
SKU0074,AX,0.97,1.5,1.0,1.0,0.99,483.0,25.28576304749102,231.25883967058084,0.879950495049505,0.8333333333333334,256.8943089430894,217234.41000000003,14870.97106849315,250.0,232355.38106849318,False
SKU0076,BZ,0.98,0.5,1.0,1.0,0.75,176.0,0.0,116.93007459015786,0.962478184991274,0.7142857142857143,103.63414634146342,17996.789999999997,8296.114294520548,350.0,26642.904294520544,False
SKU0076,BZ,0.98,0.5,1.0,1.0,0.8,176.0,0.48694551033365713,117.41702010049151,0.962478184991274,0.7142857142857143,105.0650406504065,17996.789999999997,8410.660157534247,350.0,26757.450157534244,False
SKU0076,BZ,0.98,0.5,1.0,1.0,0.85,176.0,3.5474587603827525,120.47753335054061,0.9642233856893543,0.875,109.16260162601625,17159.73,8738.677856164384,350.0,26248.407856164384,False
SKU0076,BZ,0.98,0.5,1.0,1.0,0.9,176.0,9.470256771590654,126.40033136174851,0.9642233856893543,0.875,116.3170731707317,17159.73,9311.407171232877,350.0,26821.137171232876,False
SKU0076,BZ,0.98,0.5,1.0,1.0,0.95,176.0,20.716434539480172,137.64650912963802,0.9642233856893543,0.875,129.1951219512195,17159.73,10342.319938356164,350.0,27852.049938356162,False
SKU0076,BZ,0.98,0.5,1.0,1.0,0.97,176.0,25.04730090073537,141.97737549089322,0.9642233856893543,0.875,133.4878048780488,17159.73,10685.95752739726,350.0,28195.687527397262,False
SKU0076,BZ,0.98,0.5,1.0,1.0,0.99,176.0,29.477826242113114,146.40790083227097,0.9642233856893543,0.875,136.34959349593495,17159.73,10915.049253424659,350.0,28424.77925342466,False
SKU0076,BZ,0.98,0.75,1.0,1.0,0.75,264.0,0.0,116.93007459015786,0.9642233856893543,0.8333333333333334,144.21951219512195,17159.73,11545.051500000001,250.0,28954.7815,False
SKU0076,BZ,0.98,0.75,1.0,1.0,0.8,264.0,0.48694551033365713,117.41702010049151,0.9642233856893543,0.8333333333333334,144.21951219512195,17159.73,11545.051500000001,250.0,28954.7815,False
SKU0076,BZ,0.98,0.75,1.0,1.0,0.85,264.0,3.5474587603827525,120.47753335054061,0.9642233856893543,0.8333333333333334,144.21951219512195,17159.73,11545.051500000001,250.0,28954.7815,False
SKU0076,BZ,0.98,0.75,1.0,1.0,0.9,264.0,9.470256771590654,126.40033136174851,0.9642233856893543,0.8333333333333334,154.9512195121951,17159.73,12404.145472602739,250.0,29813.87547260274,False
SKU0076,BZ,0.98,0.75,1.0,1.0,0.95,264.0,20.716434539480172,137.64650912963802,0.9642233856893543,0.8333333333333334,169.97560975609755,17159.73,13606.877034246574,250.0,31016.607034246575,False
SKU0076,BZ,0.98,0.75,1.0,1.0,0.97,264.0,25.04730090073537,141.97737549089322,0.9642233856893543,0.8333333333333334,174.26829268292684,17159.73,13950.514623287672,250.0,31360.244623287672,False
SKU0076,BZ,0.98,0.75,1.0,1.0,0.99,264.0,29.477826242113114,146.40790083227097,0.9642233856893543,0.8333333333333334,180.70731707317074,17159.73,14465.971006849317,250.0,31875.70100684932,False
SKU0076,BZ,0.98,1.0,1.0,1.0,0.75,352.0,0.0,116.93007459015786,0.9642233856893543,0.8,182.1382113821138,17159.73,14580.516869863013,200.0,31940.24686986301,False
SKU0076,BZ,0.98,1.0,1.0,1.0,0.8,352.0,0.48694551033365713,117.41702010049151,0.9642233856893543,0.8,182.1382113821138,17159.73,14580.516869863013,200.0,31940.24686986301,False
SKU0076,BZ,0.98,1.0,1.0,1.0,0.85,352.0,3.5474587603827525,120.47753335054061,0.9642233856893543,0.8,185.0,17159.73,14809.608595890411,200.0,32169.33859589041,False
SKU0076,BZ,0.98,1.0,1.0,1.0,0.9,352.0,9.470256771590654,126.40033136174851,0.9642233856893543,0.8,193.58536585365854,17159.73,15496.883773972602,200.0,32856.613773972604,False
SKU0076,BZ,0.98,1.0,1.0,1.0,0.95,352.0,20.716434539480172,137.64650912963802,0.9642233856893543,0.8,205.03252032520325,17159.73,16413.250678082193,200.0,33772.9806780822,False
SKU0076,BZ,0.98,1.0,1.0,1.0,0.97,352.0,25.04730090073537,141.97737549089322,0.9642233856893543,0.8,210.7560975609756,17159.73,16871.434130136986,200.0,34231.16413013698,False
SKU0076,BZ,0.98,1.0,1.0,1.0,0.99,352.0,29.477826242113114,146.40790083227097,0.9642233856893543,0.8,213.6178861788618,17159.73,17100.525856164386,200.0,34460.25585616438,False
SKU0076,BZ,0.98,1.25,1.0,1.0,0.75,440.0,0.0,116.93007459015786,0.9642233856893543,0.75,255.82926829268294,17159.73,20479.628815068496,150.0,37789.358815068495,False
SKU0076,BZ,0.98,1.25,1.0,1.0,0.8,440.0,0.48694551033365713,117.41702010049151,0.9642233856893543,0.75,255.82926829268294,17159.73,20479.628815068496,150.0,37789.358815068495,False
SKU0076,BZ,0.98,1.25,1.0,1.0,0.85,440.0,3.5474587603827525,120.47753335054061,0.9642233856893543,0.75,255.82926829268294,17159.73,20479.628815068496,150.0,37789.358815068495,False
SKU0076,BZ,0.98,1.25,1.0,1.0,0.9,440.0,9.470256771590654,126.40033136174851,0.9642233856893543,0.75,259.4065040650407,17159.73,20765.993472602742,150.0,38075.72347260274,False
SKU0076,BZ,0.98,1.25,1.0,1.0,0.95,440.0,20.716434539480172,137.64650912963802,0.9642233856893543,0.75,270.1382113821138,17159.73,21625.08744520548,150.0,38934.81744520548,False
SKU0076,BZ,0.98,1.25,1.0,1.0,0.97,440.0,25.04730090073537,141.97737549089322,0.9642233856893543,0.75,270.1382113821138,17159.73,21625.08744520548,150.0,38934.81744520548,False
SKU0076,BZ,0.98,1.25,1.0,1.0,0.99,440.0,29.477826242113114,146.40790083227097,0.9642233856893543,0.75,273.7154471544715,17159.73,21911.452102739724,150.0,39221.18210273972,False
SKU0076,BZ,0.98,1.5,1.0,1.0,0.75,528.0,0.0,116.93007459015786,0.9642233856893543,0.75,253.6829268292683,17159.73,20307.810020547946,150.0,37617.540020547945,False
SKU0076,BZ,0.98,1.5,1.0,1.0,0.8,528.0,0.48694551033365713,117.41702010049151,0.9642233856893543,0.75,253.6829268292683,17159.73,20307.810020547946,150.0,37617.540020547945,False
SKU0076,BZ,0.98,1.5,1.0,1.0,0.85,528.0,3.5474587603827525,120.47753335054061,0.9642233856893543,0.75,253.6829268292683,17159.73,20307.810020547946,150.0,37617.540020547945,False
SKU0076,BZ,0.98,1.5,1.0,1.0,0.9,528.0,9.470256771590654,126.40033136174851,0.9642233856893543,0.75,266.5609756097561,17159.73,21338.72278767123,150.0,38648.45278767123,False
SKU0076,BZ,0.98,1.5,1.0,1.0,0.95,528.0,20.716434539480172,137.64650912963802,0.9642233856893543,0.75,283.7317073170732,17159.73,22713.273143835617,150.0,40023.003143835616,False
SKU0076,BZ,0.98,1.5,1.0,1.0,0.97,528.0,25.04730090073537,141.97737549089322,0.9642233856893543,0.75,292.3170731707317,17159.73,23400.548321917806,150.0,40710.27832191781,False
SKU0076,BZ,0.98,1.5,1.0,1.0,0.99,528.0,29.477826242113114,146.40790083227097,0.9642233856893543,0.75,296.609756097561,17159.73,23744.18591095891,150.0,41053.91591095891,False
SKU0077,AX,0.97,0.5,1.0,1.0,0.75,232.0,5.348597658010686,149.1986599568517,0.9946236559139785,0.7142857142857143,132.0731707317073,14747.580000000002,12583.977842465752,350.0,27681.557842465754,True
SKU0077,AX,0.97,0.5,1.0,1.0,0.8,232.0,6.667314742415786,150.51737704125682,0.9946236559139785,0.7142857142857143,133.95934959349594,14747.580000000002,12763.693623287672,350.0,27861.273623287674,True
SKU0077,AX,0.97,0.5,1.0,1.0,0.85,232.0,8.676557214621875,152.52661951346292,0.9982078853046595,0.8571428571428571,136.8048780487805,4915.860000000001,13034.816568493154,350.0,18300.676568493152,True
SKU0077,AX,0.97,0.5,1.0,1.0,0.9,232.0,12.705164315542808,156.55522661438386,0.9982078853046595,0.8571428571428571,136.8048780487805,4915.860000000001,13034.816568493154,350.0,18300.676568493152,True
SKU0077,AX,0.97,0.5,1.0,1.0,0.95,232.0,16.867793937735012,160.71785623657604,1.0,1.0,138.3821138211382,0.0,13185.096143835615,350.0,13535.096143835615,True
SKU0077,AX,0.97,0.5,1.0,1.0,0.97,232.0,18.98940420519566,162.8394665040367,1.0,1.0,140.26829268292684,0.0,13364.811924657535,350.0,13714.811924657535,True
SKU0077,AX,0.97,0.5,1.0,1.0,0.99,232.0,22.208062646609033,166.05812494545006,1.0,1.0,145.9268292682927,0.0,13903.95926712329,350.0,14253.95926712329,True
SKU0077,AX,0.97,0.75,1.0,1.0,0.75,348.0,5.348597658010686,149.1986599568517,0.997610513739546,0.8,174.1219512195122,6554.4800000000005,16590.40033561644,250.0,23394.88033561644,True
SKU0077,AX,0.97,0.75,1.0,1.0,0.8,348.0,6.667314742415786,150.51737704125682,0.997610513739546,0.8,174.1219512195122,6554.4800000000005,16590.40033561644,250.0,23394.88033561644,True
SKU0077,AX,0.97,0.75,1.0,1.0,0.85,348.0,8.676557214621875,152.52661951346292,1.0,1.0,185.53658536585365,0.0,17677.99066438356,250.0,17927.99066438356,True
SKU0077,AX,0.97,0.75,1.0,1.0,0.9,348.0,12.705164315542808,156.55522661438386,1.0,1.0,188.3658536585366,0.0,17947.56433561644,250.0,18197.56433561644,True
SKU0077,AX,0.97,0.75,1.0,1.0,0.95,348.0,16.867793937735012,160.71785623657604,1.0,1.0,196.85365853658536,0.0,18756.28534931507,250.0,19006.28534931507,True
SKU0077,AX,0.97,0.75,1.0,1.0,0.97,348.0,18.98940420519566,162.8394665040367,1.0,1.0,196.85365853658536,0.0,18756.28534931507,250.0,19006.28534931507,True
SKU0077,AX,0.97,0.75,1.0,1.0,0.99,348.0,22.208062646609033,166.05812494545006,1.0,1.0,211.0,0.0,20104.153705479453,250.0,20354.153705479453,True
SKU0077,AX,0.97,1.0,1.0,1.0,0.75,464.0,5.348597658010686,149.1986599568517,1.0,1.0,236.46341463414635,0.0,22530.316746575343,200.0,22730.316746575343,True
SKU0077,AX,0.97,1.0,1.0,1.0,0.8,464.0,6.667314742415786,150.51737704125682,1.0,1.0,236.46341463414635,0.0,22530.316746575343,200.0,22730.316746575343,True
SKU0077,AX,0.97,1.0,1.0,1.0,0.85,464.0,8.676557214621875,152.52661951346292,1.0,1.0,240.2357723577236,0.0,22889.74830821918,200.0,23089.74830821918,True
SKU0077,AX,0.97,1.0,1.0,1.0,0.9,464.0,12.705164315542808,156.55522661438386,1.0,1.0,240.2357723577236,0.0,22889.74830821918,200.0,23089.74830821918,True
SKU0077,AX,0.97,1.0,1.0,1.0,0.95,464.0,16.867793937735012,160.71785623657604,1.0,1.0,240.2357723577236,0.0,22889.74830821918,200.0,23089.74830821918,True
SKU0077,AX,0.97,1.0,1.0,1.0,0.97,464.0,18.98940420519566,162.8394665040367,1.0,1.0,244.0081300813008,0.0,23249.179869863015,200.0,23449.179869863015,True
SKU0077,AX,0.97,1.0,1.0,1.0,0.99,464.0,22.208062646609033,166.05812494545006,1.0,1.0,251.5528455284553,0.0,23968.042993150688,200.0,24168.042993150688,True
SKU0077,AX,0.97,1.25,1.0,1.0,0.75,580.0,5.348597658010686,149.1986599568517,1.0,1.0,304.3658536585366,0.0,29000.084856164387,150.0,29150.084856164387,True
SKU0077,AX,0.97,1.25,1.0,1.0,0.8,580.0,6.667314742415786,150.51737704125682,1.0,1.0,304.3658536585366,0.0,29000.084856164387,150.0,29150.084856164387,True
SKU0077,AX,0.97,1.25,1.0,1.0,0.85,580.0,8.676557214621875,152.52661951346292,1.0,1.0,309.0813008130081,0.0,29449.37430821918,150.0,29599.37430821918,True
SKU0077,AX,0.97,1.25,1.0,1.0,0.9,580.0,12.705164315542808,156.55522661438386,1.0,1.0,313.7967479674797,0.0,29898.663760273976,150.0,30048.663760273976,True
SKU0077,AX,0.97,1.25,1.0,1.0,0.95,580.0,16.867793937735012,160.71785623657604,1.0,1.0,313.7967479674797,0.0,29898.663760273976,150.0,30048.663760273976,True
SKU0077,AX,0.97,1.25,1.0,1.0,0.97,580.0,18.98940420519566,162.8394665040367,1.0,1.0,313.7967479674797,0.0,29898.663760273976,150.0,30048.663760273976,True
SKU0077,AX,0.97,1.25,1.0,1.0,0.99,580.0,22.208062646609033,166.05812494545006,1.0,1.0,323.2276422764228,0.0,30797.242664383564,150.0,30947.242664383564,True
SKU0077,AX,0.97,1.5,1.0,1.0,0.75,696.0,5.348597658010686,149.1986599568517,1.0,1.0,321.3414634146341,0.0,30617.526883561644,150.0,30767.526883561644,True
SKU0077,AX,0.97,1.5,1.0,1.0,0.8,696.0,6.667314742415786,150.51737704125682,1.0,1.0,321.3414634146341,0.0,30617.526883561644,150.0,30767.526883561644,True
SKU0077,AX,0.97,1.5,1.0,1.0,0.85,696.0,8.676557214621875,152.52661951346292,1.0,1.0,327.0,0.0,31156.674226027397,150.0,31306.674226027397,True
SKU0077,AX,0.97,1.5,1.0,1.0,0.9,696.0,12.705164315542808,156.55522661438386,1.0,1.0,327.0,0.0,31156.674226027397,150.0,31306.674226027397,True
SKU0077,AX,0.97,1.5,1.0,1.0,0.95,696.0,16.867793937735012,160.71785623657604,1.0,1.0,327.0,0.0,31156.674226027397,150.0,31306.674226027397,True
SKU0077,AX,0.97,1.5,1.0,1.0,0.97,696.0,18.98940420519566,162.8394665040367,1.0,1.0,327.0,0.0,31156.674226027397,150.0,31306.674226027397,True
SKU0077,AX,0.97,1.5,1.0,1.0,0.99,696.0,22.208062646609033,166.05812494545006,1.0,1.0,343.9756097560976,0.0,32774.11625342466,150.0,32924.11625342466,True
SKU0078,BZ,0.98,0.5,1.0,1.0,0.75,251.0,0.0,20.859006839182857,1.0,1.0,124.6260162601626,0.0,7329.781835616439,150.0,7479.781835616439,True
SKU0078,BZ,0.98,0.5,1.0,1.0,0.8,251.0,1.247064947597912,22.10607178678077,1.0,1.0,126.66666666666667,0.0,7449.8010958904115,150.0,7599.8010958904115,True
SKU0078,BZ,0.98,0.5,1.0,1.0,0.85,251.0,2.9040690456434293,23.763075884826286,1.0,1.0,126.66666666666667,0.0,7449.8010958904115,150.0,7599.8010958904115,True
SKU0078,BZ,0.98,0.5,1.0,1.0,0.9,251.0,3.8928745635301194,24.751881402712975,1.0,1.0,128.70731707317074,0.0,7569.820356164385,150.0,7719.820356164385,True
SKU0078,BZ,0.98,0.5,1.0,1.0,0.95,251.0,5.942867895946583,26.80187473512944,1.0,1.0,128.70731707317074,0.0,7569.820356164385,150.0,7719.820356164385,True
SKU0078,BZ,0.98,0.5,1.0,1.0,0.97,251.0,11.32131406379323,32.180320902976085,1.0,1.0,132.78861788617886,0.0,7809.858876712328,150.0,7959.858876712328,True
SKU0078,BZ,0.98,0.5,1.0,1.0,0.99,251.0,12.712174961371366,33.57118180055422,1.0,1.0,138.91056910569105,0.0,8169.916657534247,150.0,8319.916657534246,True
SKU0078,BZ,0.98,0.75,1.0,1.0,0.75,376.0,0.0,20.859006839182857,1.0,1.0,195.5121951219512,0.0,11498.897095890412,100.0,11598.897095890412,True
SKU0078,BZ,0.98,0.75,1.0,1.0,0.8,376.0,1.247064947597912,22.10607178678077,1.0,1.0,198.5691056910569,0.0,11678.686904109589,100.0,11778.686904109589,True
SKU0078,BZ,0.98,0.75,1.0,1.0,0.85,376.0,2.9040690456434293,23.763075884826286,1.0,1.0,198.5691056910569,0.0,11678.686904109589,100.0,11778.686904109589,True
SKU0078,BZ,0.98,0.75,1.0,1.0,0.9,376.0,3.8928745635301194,24.751881402712975,1.0,1.0,201.6260162601626,0.0,11858.476712328767,100.0,11958.476712328767,True
SKU0078,BZ,0.98,0.75,1.0,1.0,0.95,376.0,5.942867895946583,26.80187473512944,1.0,1.0,204.6829268292683,0.0,12038.266520547944,100.0,12138.266520547944,True
SKU0078,BZ,0.98,0.75,1.0,1.0,0.97,376.0,11.32131406379323,32.180320902976085,1.0,1.0,210.79674796747966,0.0,12397.846136986302,100.0,12497.846136986302,True
SKU0078,BZ,0.98,0.75,1.0,1.0,0.99,376.0,12.712174961371366,33.57118180055422,1.0,1.0,213.85365853658536,0.0,12577.635945205478,100.0,12677.635945205478,True
SKU0078,BZ,0.98,1.0,1.0,1.0,0.75,501.0,0.0,20.859006839182857,1.0,1.0,227.82926829268294,0.0,13399.600520547947,100.0,13499.600520547947,True
SKU0078,BZ,0.98,1.0,1.0,1.0,0.8,501.0,1.247064947597912,22.10607178678077,1.0,1.0,227.82926829268294,0.0,13399.600520547947,100.0,13499.600520547947,True
SKU0078,BZ,0.98,1.0,1.0,1.0,0.85,501.0,2.9040690456434293,23.763075884826286,1.0,1.0,227.82926829268294,0.0,13399.600520547947,100.0,13499.600520547947,True
SKU0078,BZ,0.98,1.0,1.0,1.0,0.9,501.0,3.8928745635301194,24.751881402712975,1.0,1.0,231.90243902439025,0.0,13639.16087671233,100.0,13739.16087671233,True
SKU0078,BZ,0.98,1.0,1.0,1.0,0.95,501.0,5.942867895946583,26.80187473512944,1.0,1.0,235.97560975609755,0.0,13878.721232876713,100.0,13978.721232876713,True
SKU0078,BZ,0.98,1.0,1.0,1.0,0.97,501.0,11.32131406379323,32.180320902976085,1.0,1.0,240.0487804878049,0.0,14118.281589041097,100.0,14218.281589041097,True
SKU0078,BZ,0.98,1.0,1.0,1.0,0.99,501.0,12.712174961371366,33.57118180055422,1.0,1.0,248.1951219512195,0.0,14597.402301369864,100.0,14697.402301369864,True
SKU0078,BZ,0.98,1.25,1.0,1.0,0.75,627.0,0.0,20.859006839182857,1.0,1.0,291.5609756097561,0.0,17147.93112328767,50.0,17197.93112328767,True
SKU0078,BZ,0.98,1.25,1.0,1.0,0.8,627.0,1.247064947597912,22.10607178678077,1.0,1.0,291.5609756097561,0.0,17147.93112328767,50.0,17197.93112328767,True
SKU0078,BZ,0.98,1.25,1.0,1.0,0.85,627.0,2.9040690456434293,23.763075884826286,1.0,1.0,291.5609756097561,0.0,17147.93112328767,50.0,17197.93112328767,True
SKU0078,BZ,0.98,1.25,1.0,1.0,0.9,627.0,3.8928745635301194,24.751881402712975,1.0,1.0,296.6585365853659,0.0,17447.740191780824,50.0,17497.740191780824,True
SKU0078,BZ,0.98,1.25,1.0,1.0,0.95,627.0,5.942867895946583,26.80187473512944,1.0,1.0,296.6585365853659,0.0,17447.740191780824,50.0,17497.740191780824,True
SKU0078,BZ,0.98,1.25,1.0,1.0,0.97,627.0,11.32131406379323,32.180320902976085,1.0,1.0,301.7560975609756,0.0,17747.549260273972,50.0,17797.549260273972,True
SKU0078,BZ,0.98,1.25,1.0,1.0,0.99,627.0,12.712174961371366,33.57118180055422,1.0,1.0,306.8536585365854,0.0,18047.358328767124,50.0,18097.358328767124,True
SKU0078,BZ,0.98,1.5,1.0,1.0,0.75,752.0,0.0,20.859006839182857,1.0,1.0,391.1544715447154,0.0,23005.444821917805,50.0,23055.444821917805,True
SKU0078,BZ,0.98,1.5,1.0,1.0,0.8,752.0,1.247064947597912,22.10607178678077,1.0,1.0,391.1544715447154,0.0,23005.444821917805,50.0,23055.444821917805,True
SKU0078,BZ,0.98,1.5,1.0,1.0,0.85,752.0,2.9040690456434293,23.763075884826286,1.0,1.0,391.1544715447154,0.0,23005.444821917805,50.0,23055.444821917805,True
SKU0078,BZ,0.98,1.5,1.0,1.0,0.9,752.0,3.8928745635301194,24.751881402712975,1.0,1.0,397.2682926829268,0.0,23365.024438356166,50.0,23415.024438356166,True
SKU0078,BZ,0.98,1.5,1.0,1.0,0.95,752.0,5.942867895946583,26.80187473512944,1.0,1.0,397.2682926829268,0.0,23365.024438356166,50.0,23415.024438356166,True
SKU0078,BZ,0.98,1.5,1.0,1.0,0.97,752.0,11.32131406379323,32.180320902976085,1.0,1.0,403.3821138211382,0.0,23724.60405479452,50.0,23774.60405479452,True
SKU0078,BZ,0.98,1.5,1.0,1.0,0.99,752.0,12.712174961371366,33.57118180055422,1.0,1.0,409.4959349593496,0.0,24084.183671232877,50.0,24134.183671232877,True
SKU0079,CZ,0.98,0.5,1.0,1.0,0.75,379.0,1.0025754887019702,29.54642289533239,1.0,1.0,218.8617886178862,0.0,6824.588767123289,50.0,6874.588767123289,True
SKU0079,CZ,0.98,0.5,1.0,1.0,0.8,379.0,2.247958603854815,30.791806010485235,1.0,1.0,221.9430894308943,0.0,6920.670458904109,50.0,6970.670458904109,True
SKU0079,CZ,0.98,0.5,1.0,1.0,0.85,379.0,3.2139643567438916,31.75781176337431,1.0,1.0,221.9430894308943,0.0,6920.670458904109,50.0,6970.670458904109,True
SKU0079,CZ,0.98,0.5,1.0,1.0,0.9,379.0,5.227553156274817,33.771400562905235,1.0,1.0,221.9430894308943,0.0,6920.670458904109,50.0,6970.670458904109,True
SKU0079,CZ,0.98,0.5,1.0,1.0,0.95,379.0,7.404350349452696,35.94819775608312,1.0,1.0,221.9430894308943,0.0,6920.670458904109,50.0,6970.670458904109,True
SKU0079,CZ,0.98,0.5,1.0,1.0,0.97,379.0,9.197266386586888,37.74111379321731,1.0,1.0,221.9430894308943,0.0,6920.670458904109,50.0,6970.670458904109,True
SKU0079,CZ,0.98,0.5,1.0,1.0,0.99,379.0,11.07190052973364,39.61574793636406,1.0,1.0,225.02439024390245,0.0,7016.752150684932,50.0,7066.752150684932,True
SKU0079,CZ,0.98,0.75,1.0,1.0,0.75,568.0,1.0025754887019702,29.54642289533239,1.0,1.0,312.5934959349593,0.0,9747.348198630136,50.0,9797.348198630136,True
SKU0079,CZ,0.98,0.75,1.0,1.0,0.8,568.0,2.247958603854815,30.791806010485235,1.0,1.0,317.2113821138211,0.0,9891.343979452055,50.0,9941.343979452055,True
SKU0079,CZ,0.98,0.75,1.0,1.0,0.85,568.0,3.2139643567438916,31.75781176337431,1.0,1.0,317.2113821138211,0.0,9891.343979452055,50.0,9941.343979452055,True
SKU0079,CZ,0.98,0.75,1.0,1.0,0.9,568.0,5.227553156274817,33.771400562905235,1.0,1.0,317.2113821138211,0.0,9891.343979452055,50.0,9941.343979452055,True
SKU0079,CZ,0.98,0.75,1.0,1.0,0.95,568.0,7.404350349452696,35.94819775608312,1.0,1.0,317.2113821138211,0.0,9891.343979452055,50.0,9941.343979452055,True
SKU0079,CZ,0.98,0.75,1.0,1.0,0.97,568.0,9.197266386586888,37.74111379321731,1.0,1.0,317.2113821138211,0.0,9891.343979452055,50.0,9941.343979452055,True
SKU0079,CZ,0.98,0.75,1.0,1.0,0.99,568.0,11.07190052973364,39.61574793636406,1.0,1.0,321.8292682926829,0.0,10035.339760273971,50.0,10085.339760273971,True
SKU0079,CZ,0.98,1.0,1.0,1.0,0.75,757.0,1.0025754887019702,29.54642289533239,1.0,1.0,406.3252032520325,0.0,12670.107630136985,50.0,12720.107630136985,True
SKU0079,CZ,0.98,1.0,1.0,1.0,0.8,757.0,2.247958603854815,30.791806010485235,1.0,1.0,412.479674796748,0.0,12862.017500000002,50.0,12912.017500000002,True
SKU0079,CZ,0.98,1.0,1.0,1.0,0.85,757.0,3.2139643567438916,31.75781176337431,1.0,1.0,412.479674796748,0.0,12862.017500000002,50.0,12912.017500000002,True
SKU0079,CZ,0.98,1.0,1.0,1.0,0.9,757.0,5.227553156274817,33.771400562905235,1.0,1.0,412.479674796748,0.0,12862.017500000002,50.0,12912.017500000002,True
SKU0079,CZ,0.98,1.0,1.0,1.0,0.95,757.0,7.404350349452696,35.94819775608312,1.0,1.0,412.479674796748,0.0,12862.017500000002,50.0,12912.017500000002,True
SKU0079,CZ,0.98,1.0,1.0,1.0,0.97,757.0,9.197266386586888,37.74111379321731,1.0,1.0,412.479674796748,0.0,12862.017500000002,50.0,12912.017500000002,True
SKU0079,CZ,0.98,1.0,1.0,1.0,0.99,757.0,11.07190052973364,39.61574793636406,1.0,1.0,418.6341463414634,0.0,13053.927369863013,50.0,13103.927369863013,True
SKU0079,CZ,0.98,1.25,1.0,1.0,0.75,947.0,1.0025754887019702,29.54642289533239,1.0,1.0,500.5528455284553,0.0,15608.331397260275,50.0,15658.331397260275,True
SKU0079,CZ,0.98,1.25,1.0,1.0,0.8,947.0,2.247958603854815,30.791806010485235,1.0,1.0,508.2520325203252,0.0,15848.408869863015,50.0,15898.408869863015,True
SKU0079,CZ,0.98,1.25,1.0,1.0,0.85,947.0,3.2139643567438916,31.75781176337431,1.0,1.0,508.2520325203252,0.0,15848.408869863015,50.0,15898.408869863015,True
SKU0079,CZ,0.98,1.25,1.0,1.0,0.9,947.0,5.227553156274817,33.771400562905235,1.0,1.0,508.2520325203252,0.0,15848.408869863015,50.0,15898.408869863015,True
SKU0079,CZ,0.98,1.25,1.0,1.0,0.95,947.0,7.404350349452696,35.94819775608312,1.0,1.0,508.2520325203252,0.0,15848.408869863015,50.0,15898.408869863015,True
SKU0079,CZ,0.98,1.25,1.0,1.0,0.97,947.0,9.197266386586888,37.74111379321731,1.0,1.0,508.2520325203252,0.0,15848.408869863015,50.0,15898.408869863015,True
SKU0079,CZ,0.98,1.25,1.0,1.0,0.99,947.0,11.07190052973364,39.61574793636406,1.0,1.0,515.9512195121952,0.0,16088.486342465756,50.0,16138.486342465756,True
SKU0079,CZ,0.98,1.5,1.0,1.0,0.75,1136.0,1.0025754887019702,29.54642289533239,1.0,1.0,594.2845528455284,0.0,18531.090828767123,50.0,18581.090828767123,True
SKU0079,CZ,0.98,1.5,1.0,1.0,0.8,1136.0,2.247958603854815,30.791806010485235,1.0,1.0,603.520325203252,0.0,18819.08239041096,50.0,18869.08239041096,True
SKU0079,CZ,0.98,1.5,1.0,1.0,0.85,1136.0,3.2139643567438916,31.75781176337431,1.0,1.0,603.520325203252,0.0,18819.08239041096,50.0,18869.08239041096,True
SKU0079,CZ,0.98,1.5,1.0,1.0,0.9,1136.0,5.227553156274817,33.771400562905235,1.0,1.0,603.520325203252,0.0,18819.08239041096,50.0,18869.08239041096,True
SKU0079,CZ,0.98,1.5,1.0,1.0,0.95,1136.0,7.404350349452696,35.94819775608312,1.0,1.0,603.520325203252,0.0,18819.08239041096,50.0,18869.08239041096,True
SKU0079,CZ,0.98,1.5,1.0,1.0,0.97,1136.0,9.197266386586888,37.74111379321731,1.0,1.0,603.520325203252,0.0,18819.08239041096,50.0,18869.08239041096,True
SKU0079,CZ,0.98,1.5,1.0,1.0,0.99,1136.0,11.07190052973364,39.61574793636406,1.0,1.0,612.7560975609756,0.0,19107.073952054794,50.0,19157.073952054794,True
SKU0081,CZ,0.98,0.5,1.0,1.0,0.75,222.0,0.0,59.319491651000504,1.0,1.0,150.27642276422765,0.0,1047.6376712328768,100.0,1147.6376712328768,True
SKU0081,CZ,0.98,0.5,1.0,1.0,0.8,222.0,0.16974320112169092,59.489234852122195,1.0,1.0,150.27642276422765,0.0,1047.6376712328768,100.0,1147.6376712328768,True
SKU0081,CZ,0.98,0.5,1.0,1.0,0.85,222.0,2.0934575098324903,61.412949160832994,1.0,1.0,152.08130081300814,0.0,1060.2202054794523,100.0,1160.2202054794523,True
SKU0081,CZ,0.98,0.5,1.0,1.0,0.9,222.0,3.195659752415528,62.515151403416034,1.0,1.0,152.08130081300814,0.0,1060.2202054794523,100.0,1160.2202054794523,True
SKU0081,CZ,0.98,0.5,1.0,1.0,0.95,222.0,5.1447486196237024,64.4642402706242,1.0,1.0,152.08130081300814,0.0,1060.2202054794523,100.0,1160.2202054794523,True
SKU0081,CZ,0.98,0.5,1.0,1.0,0.97,222.0,6.168761160838853,65.48825281183936,1.0,1.0,152.08130081300814,0.0,1060.2202054794523,100.0,1160.2202054794523,True
SKU0081,CZ,0.98,0.5,1.0,1.0,0.99,222.0,8.922244790741798,68.2417364417423,1.0,1.0,153.8861788617886,0.0,1072.8027397260273,100.0,1172.8027397260273,True
SKU0081,CZ,0.98,0.75,1.0,1.0,0.75,333.0,0.0,59.319491651000504,1.0,1.0,171.9349593495935,0.0,1198.6280821917808,50.0,1248.6280821917808,True
SKU0081,CZ,0.98,0.75,1.0,1.0,0.8,333.0,0.16974320112169092,59.489234852122195,1.0,1.0,171.9349593495935,0.0,1198.6280821917808,50.0,1248.6280821917808,True
SKU0081,CZ,0.98,0.75,1.0,1.0,0.85,333.0,2.0934575098324903,61.412949160832994,1.0,1.0,171.9349593495935,0.0,1198.6280821917808,50.0,1248.6280821917808,True
SKU0081,CZ,0.98,0.75,1.0,1.0,0.9,333.0,3.195659752415528,62.515151403416034,1.0,1.0,171.9349593495935,0.0,1198.6280821917808,100.0,1298.6280821917808,True
SKU0081,CZ,0.98,0.75,1.0,1.0,0.95,333.0,5.1447486196237024,64.4642402706242,1.0,1.0,171.9349593495935,0.0,1198.6280821917808,100.0,1298.6280821917808,True
SKU0081,CZ,0.98,0.75,1.0,1.0,0.97,333.0,6.168761160838853,65.48825281183936,1.0,1.0,171.9349593495935,0.0,1198.6280821917808,100.0,1298.6280821917808,True
SKU0081,CZ,0.98,0.75,1.0,1.0,0.99,333.0,8.922244790741798,68.2417364417423,1.0,1.0,174.64227642276424,0.0,1217.5018835616438,100.0,1317.5018835616438,True
SKU0081,CZ,0.98,1.0,1.0,1.0,0.75,444.0,0.0,59.319491651000504,1.0,1.0,235.10569105691056,0.0,1639.0167808219178,50.0,1689.0167808219178,True
SKU0081,CZ,0.98,1.0,1.0,1.0,0.8,444.0,0.16974320112169092,59.489234852122195,1.0,1.0,235.10569105691056,0.0,1639.0167808219178,50.0,1689.0167808219178,True
SKU0081,CZ,0.98,1.0,1.0,1.0,0.85,444.0,2.0934575098324903,61.412949160832994,1.0,1.0,235.10569105691056,0.0,1639.0167808219178,50.0,1689.0167808219178,True
SKU0081,CZ,0.98,1.0,1.0,1.0,0.9,444.0,3.195659752415528,62.515151403416034,1.0,1.0,235.10569105691056,0.0,1639.0167808219178,50.0,1689.0167808219178,True
SKU0081,CZ,0.98,1.0,1.0,1.0,0.95,444.0,5.1447486196237024,64.4642402706242,1.0,1.0,235.10569105691056,0.0,1639.0167808219178,50.0,1689.0167808219178,True
SKU0081,CZ,0.98,1.0,1.0,1.0,0.97,444.0,6.168761160838853,65.48825281183936,1.0,1.0,235.10569105691056,0.0,1639.0167808219178,50.0,1689.0167808219178,True
SKU0081,CZ,0.98,1.0,1.0,1.0,0.99,444.0,8.922244790741798,68.2417364417423,1.0,1.0,238.71544715447155,0.0,1664.1818493150683,50.0,1714.1818493150683,True
SKU0081,CZ,0.98,1.25,1.0,1.0,0.75,555.0,0.0,59.319491651000504,1.0,1.0,298.2764227642276,0.0,2079.405479452055,50.0,2129.405479452055,True
SKU0081,CZ,0.98,1.25,1.0,1.0,0.8,555.0,0.16974320112169092,59.489234852122195,1.0,1.0,298.2764227642276,0.0,2079.405479452055,50.0,2129.405479452055,True
SKU0081,CZ,0.98,1.25,1.0,1.0,0.85,555.0,2.0934575098324903,61.412949160832994,1.0,1.0,298.2764227642276,0.0,2079.405479452055,50.0,2129.405479452055,True
SKU0081,CZ,0.98,1.25,1.0,1.0,0.9,555.0,3.195659752415528,62.515151403416034,1.0,1.0,298.2764227642276,0.0,2079.405479452055,50.0,2129.405479452055,True
SKU0081,CZ,0.98,1.25,1.0,1.0,0.95,555.0,5.1447486196237024,64.4642402706242,1.0,1.0,298.2764227642276,0.0,2079.405479452055,50.0,2129.405479452055,True
SKU0081,CZ,0.98,1.25,1.0,1.0,0.97,555.0,6.168761160838853,65.48825281183936,1.0,1.0,298.2764227642276,0.0,2079.405479452055,50.0,2129.405479452055,True
SKU0081,CZ,0.98,1.25,1.0,1.0,0.99,555.0,8.922244790741798,68.2417364417423,1.0,1.0,302.7886178861789,0.0,2110.8618150684933,50.0,2160.8618150684933,True
SKU0081,CZ,0.98,1.5,1.0,1.0,0.75,666.0,0.0,59.319491651000504,1.0,1.0,361.4471544715447,0.0,2519.794178082192,50.0,2569.794178082192,True
SKU0081,CZ,0.98,1.5,1.0,1.0,0.8,666.0,0.16974320112169092,59.489234852122195,1.0,1.0,361.4471544715447,0.0,2519.794178082192,50.0,2569.794178082192,True
SKU0081,CZ,0.98,1.5,1.0,1.0,0.85,666.0,2.0934575098324903,61.412949160832994,1.0,1.0,361.4471544715447,0.0,2519.794178082192,50.0,2569.794178082192,True
SKU0081,CZ,0.98,1.5,1.0,1.0,0.9,666.0,3.195659752415528,62.515151403416034,1.0,1.0,361.4471544715447,0.0,2519.794178082192,50.0,2569.794178082192,True
SKU0081,CZ,0.98,1.5,1.0,1.0,0.95,666.0,5.1447486196237024,64.4642402706242,1.0,1.0,361.4471544715447,0.0,2519.794178082192,50.0,2569.794178082192,True
SKU0081,CZ,0.98,1.5,1.0,1.0,0.97,666.0,6.168761160838853,65.48825281183936,1.0,1.0,361.4471544715447,0.0,2519.794178082192,50.0,2569.794178082192,True
SKU0081,CZ,0.98,1.5,1.0,1.0,0.99,666.0,8.922244790741798,68.2417364417423,1.0,1.0,366.8617886178862,0.0,2557.5417808219177,50.0,2607.5417808219177,True
SKU0082,AX,0.97,0.5,1.0,1.0,0.75,192.0,9.280374400259845,189.02996073515067,0.9820496083550914,0.6666666666666666,123.48780487804878,32286.1,11112.418047945206,750.0,44148.5180479452,True
SKU0082,AX,0.97,0.5,1.0,1.0,0.8,192.0,10.897589983288809,190.64717631817965,0.9866187989556136,0.75,123.91056910569105,24067.82,11150.461746575344,750.0,35968.28174657535,True
SKU0082,AX,0.97,0.5,1.0,1.0,0.85,192.0,13.949931673002812,193.69951800789366,0.9947780678851175,0.875,128.4878048780488,9392.32,11562.357945205482,750.0,21704.677945205483,True
SKU0082,AX,0.97,0.5,1.0,1.0,0.9,192.0,18.33796957699227,198.0875559118831,0.9947780678851175,0.875,130.0487804878049,9392.32,11702.826986301374,750.0,21845.146986301374,True
SKU0082,AX,0.97,0.5,1.0,1.0,0.95,192.0,30.363446069972266,210.1130324048631,0.9983681462140992,0.9375,142.70731707317074,2935.1,12841.943116438359,750.0,16527.04311643836,True
SKU0082,AX,0.97,0.5,1.0,1.0,0.97,192.0,33.63179833097473,213.38138466586557,1.0,1.0,144.8130081300813,0.0,13031.430000000002,800.0,13831.430000000002,True
SKU0082,AX,0.97,0.5,1.0,1.0,0.99,192.0,37.55498911469714,217.304575449588,1.0,1.0,149.4959349593496,0.0,13452.837123287673,800.0,14252.837123287673,True
SKU0082,AX,0.97,0.75,1.0,1.0,0.75,288.0,9.280374400259845,189.02996073515067,0.9947780678851175,0.9090909090909091,165.10569105691056,9392.32,14857.527534246577,500.0,24749.847534246575,True
SKU0082,AX,0.97,0.75,1.0,1.0,0.8,288.0,10.897589983288809,190.64717631817965,0.9947780678851175,0.9090909090909091,165.10569105691056,9392.32,14857.527534246577,500.0,24749.847534246575,True
SKU0082,AX,0.97,0.75,1.0,1.0,0.85,288.0,13.949931673002812,193.69951800789366,0.9947780678851175,0.9090909090909091,165.10569105691056,9392.32,14857.527534246577,500.0,24749.847534246575,True
SKU0082,AX,0.97,0.75,1.0,1.0,0.9,288.0,18.33796957699227,198.0875559118831,0.9983681462140992,0.9090909090909091,174.70731707317074,2935.1,15721.558458904112,500.0,19156.658458904112,True
SKU0082,AX,0.97,0.75,1.0,1.0,0.95,288.0,30.363446069972266,210.1130324048631,0.9983681462140992,0.9090909090909091,186.41463414634146,2935.1,16775.076267123288,500.0,20210.176267123286,True
SKU0082,AX,0.97,0.75,1.0,1.0,0.97,288.0,33.63179833097473,213.38138466586557,1.0,1.0,187.739837398374,0.0,16894.328630136988,550.0,17444.328630136988,True
SKU0082,AX,0.97,0.75,1.0,1.0,0.99,288.0,37.55498911469714,217.304575449588,1.0,1.0,190.08130081300814,0.0,17105.032191780825,550.0,17655.032191780825,True
SKU0082,AX,0.97,1.0,1.0,1.0,0.75,384.0,9.280374400259845,189.02996073515067,0.9983681462140992,0.8888888888888888,212.9512195121951,2935.1,19163.049965753424,400.0,22498.149965753422,True
SKU0082,AX,0.97,1.0,1.0,1.0,0.8,384.0,10.897589983288809,190.64717631817965,0.9983681462140992,0.8888888888888888,216.0731707317073,2935.1,19443.988047945204,400.0,22779.088047945203,True
SKU0082,AX,0.97,1.0,1.0,1.0,0.85,384.0,13.949931673002812,193.69951800789366,0.9983681462140992,0.8888888888888888,219.1951219512195,2935.1,19724.926130136988,400.0,23060.026130136986,True
SKU0082,AX,0.97,1.0,1.0,1.0,0.9,384.0,18.33796957699227,198.0875559118831,0.9983681462140992,0.8888888888888888,219.1951219512195,2935.1,19724.926130136988,400.0,23060.026130136986,True
SKU0082,AX,0.97,1.0,1.0,1.0,0.95,384.0,30.363446069972266,210.1130324048631,0.9983681462140992,0.8888888888888888,234.8048780487805,2935.1,21129.616541095893,400.0,24464.71654109589,True
SKU0082,AX,0.97,1.0,1.0,1.0,0.97,384.0,33.63179833097473,213.38138466586557,1.0,1.0,240.03252032520325,0.0,21600.041506849317,400.0,22000.041506849317,True
SKU0082,AX,0.97,1.0,1.0,1.0,0.99,384.0,37.55498911469714,217.304575449588,1.0,1.0,240.03252032520325,0.0,21600.041506849317,400.0,22000.041506849317,True
SKU0082,AX,0.97,1.25,1.0,1.0,0.75,480.0,9.280374400259845,189.02996073515067,1.0,1.0,261.8861788617886,0.0,23566.608082191782,300.0,23866.608082191782,True
SKU0082,AX,0.97,1.25,1.0,1.0,0.8,480.0,10.897589983288809,190.64717631817965,1.0,1.0,261.8861788617886,0.0,23566.608082191782,300.0,23866.608082191782,True
SKU0082,AX,0.97,1.25,1.0,1.0,0.85,480.0,13.949931673002812,193.69951800789366,1.0,1.0,273.5934959349593,0.0,24620.12589041096,300.0,24920.12589041096,True
SKU0082,AX,0.97,1.25,1.0,1.0,0.9,480.0,18.33796957699227,198.0875559118831,1.0,1.0,273.5934959349593,0.0,24620.12589041096,300.0,24920.12589041096,True
SKU0082,AX,0.97,1.25,1.0,1.0,0.95,480.0,30.363446069972266,210.1130324048631,1.0,1.0,289.2032520325203,0.0,26024.816301369865,350.0,26374.816301369865,True
SKU0082,AX,0.97,1.25,1.0,1.0,0.97,480.0,33.63179833097473,213.38138466586557,1.0,1.0,289.2032520325203,0.0,26024.816301369865,350.0,26374.816301369865,True
SKU0082,AX,0.97,1.25,1.0,1.0,0.99,480.0,37.55498911469714,217.304575449588,1.0,1.0,289.2032520325203,0.0,26024.816301369865,350.0,26374.816301369865,True
SKU0082,AX,0.97,1.5,1.0,1.0,0.75,576.0,9.280374400259845,189.02996073515067,0.9947780678851175,0.8333333333333334,314.9593495934959,9392.32,28342.555479452058,250.0,37984.87547945206,True
SKU0082,AX,0.97,1.5,1.0,1.0,0.8,576.0,10.897589983288809,190.64717631817965,0.9947780678851175,0.8333333333333334,314.9593495934959,9392.32,28342.555479452058,250.0,37984.87547945206,True
SKU0082,AX,0.97,1.5,1.0,1.0,0.85,576.0,13.949931673002812,193.69951800789366,0.9947780678851175,0.8333333333333334,314.9593495934959,9392.32,28342.555479452058,250.0,37984.87547945206,True
SKU0082,AX,0.97,1.5,1.0,1.0,0.9,576.0,18.33796957699227,198.0875559118831,0.9983681462140992,0.8333333333333334,317.5365853658537,2935.1,28574.47571917809,250.0,31759.575719178087,True
SKU0082,AX,0.97,1.5,1.0,1.0,0.95,576.0,30.363446069972266,210.1130324048631,0.9983681462140992,0.8333333333333334,322.219512195122,2935.1,28995.88284246576,250.0,32180.982842465757,True
SKU0082,AX,0.97,1.5,1.0,1.0,0.97,576.0,33.63179833097473,213.38138466586557,1.0,1.0,325.8861788617886,0.0,29325.83876712329,300.0,29625.83876712329,True
SKU0082,AX,0.97,1.5,1.0,1.0,0.99,576.0,37.55498911469714,217.304575449588,1.0,1.0,330.5691056910569,0.0,29747.24589041096,300.0,30047.24589041096,True
SKU0083,AX,0.97,0.5,1.0,1.0,0.75,189.0,3.188828815128913,129.26255217820085,0.9913822819717338,0.875,111.65040650406505,12510.499999999998,8278.365273972602,750.0,21538.865273972602,True
SKU0083,AX,0.97,0.5,1.0,1.0,0.8,189.0,4.676832809595777,130.7505561726677,0.9913822819717338,0.875,113.1869918699187,12510.499999999998,8392.29602739726,750.0,21652.796027397257,True
SKU0083,AX,0.97,0.5,1.0,1.0,0.85,189.0,6.841176523878586,132.9148998869505,0.9913822819717338,0.875,113.1869918699187,12510.499999999998,8392.29602739726,750.0,21652.796027397257,True
SKU0083,AX,0.97,0.5,1.0,1.0,0.9,189.0,9.355324297210197,135.42904766028212,0.9913822819717338,0.875,116.26016260162602,12510.499999999998,8620.157534246575,750.0,21880.657534246573,True
SKU0083,AX,0.97,0.5,1.0,1.0,0.95,189.0,15.475181445232543,141.54890480830448,1.0,1.0,119.99186991869918,0.0,8896.846506849315,750.0,9646.846506849315,True
SKU0083,AX,0.97,0.5,1.0,1.0,0.97,189.0,18.588241036391377,144.6619643994633,1.0,1.0,119.99186991869918,0.0,8896.846506849315,750.0,9646.846506849315,True
SKU0083,AX,0.97,0.5,1.0,1.0,0.99,189.0,24.5407415039233,150.61446486699523,1.0,1.0,127.67479674796748,0.0,9466.500273972602,750.0,10216.500273972602,True
SKU0083,AX,0.97,0.75,1.0,1.0,0.75,283.0,3.188828815128913,129.26255217820085,1.0,1.0,160.9512195121951,0.0,11933.794315068491,500.0,12433.794315068491,True
SKU0083,AX,0.97,0.75,1.0,1.0,0.8,283.0,4.676832809595777,130.7505561726677,1.0,1.0,160.9512195121951,0.0,11933.794315068491,500.0,12433.794315068491,True
SKU0083,AX,0.97,0.75,1.0,1.0,0.85,283.0,6.841176523878586,132.9148998869505,1.0,1.0,163.2520325203252,0.0,12104.389041095892,500.0,12604.389041095892,True
SKU0083,AX,0.97,0.75,1.0,1.0,0.9,283.0,9.355324297210197,135.42904766028212,1.0,1.0,165.5528455284553,0.0,12274.983767123289,500.0,12774.983767123289,True
SKU0083,AX,0.97,0.75,1.0,1.0,0.95,283.0,15.475181445232543,141.54890480830448,1.0,1.0,167.85365853658536,0.0,12445.578493150686,500.0,12945.578493150686,True
SKU0083,AX,0.97,0.75,1.0,1.0,0.97,283.0,18.588241036391377,144.6619643994633,1.0,1.0,167.85365853658536,0.0,12445.578493150686,500.0,12945.578493150686,True
SKU0083,AX,0.97,0.75,1.0,1.0,0.99,283.0,24.5407415039233,150.61446486699523,1.0,1.0,174.7560975609756,0.0,12957.362671232877,500.0,13457.362671232877,True
SKU0083,AX,0.97,1.0,1.0,1.0,0.75,377.0,3.188828815128913,129.26255217820085,0.9906928645294726,0.7777777777777778,195.02439024390245,13511.339999999998,14460.163561643836,400.0,28371.503561643833,True
SKU0083,AX,0.97,1.0,1.0,1.0,0.8,377.0,4.676832809595777,130.7505561726677,0.9906928645294726,0.7777777777777778,195.02439024390245,13511.339999999998,14460.163561643836,400.0,28371.503561643833,True
SKU0083,AX,0.97,1.0,1.0,1.0,0.85,377.0,6.841176523878586,132.9148998869505,0.9906928645294726,0.7777777777777778,195.02439024390245,13511.339999999998,14460.163561643836,400.0,28371.503561643833,True
SKU0083,AX,0.97,1.0,1.0,1.0,0.9,377.0,9.355324297210197,135.42904766028212,0.9906928645294726,0.7777777777777778,195.02439024390245,13511.339999999998,14460.163561643836,400.0,28371.503561643833,True
SKU0083,AX,0.97,1.0,1.0,1.0,0.95,377.0,15.475181445232543,141.54890480830448,1.0,1.0,206.27642276422765,0.0,15294.450136986301,400.0,15694.450136986301,True
SKU0083,AX,0.97,1.0,1.0,1.0,0.97,377.0,18.588241036391377,144.6619643994633,1.0,1.0,209.34146341463415,0.0,15521.70883561644,400.0,15921.70883561644,True
SKU0083,AX,0.97,1.0,1.0,1.0,0.99,377.0,24.5407415039233,150.61446486699523,1.0,1.0,221.60162601626016,0.0,16430.743630136985,400.0,16830.743630136985,True
SKU0083,AX,0.97,1.25,1.0,1.0,0.75,472.0,3.188828815128913,129.26255217820085,1.0,1.0,257.2520325203252,0.0,19074.057671232877,300.0,19374.057671232877,True
SKU0083,AX,0.97,1.25,1.0,1.0,0.8,472.0,4.676832809595777,130.7505561726677,1.0,1.0,261.0894308943089,0.0,19358.583150684928,300.0,19658.583150684928,True
SKU0083,AX,0.97,1.25,1.0,1.0,0.85,472.0,6.841176523878586,132.9148998869505,1.0,1.0,261.0894308943089,0.0,19358.583150684928,300.0,19658.583150684928,True
SKU0083,AX,0.97,1.25,1.0,1.0,0.9,472.0,9.355324297210197,135.42904766028212,1.0,1.0,261.0894308943089,0.0,19358.583150684928,300.0,19658.583150684928,True
SKU0083,AX,0.97,1.25,1.0,1.0,0.95,472.0,15.475181445232543,141.54890480830448,1.0,1.0,261.0894308943089,0.0,19358.583150684928,300.0,19658.583150684928,True
SKU0083,AX,0.97,1.25,1.0,1.0,0.97,472.0,18.588241036391377,144.6619643994633,1.0,1.0,264.9268292682927,0.0,19643.108630136987,300.0,19943.108630136987,True
SKU0083,AX,0.97,1.25,1.0,1.0,0.99,472.0,24.5407415039233,150.61446486699523,1.0,1.0,268.7642276422764,0.0,19927.63410958904,300.0,20227.63410958904,True
SKU0083,AX,0.97,1.5,1.0,1.0,0.75,566.0,3.188828815128913,129.26255217820085,1.0,1.0,301.3008130081301,0.0,22340.072602739725,250.0,22590.072602739725,True
SKU0083,AX,0.97,1.5,1.0,1.0,0.8,566.0,4.676832809595777,130.7505561726677,1.0,1.0,301.3008130081301,0.0,22340.072602739725,250.0,22590.072602739725,True
SKU0083,AX,0.97,1.5,1.0,1.0,0.85,566.0,6.841176523878586,132.9148998869505,1.0,1.0,301.3008130081301,0.0,22340.072602739725,250.0,22590.072602739725,True
SKU0083,AX,0.97,1.5,1.0,1.0,0.9,566.0,9.355324297210197,135.42904766028212,1.0,1.0,301.3008130081301,0.0,22340.072602739725,250.0,22590.072602739725,True
SKU0083,AX,0.97,1.5,1.0,1.0,0.95,566.0,15.475181445232543,141.54890480830448,1.0,1.0,305.9024390243902,0.0,22681.26205479452,250.0,22931.26205479452,True
SKU0083,AX,0.97,1.5,1.0,1.0,0.97,566.0,18.588241036391377,144.6619643994633,1.0,1.0,305.9024390243902,0.0,22681.26205479452,250.0,22931.26205479452,True
SKU0083,AX,0.97,1.5,1.0,1.0,0.99,566.0,24.5407415039233,150.61446486699523,1.0,1.0,315.1056910569106,0.0,23363.640958904114,250.0,23613.640958904114,True
SKU0084,AX,0.97,0.5,1.0,1.0,0.75,378.0,3.350423572624564,64.01816482738839,0.9987282746926663,0.8333333333333334,249.9268292682927,1909.5,15671.172246575343,250.0,17830.67224657534,True
SKU0084,AX,0.97,0.5,1.0,1.0,0.8,378.0,4.867927382330212,65.53566863709403,1.0,1.0,255.390243902439,0.0,16013.744958904108,250.0,16263.744958904108,True
SKU0084,AX,0.97,0.5,1.0,1.0,0.85,378.0,6.033326225852816,66.70106748061664,1.0,1.0,255.390243902439,0.0,16013.744958904108,250.0,16263.744958904108,True
SKU0084,AX,0.97,0.5,1.0,1.0,0.9,378.0,8.288249131036192,68.95599038580002,1.0,1.0,255.390243902439,0.0,16013.744958904108,250.0,16263.744958904108,True
SKU0084,AX,0.97,0.5,1.0,1.0,0.95,378.0,10.672566342933525,71.34030759769735,1.0,1.0,258.4634146341463,0.0,16206.442109589037,250.0,16456.442109589036,True
SKU0084,AX,0.97,0.5,1.0,1.0,0.97,378.0,14.440192228513304,75.10793348327712,1.0,1.0,261.5365853658537,0.0,16399.139260273972,250.0,16649.139260273972,True
SKU0084,AX,0.97,0.5,1.0,1.0,0.99,378.0,17.874019314025205,78.54176056878903,1.0,1.0,264.609756097561,0.0,16591.836410958906,250.0,16841.836410958906,True
SKU0084,AX,0.97,0.75,1.0,1.0,0.75,567.0,3.350423572624564,64.01816482738839,0.9987282746926663,0.75,334.4390243902439,1909.5,20970.343890410957,150.0,23029.843890410957,True
SKU0084,AX,0.97,0.75,1.0,1.0,0.8,567.0,4.867927382330212,65.53566863709403,1.0,1.0,347.5853658536585,0.0,21794.659479452053,150.0,21944.659479452053,True
SKU0084,AX,0.97,0.75,1.0,1.0,0.85,567.0,6.033326225852816,66.70106748061664,1.0,1.0,347.5853658536585,0.0,21794.659479452053,150.0,21944.659479452053,True
SKU0084,AX,0.97,0.75,1.0,1.0,0.9,567.0,8.288249131036192,68.95599038580002,1.0,1.0,347.5853658536585,0.0,21794.659479452053,150.0,21944.659479452053,True
SKU0084,AX,0.97,0.75,1.0,1.0,0.95,567.0,10.672566342933525,71.34030759769735,1.0,1.0,347.5853658536585,0.0,21794.659479452053,150.0,21944.659479452053,True
SKU0084,AX,0.97,0.75,1.0,1.0,0.97,567.0,14.440192228513304,75.10793348327712,1.0,1.0,347.5853658536585,0.0,21794.659479452053,150.0,21944.659479452053,True
SKU0084,AX,0.97,0.75,1.0,1.0,0.99,567.0,17.874019314025205,78.54176056878903,1.0,1.0,347.5853658536585,0.0,21794.659479452053,150.0,21944.659479452053,True
SKU0084,AX,0.97,1.0,1.0,1.0,0.75,756.0,3.350423572624564,64.01816482738839,1.0,1.0,399.8292682926829,0.0,25070.51104109589,150.0,25220.51104109589,True
SKU0084,AX,0.97,1.0,1.0,1.0,0.8,756.0,4.867927382330212,65.53566863709403,1.0,1.0,399.8292682926829,0.0,25070.51104109589,150.0,25220.51104109589,True
SKU0084,AX,0.97,1.0,1.0,1.0,0.85,756.0,6.033326225852816,66.70106748061664,1.0,1.0,399.8292682926829,0.0,25070.51104109589,150.0,25220.51104109589,True
SKU0084,AX,0.97,1.0,1.0,1.0,0.9,756.0,8.288249131036192,68.95599038580002,1.0,1.0,399.8292682926829,0.0,25070.51104109589,150.0,25220.51104109589,True
SKU0084,AX,0.97,1.0,1.0,1.0,0.95,756.0,10.672566342933525,71.34030759769735,1.0,1.0,405.9756097560976,0.0,25455.905342465754,150.0,25605.905342465754,True
SKU0084,AX,0.97,1.0,1.0,1.0,0.97,756.0,14.440192228513304,75.10793348327712,1.0,1.0,405.9756097560976,0.0,25455.905342465754,150.0,25605.905342465754,True
SKU0084,AX,0.97,1.0,1.0,1.0,0.99,756.0,17.874019314025205,78.54176056878903,1.0,1.0,412.1219512195122,0.0,25841.299643835617,150.0,25991.299643835617,True
SKU0084,AX,0.97,1.25,1.0,1.0,0.75,945.0,3.350423572624564,64.01816482738839,1.0,1.0,519.6829268292682,0.0,32585.699917808215,100.0,32685.699917808215,True
SKU0084,AX,0.97,1.25,1.0,1.0,0.8,945.0,4.867927382330212,65.53566863709403,1.0,1.0,519.6829268292682,0.0,32585.699917808215,100.0,32685.699917808215,True
SKU0084,AX,0.97,1.25,1.0,1.0,0.85,945.0,6.033326225852816,66.70106748061664,1.0,1.0,519.6829268292682,0.0,32585.699917808215,100.0,32685.699917808215,True
SKU0084,AX,0.97,1.25,1.0,1.0,0.9,945.0,8.288249131036192,68.95599038580002,1.0,1.0,519.6829268292682,0.0,32585.699917808215,100.0,32685.699917808215,True
SKU0084,AX,0.97,1.25,1.0,1.0,0.95,945.0,10.672566342933525,71.34030759769735,1.0,1.0,519.6829268292682,0.0,32585.699917808215,100.0,32685.699917808215,True
SKU0084,AX,0.97,1.25,1.0,1.0,0.97,945.0,14.440192228513304,75.10793348327712,1.0,1.0,527.3658536585366,0.0,33067.442794520546,100.0,33167.442794520546,True
SKU0084,AX,0.97,1.25,1.0,1.0,0.99,945.0,17.874019314025205,78.54176056878903,1.0,1.0,527.3658536585366,0.0,33067.442794520546,100.0,33167.442794520546,True
SKU0084,AX,0.97,1.5,1.0,1.0,0.75,1134.0,3.350423572624564,64.01816482738839,0.9987282746926663,0.6666666666666666,587.9756097560976,1909.5,36867.858821917805,100.0,38877.358821917805,True
SKU0084,AX,0.97,1.5,1.0,1.0,0.8,1134.0,4.867927382330212,65.53566863709403,1.0,1.0,605.7317073170732,0.0,37981.2201369863,100.0,38081.2201369863,True
SKU0084,AX,0.97,1.5,1.0,1.0,0.85,1134.0,6.033326225852816,66.70106748061664,1.0,1.0,605.7317073170732,0.0,37981.2201369863,100.0,38081.2201369863,True
SKU0084,AX,0.97,1.5,1.0,1.0,0.9,1134.0,8.288249131036192,68.95599038580002,1.0,1.0,605.7317073170732,0.0,37981.2201369863,100.0,38081.2201369863,True
SKU0084,AX,0.97,1.5,1.0,1.0,0.95,1134.0,10.672566342933525,71.34030759769735,1.0,1.0,605.7317073170732,0.0,37981.2201369863,100.0,38081.2201369863,True
SKU0084,AX,0.97,1.5,1.0,1.0,0.97,1134.0,14.440192228513304,75.10793348327712,1.0,1.0,605.7317073170732,0.0,37981.2201369863,100.0,38081.2201369863,True
SKU0084,AX,0.97,1.5,1.0,1.0,0.99,1134.0,17.874019314025205,78.54176056878903,1.0,1.0,605.7317073170732,0.0,37981.2201369863,100.0,38081.2201369863,True
SKU0085,CZ,0.98,0.5,1.0,1.0,0.75,333.0,0.0,46.21482113151097,0.9895506792058516,0.75,181.47967479674796,2168.3,5181.150246575342,150.0,7499.450246575342,True
SKU0085,CZ,0.98,0.5,1.0,1.0,0.8,333.0,1.299321223917524,47.5141423554285,0.9895506792058516,0.75,184.1869918699187,2168.3,5258.442739726027,150.0,7576.742739726027,True
SKU0085,CZ,0.98,0.5,1.0,1.0,0.85,333.0,4.527396348338744,50.742217479849714,1.0,1.0,188.78048780487805,0.0,5389.584657534247,150.0,5539.584657534247,True
SKU0085,CZ,0.98,0.5,1.0,1.0,0.9,333.0,7.345268061728555,53.56008919323953,1.0,1.0,191.4878048780488,0.0,5466.877150684932,150.0,5616.877150684932,True
SKU0085,CZ,0.98,0.5,1.0,1.0,0.95,333.0,11.485617025849,57.700438157359976,1.0,1.0,194.1951219512195,0.0,5544.169643835617,150.0,5694.169643835617,True
SKU0085,CZ,0.98,0.5,1.0,1.0,0.97,333.0,13.726918078408474,59.94173920991945,1.0,1.0,196.90243902439025,0.0,5621.462136986302,150.0,5771.462136986302,True
SKU0085,CZ,0.98,0.5,1.0,1.0,0.99,333.0,16.857906005977576,63.07272713748855,1.0,1.0,199.609756097561,0.0,5698.754630136987,150.0,5848.754630136987,True
SKU0085,CZ,0.98,0.75,1.0,1.0,0.75,499.0,0.0,46.21482113151097,0.9895506792058516,0.6666666666666666,271.5284552845528,2168.3,7751.996054794519,100.0,10020.296054794519,True
SKU0085,CZ,0.98,0.75,1.0,1.0,0.8,499.0,1.299321223917524,47.5141423554285,0.9895506792058516,0.6666666666666666,271.5284552845528,2168.3,7751.996054794519,100.0,10020.296054794519,True
SKU0085,CZ,0.98,0.75,1.0,1.0,0.85,499.0,4.527396348338744,50.742217479849714,1.0,1.0,270.6991869918699,0.0,7728.320876712329,100.0,7828.320876712329,True
SKU0085,CZ,0.98,0.75,1.0,1.0,0.9,499.0,7.345268061728555,53.56008919323953,1.0,1.0,274.7560975609756,0.0,7844.143561643836,100.0,7944.143561643836,True
SKU0085,CZ,0.98,0.75,1.0,1.0,0.95,499.0,11.485617025849,57.700438157359976,1.0,1.0,274.7560975609756,0.0,7844.143561643836,100.0,7944.143561643836,True
SKU0085,CZ,0.98,0.75,1.0,1.0,0.97,499.0,13.726918078408474,59.94173920991945,1.0,1.0,278.8130081300813,0.0,7959.966246575343,100.0,8059.966246575343,True
SKU0085,CZ,0.98,0.75,1.0,1.0,0.99,499.0,16.857906005977576,63.07272713748855,1.0,1.0,282.869918699187,0.0,8075.78893150685,100.0,8175.78893150685,True
SKU0085,CZ,0.98,1.0,1.0,1.0,0.75,665.0,0.0,46.21482113151097,0.9895506792058516,0.6666666666666666,345.5447154471545,2168.3,9865.121753424659,100.0,12133.42175342466,True
SKU0085,CZ,0.98,1.0,1.0,1.0,0.8,665.0,1.299321223917524,47.5141423554285,0.9895506792058516,0.6666666666666666,345.5447154471545,2168.3,9865.121753424659,100.0,12133.42175342466,True
SKU0085,CZ,0.98,1.0,1.0,1.0,0.85,665.0,4.527396348338744,50.742217479849714,1.0,1.0,358.2276422764228,0.0,10227.212712328768,100.0,10327.212712328768,True
SKU0085,CZ,0.98,1.0,1.0,1.0,0.9,665.0,7.345268061728555,53.56008919323953,1.0,1.0,363.6341463414634,0.0,10381.565589041096,100.0,10481.565589041096,True
SKU0085,CZ,0.98,1.0,1.0,1.0,0.95,665.0,11.485617025849,57.700438157359976,1.0,1.0,369.0406504065041,0.0,10535.918465753426,100.0,10635.918465753426,True
SKU0085,CZ,0.98,1.0,1.0,1.0,0.97,665.0,13.726918078408474,59.94173920991945,1.0,1.0,369.0406504065041,0.0,10535.918465753426,100.0,10635.918465753426,True
SKU0085,CZ,0.98,1.0,1.0,1.0,0.99,665.0,16.857906005977576,63.07272713748855,1.0,1.0,374.4471544715447,0.0,10690.271342465754,100.0,10790.271342465754,True
SKU0085,CZ,0.98,1.25,1.0,1.0,0.75,832.0,0.0,46.21482113151097,0.9895506792058516,0.5,363.780487804878,2168.3,10385.743561643836,50.0,12604.043561643837,True
SKU0085,CZ,0.98,1.25,1.0,1.0,0.8,832.0,1.299321223917524,47.5141423554285,0.9895506792058516,0.5,363.780487804878,2168.3,10385.743561643836,50.0,12604.043561643837,True
SKU0085,CZ,0.98,1.25,1.0,1.0,0.85,832.0,4.527396348338744,50.742217479849714,1.0,1.0,361.6016260162602,0.0,10323.538191780823,100.0,10423.538191780823,True
SKU0085,CZ,0.98,1.25,1.0,1.0,0.9,832.0,7.345268061728555,53.56008919323953,1.0,1.0,361.6016260162602,0.0,10323.538191780823,100.0,10423.538191780823,True
SKU0085,CZ,0.98,1.25,1.0,1.0,0.95,832.0,11.485617025849,57.700438157359976,1.0,1.0,361.6016260162602,0.0,10323.538191780823,100.0,10423.538191780823,True
SKU0085,CZ,0.98,1.25,1.0,1.0,0.97,832.0,13.726918078408474,59.94173920991945,1.0,1.0,361.6016260162602,0.0,10323.538191780823,100.0,10423.538191780823,True
SKU0085,CZ,0.98,1.25,1.0,1.0,0.99,832.0,16.857906005977576,63.07272713748855,1.0,1.0,361.6016260162602,0.0,10323.538191780823,100.0,10423.538191780823,True
SKU0085,CZ,0.98,1.5,1.0,1.0,0.75,998.0,0.0,46.21482113151097,0.9895506792058516,0.5,510.8861788617886,2168.3,14585.534465753424,50.0,16803.834465753425,True
SKU0085,CZ,0.98,1.5,1.0,1.0,0.8,998.0,1.299321223917524,47.5141423554285,0.9895506792058516,0.5,510.8861788617886,2168.3,14585.534465753424,50.0,16803.834465753425,True
SKU0085,CZ,0.98,1.5,1.0,1.0,0.85,998.0,4.527396348338744,50.742217479849714,1.0,1.0,510.0569105691057,0.0,14561.859287671232,50.0,14611.859287671232,True
SKU0085,CZ,0.98,1.5,1.0,1.0,0.9,998.0,7.345268061728555,53.56008919323953,1.0,1.0,510.0569105691057,0.0,14561.859287671232,50.0,14611.859287671232,True
SKU0085,CZ,0.98,1.5,1.0,1.0,0.95,998.0,11.485617025849,57.700438157359976,1.0,1.0,510.0569105691057,0.0,14561.859287671232,50.0,14611.859287671232,True
SKU0085,CZ,0.98,1.5,1.0,1.0,0.97,998.0,13.726918078408474,59.94173920991945,1.0,1.0,510.0569105691057,0.0,14561.859287671232,50.0,14611.859287671232,True
SKU0085,CZ,0.98,1.5,1.0,1.0,0.99,998.0,16.857906005977576,63.07272713748855,1.0,1.0,510.0569105691057,0.0,14561.859287671232,50.0,14611.859287671232,True
SKU0087,AY,0.97,0.5,1.0,1.0,0.75,175.0,0.0,125.68186188344723,1.0,1.0,105.34146341463415,0.0,8679.858801369863,400.0,9079.858801369863,True
SKU0087,AY,0.97,0.5,1.0,1.0,0.8,175.0,1.1356674991113196,126.81752938255855,1.0,1.0,108.1869918699187,0.0,8914.322842465754,400.0,9314.322842465754,True
SKU0087,AY,0.97,0.5,1.0,1.0,0.85,175.0,3.1782320397444868,128.86009392319173,1.0,1.0,109.60975609756098,0.0,9031.554863013698,400.0,9431.554863013698,True
SKU0087,AY,0.97,0.5,1.0,1.0,0.9,175.0,4.518710030542557,130.2005719139898,1.0,1.0,111.03252032520325,0.0,9148.786883561643,400.0,9548.786883561643,True
SKU0087,AY,0.97,0.5,1.0,1.0,0.95,175.0,5.51473146632242,131.19659334976964,1.0,1.0,112.45528455284553,0.0,9266.01890410959,400.0,9666.01890410959,True
SKU0087,AY,0.97,0.5,1.0,1.0,0.97,175.0,9.101726778373738,134.78358866182097,1.0,1.0,115.30081300813008,0.0,9500.48294520548,400.0,9900.48294520548,True
SKU0087,AY,0.97,0.5,1.0,1.0,0.99,175.0,13.180112769893055,138.86197465334027,1.0,1.0,120.99186991869918,0.0,9969.411027397258,400.0,10369.411027397258,True
SKU0087,AY,0.97,0.75,1.0,1.0,0.75,263.0,0.0,125.68186188344723,1.0,1.0,147.869918699187,0.0,12184.091369863014,250.0,12434.091369863014,True
SKU0087,AY,0.97,0.75,1.0,1.0,0.8,263.0,1.1356674991113196,126.81752938255855,1.0,1.0,147.869918699187,0.0,12184.091369863014,250.0,12434.091369863014,True
SKU0087,AY,0.97,0.75,1.0,1.0,0.85,263.0,3.1782320397444868,128.86009392319173,1.0,1.0,150.0081300813008,0.0,12360.274349315067,250.0,12610.274349315067,True
SKU0087,AY,0.97,0.75,1.0,1.0,0.9,263.0,4.518710030542557,130.2005719139898,1.0,1.0,152.14634146341464,0.0,12536.457328767125,250.0,12786.457328767125,True
SKU0087,AY,0.97,0.75,1.0,1.0,0.95,263.0,5.51473146632242,131.19659334976964,1.0,1.0,156.4227642276423,0.0,12888.823287671232,250.0,13138.823287671232,True
SKU0087,AY,0.97,0.75,1.0,1.0,0.97,263.0,9.101726778373738,134.78358866182097,1.0,1.0,160.6991869918699,0.0,13241.18924657534,250.0,13491.18924657534,True
SKU0087,AY,0.97,0.75,1.0,1.0,0.99,263.0,13.180112769893055,138.86197465334027,1.0,1.0,164.97560975609755,0.0,13593.555205479452,250.0,13843.555205479452,True
SKU0087,AY,0.97,1.0,1.0,1.0,0.75,350.0,0.0,125.68186188344723,1.0,1.0,189.28455284552845,0.0,15596.54801369863,200.0,15796.54801369863,True
SKU0087,AY,0.97,1.0,1.0,1.0,0.8,350.0,1.1356674991113196,126.81752938255855,1.0,1.0,192.130081300813,0.0,15831.012054794519,200.0,16031.012054794519,True
SKU0087,AY,0.97,1.0,1.0,1.0,0.85,350.0,3.1782320397444868,128.86009392319173,1.0,1.0,194.97560975609755,0.0,16065.47609589041,200.0,16265.47609589041,True
SKU0087,AY,0.97,1.0,1.0,1.0,0.9,350.0,4.518710030542557,130.2005719139898,1.0,1.0,194.97560975609755,0.0,16065.47609589041,200.0,16265.47609589041,True
SKU0087,AY,0.97,1.0,1.0,1.0,0.95,350.0,5.51473146632242,131.19659334976964,1.0,1.0,194.97560975609755,0.0,16065.47609589041,200.0,16265.47609589041,True
SKU0087,AY,0.97,1.0,1.0,1.0,0.97,350.0,9.101726778373738,134.78358866182097,1.0,1.0,197.8211382113821,0.0,16299.940136986299,200.0,16499.940136986297,True
SKU0087,AY,0.97,1.0,1.0,1.0,0.99,350.0,13.180112769893055,138.86197465334027,1.0,1.0,200.66666666666666,0.0,16534.40417808219,200.0,16734.40417808219,True
SKU0087,AY,0.97,1.25,1.0,1.0,0.75,438.0,0.0,125.68186188344723,0.9951590594744122,0.75,229.14634146341464,6252.96,18881.054280821918,150.0,25284.014280821917,True
SKU0087,AY,0.97,1.25,1.0,1.0,0.8,438.0,1.1356674991113196,126.81752938255855,0.9951590594744122,0.75,229.14634146341464,6252.96,18881.054280821918,150.0,25284.014280821917,True
SKU0087,AY,0.97,1.25,1.0,1.0,0.85,438.0,3.1782320397444868,128.86009392319173,0.9951590594744122,0.75,229.14634146341464,6252.96,18881.054280821918,150.0,25284.014280821917,True
SKU0087,AY,0.97,1.25,1.0,1.0,0.9,438.0,4.518710030542557,130.2005719139898,0.9951590594744122,0.75,229.14634146341464,6252.96,18881.054280821918,150.0,25284.014280821917,True
SKU0087,AY,0.97,1.25,1.0,1.0,0.95,438.0,5.51473146632242,131.19659334976964,0.9951590594744122,0.75,229.14634146341464,6252.96,18881.054280821918,150.0,25284.014280821917,True
SKU0087,AY,0.97,1.25,1.0,1.0,0.97,438.0,9.101726778373738,134.78358866182097,1.0,1.0,235.6747967479675,0.0,19418.981780821916,150.0,19568.981780821916,True
SKU0087,AY,0.97,1.25,1.0,1.0,0.99,438.0,13.180112769893055,138.86197465334027,1.0,1.0,239.2357723577236,0.0,19712.396780821917,150.0,19862.396780821917,True
SKU0087,AY,0.97,1.5,1.0,1.0,0.75,525.0,0.0,125.68186188344723,1.0,1.0,266.1138211382114,0.0,21927.077123287672,150.0,22077.077123287672,True
SKU0087,AY,0.97,1.5,1.0,1.0,0.8,525.0,1.1356674991113196,126.81752938255855,1.0,1.0,270.3821138211382,0.0,22278.773184931502,150.0,22428.773184931502,True
SKU0087,AY,0.97,1.5,1.0,1.0,0.85,525.0,3.1782320397444868,128.86009392319173,1.0,1.0,274.650406504065,0.0,22630.469246575336,150.0,22780.469246575336,True
SKU0087,AY,0.97,1.5,1.0,1.0,0.9,525.0,4.518710030542557,130.2005719139898,1.0,1.0,278.9186991869919,0.0,22982.165308219177,150.0,23132.165308219177,True
SKU0087,AY,0.97,1.5,1.0,1.0,0.95,525.0,5.51473146632242,131.19659334976964,1.0,1.0,278.9186991869919,0.0,22982.165308219177,150.0,23132.165308219177,True
SKU0087,AY,0.97,1.5,1.0,1.0,0.97,525.0,9.101726778373738,134.78358866182097,1.0,1.0,287.4552845528455,0.0,23685.557431506848,150.0,23835.557431506848,True
SKU0087,AY,0.97,1.5,1.0,1.0,0.99,525.0,13.180112769893055,138.86197465334027,1.0,1.0,287.4552845528455,0.0,23685.557431506848,150.0,23835.557431506848,True
SKU0088,CX,0.95,0.5,1.0,1.0,0.75,236.0,4.0,137.5691056910569,1.0,1.0,173.1382113821138,0.0,3039.4934794520545,450.0,3489.4934794520545,True
SKU0088,CX,0.95,0.5,1.0,1.0,0.8,236.0,5.0,138.5691056910569,1.0,1.0,173.1382113821138,0.0,3039.4934794520545,450.0,3489.4934794520545,True
SKU0088,CX,0.95,0.5,1.0,1.0,0.85,236.0,8.0,141.5691056910569,1.0,1.0,173.1382113821138,0.0,3039.4934794520545,450.0,3489.4934794520545,True
SKU0088,CX,0.95,0.5,1.0,1.0,0.9,236.0,11.400000000000006,144.9691056910569,1.0,1.0,173.1382113821138,0.0,3039.4934794520545,450.0,3489.4934794520545,True
SKU0088,CX,0.95,0.5,1.0,1.0,0.95,236.0,16.19999999999999,149.7691056910569,1.0,1.0,173.1382113821138,0.0,3039.4934794520545,450.0,3489.4934794520545,True
SKU0088,CX,0.95,0.5,1.0,1.0,0.97,236.0,18.0,151.5691056910569,1.0,1.0,178.89430894308944,0.0,3140.5435068493152,450.0,3590.5435068493152,True
SKU0088,CX,0.95,0.5,1.0,1.0,0.99,236.0,19.840000000000003,153.4091056910569,1.0,1.0,180.8130081300813,0.0,3174.2268493150686,450.0,3624.2268493150686,True
SKU0088,CX,0.95,0.75,1.0,1.0,0.75,354.0,4.0,137.5691056910569,1.0,1.0,241.2520325203252,0.0,4235.252136986302,300.0,4535.252136986302,True
SKU0088,CX,0.95,0.75,1.0,1.0,0.8,354.0,5.0,138.5691056910569,1.0,1.0,241.2520325203252,0.0,4235.252136986302,300.0,4535.252136986302,True
SKU0088,CX,0.95,0.75,1.0,1.0,0.85,354.0,8.0,141.5691056910569,1.0,1.0,241.2520325203252,0.0,4235.252136986302,300.0,4535.252136986302,True
SKU0088,CX,0.95,0.75,1.0,1.0,0.9,354.0,11.400000000000006,144.9691056910569,1.0,1.0,252.7642276422764,0.0,4437.352191780821,300.0,4737.352191780821,True
SKU0088,CX,0.95,0.75,1.0,1.0,0.95,354.0,16.19999999999999,149.7691056910569,1.0,1.0,252.7642276422764,0.0,4437.352191780821,300.0,4737.352191780821,True
SKU0088,CX,0.95,0.75,1.0,1.0,0.97,354.0,18.0,151.5691056910569,1.0,1.0,252.7642276422764,0.0,4437.352191780821,300.0,4737.352191780821,True
SKU0088,CX,0.95,0.75,1.0,1.0,0.99,354.0,19.840000000000003,153.4091056910569,1.0,1.0,252.7642276422764,0.0,4437.352191780821,300.0,4737.352191780821,True
SKU0088,CX,0.95,1.0,1.0,1.0,0.75,472.0,4.0,137.5691056910569,1.0,1.0,292.0975609756098,0.0,5127.8607123287675,250.0,5377.8607123287675,True
SKU0088,CX,0.95,1.0,1.0,1.0,0.8,472.0,5.0,138.5691056910569,1.0,1.0,292.0975609756098,0.0,5127.8607123287675,250.0,5377.8607123287675,True
SKU0088,CX,0.95,1.0,1.0,1.0,0.85,472.0,8.0,141.5691056910569,1.0,1.0,292.0975609756098,0.0,5127.8607123287675,250.0,5377.8607123287675,True
SKU0088,CX,0.95,1.0,1.0,1.0,0.9,472.0,11.400000000000006,144.9691056910569,1.0,1.0,292.0975609756098,0.0,5127.8607123287675,250.0,5377.8607123287675,True
SKU0088,CX,0.95,1.0,1.0,1.0,0.95,472.0,16.19999999999999,149.7691056910569,1.0,1.0,292.0975609756098,0.0,5127.8607123287675,250.0,5377.8607123287675,True
SKU0088,CX,0.95,1.0,1.0,1.0,0.97,472.0,18.0,151.5691056910569,1.0,1.0,292.0975609756098,0.0,5127.8607123287675,250.0,5377.8607123287675,True
SKU0088,CX,0.95,1.0,1.0,1.0,0.99,472.0,19.840000000000003,153.4091056910569,1.0,1.0,292.0975609756098,0.0,5127.8607123287675,250.0,5377.8607123287675,True
SKU0088,CX,0.95,1.25,1.0,1.0,0.75,590.0,4.0,137.5691056910569,1.0,1.0,361.1707317073171,0.0,6340.461041095891,200.0,6540.461041095891,True
SKU0088,CX,0.95,1.25,1.0,1.0,0.8,590.0,5.0,138.5691056910569,1.0,1.0,361.1707317073171,0.0,6340.461041095891,200.0,6540.461041095891,True
SKU0088,CX,0.95,1.25,1.0,1.0,0.85,590.0,8.0,141.5691056910569,1.0,1.0,361.1707317073171,0.0,6340.461041095891,200.0,6540.461041095891,True
SKU0088,CX,0.95,1.25,1.0,1.0,0.9,590.0,11.400000000000006,144.9691056910569,1.0,1.0,375.5609756097561,0.0,6593.086109589041,200.0,6793.086109589041,True
SKU0088,CX,0.95,1.25,1.0,1.0,0.95,590.0,16.19999999999999,149.7691056910569,1.0,1.0,375.5609756097561,0.0,6593.086109589041,200.0,6793.086109589041,True
SKU0088,CX,0.95,1.25,1.0,1.0,0.97,590.0,18.0,151.5691056910569,1.0,1.0,375.5609756097561,0.0,6593.086109589041,200.0,6793.086109589041,True
SKU0088,CX,0.95,1.25,1.0,1.0,0.99,590.0,19.840000000000003,153.4091056910569,1.0,1.0,375.5609756097561,0.0,6593.086109589041,200.0,6793.086109589041,True
SKU0088,CX,0.95,1.5,1.0,1.0,0.75,708.0,4.0,137.5691056910569,1.0,1.0,388.0325203252033,0.0,6812.027835616438,150.0,6962.027835616438,True
SKU0088,CX,0.95,1.5,1.0,1.0,0.8,708.0,5.0,138.5691056910569,1.0,1.0,388.0325203252033,0.0,6812.027835616438,150.0,6962.027835616438,True
SKU0088,CX,0.95,1.5,1.0,1.0,0.85,708.0,8.0,141.5691056910569,1.0,1.0,388.0325203252033,0.0,6812.027835616438,150.0,6962.027835616438,True
SKU0088,CX,0.95,1.5,1.0,1.0,0.9,708.0,11.400000000000006,144.9691056910569,1.0,1.0,388.0325203252033,0.0,6812.027835616438,150.0,6962.027835616438,True
SKU0088,CX,0.95,1.5,1.0,1.0,0.95,708.0,16.19999999999999,149.7691056910569,1.0,1.0,388.0325203252033,0.0,6812.027835616438,150.0,6962.027835616438,True
SKU0088,CX,0.95,1.5,1.0,1.0,0.97,708.0,18.0,151.5691056910569,1.0,1.0,388.0325203252033,0.0,6812.027835616438,150.0,6962.027835616438,True
SKU0088,CX,0.95,1.5,1.0,1.0,0.99,708.0,19.840000000000003,153.4091056910569,1.0,1.0,388.0325203252033,0.0,6812.027835616438,150.0,6962.027835616438,True
SKU0090,AY,0.97,0.5,1.0,1.0,0.75,280.0,2.382826816470142,64.2776484217783,0.9957264957264957,0.8333333333333334,145.72357723577235,5437.319999999999,14357.369534246576,250.0,20044.689534246576,True
SKU0090,AY,0.97,0.5,1.0,1.0,0.8,280.0,3.7104958937067947,65.60531749901494,0.9957264957264957,0.8333333333333334,145.72357723577235,5437.319999999999,14357.369534246576,250.0,20044.689534246576,True
SKU0090,AY,0.97,0.5,1.0,1.0,0.85,280.0,5.316804682051951,67.2116262873601,0.9957264957264957,0.8333333333333334,148.0,5437.319999999999,14581.653369863014,250.0,20268.97336986301,True
SKU0090,AY,0.97,0.5,1.0,1.0,0.9,280.0,5.851701796060972,67.74652340136913,0.9957264957264957,0.8333333333333334,148.0,5437.319999999999,14581.653369863014,250.0,20268.97336986301,True
SKU0090,AY,0.97,0.5,1.0,1.0,0.95,280.0,7.932417203202219,69.82723880851037,0.9957264957264957,0.8333333333333334,150.27642276422765,5437.319999999999,14805.937205479453,250.0,20493.25720547945,True
SKU0090,AY,0.97,0.5,1.0,1.0,0.97,280.0,9.790494838687161,71.68531644399532,1.0,1.0,157.3658536585366,0.0,15504.421150684931,250.0,15754.421150684931,True
SKU0090,AY,0.97,0.5,1.0,1.0,0.99,280.0,12.623907773976248,74.5187293792844,1.0,1.0,157.3658536585366,0.0,15504.421150684931,250.0,15754.421150684931,True
SKU0090,AY,0.97,0.75,1.0,1.0,0.75,420.0,2.382826816470142,64.2776484217783,1.0,1.0,210.8617886178862,0.0,20775.091287671235,150.0,20925.091287671235,True
SKU0090,AY,0.97,0.75,1.0,1.0,0.8,420.0,3.7104958937067947,65.60531749901494,1.0,1.0,214.27642276422765,0.0,21111.517041095893,150.0,21261.517041095893,True
SKU0090,AY,0.97,0.75,1.0,1.0,0.85,420.0,5.316804682051951,67.2116262873601,1.0,1.0,214.27642276422765,0.0,21111.517041095893,150.0,21261.517041095893,True
SKU0090,AY,0.97,0.75,1.0,1.0,0.9,420.0,5.851701796060972,67.74652340136913,1.0,1.0,214.27642276422765,0.0,21111.517041095893,150.0,21261.517041095893,True
SKU0090,AY,0.97,0.75,1.0,1.0,0.95,420.0,7.932417203202219,69.82723880851037,1.0,1.0,221.10569105691056,0.0,21784.368547945203,150.0,21934.368547945203,True
SKU0090,AY,0.97,0.75,1.0,1.0,0.97,420.0,9.790494838687161,71.68531644399532,1.0,1.0,221.10569105691056,0.0,21784.368547945203,150.0,21934.368547945203,True
SKU0090,AY,0.97,0.75,1.0,1.0,0.99,420.0,12.623907773976248,74.5187293792844,1.0,1.0,221.10569105691056,0.0,21784.368547945203,150.0,21934.368547945203,True
SKU0090,AY,0.97,1.0,1.0,1.0,0.75,559.0,2.382826816470142,64.2776484217783,1.0,1.0,276.5609756097561,0.0,27248.08298630137,150.0,27398.08298630137,True
SKU0090,AY,0.97,1.0,1.0,1.0,0.8,559.0,3.7104958937067947,65.60531749901494,1.0,1.0,281.1056910569106,0.0,27695.849643835616,150.0,27845.849643835616,True
SKU0090,AY,0.97,1.0,1.0,1.0,0.85,559.0,5.316804682051951,67.2116262873601,1.0,1.0,281.1056910569106,0.0,27695.849643835616,150.0,27845.849643835616,True
SKU0090,AY,0.97,1.0,1.0,1.0,0.9,559.0,5.851701796060972,67.74652340136913,1.0,1.0,281.1056910569106,0.0,27695.849643835616,150.0,27845.849643835616,True
SKU0090,AY,0.97,1.0,1.0,1.0,0.95,559.0,7.932417203202219,69.82723880851037,1.0,1.0,285.650406504065,0.0,28143.61630136986,150.0,28293.61630136986,True
SKU0090,AY,0.97,1.0,1.0,1.0,0.97,559.0,9.790494838687161,71.68531644399532,1.0,1.0,290.1951219512195,0.0,28591.382958904112,150.0,28741.382958904112,True
SKU0090,AY,0.97,1.0,1.0,1.0,0.99,559.0,12.623907773976248,74.5187293792844,1.0,1.0,290.1951219512195,0.0,28591.382958904112,150.0,28741.382958904112,True
SKU0090,AY,0.97,1.25,1.0,1.0,0.75,699.0,2.382826816470142,64.2776484217783,1.0,1.0,349.5934959349593,0.0,34443.58904109589,100.0,34543.58904109589,True
SKU0090,AY,0.97,1.25,1.0,1.0,0.8,699.0,3.7104958937067947,65.60531749901494,1.0,1.0,349.5934959349593,0.0,34443.58904109589,100.0,34543.58904109589,True
SKU0090,AY,0.97,1.25,1.0,1.0,0.85,699.0,5.316804682051951,67.2116262873601,1.0,1.0,349.5934959349593,0.0,34443.58904109589,100.0,34543.58904109589,True
SKU0090,AY,0.97,1.25,1.0,1.0,0.9,699.0,5.851701796060972,67.74652340136913,1.0,1.0,355.2764227642276,0.0,35003.497616438355,100.0,35103.497616438355,True
SKU0090,AY,0.97,1.25,1.0,1.0,0.95,699.0,7.932417203202219,69.82723880851037,1.0,1.0,366.6422764227642,0.0,36123.31476712329,100.0,36223.31476712329,True
SKU0090,AY,0.97,1.25,1.0,1.0,0.97,699.0,9.790494838687161,71.68531644399532,1.0,1.0,366.6422764227642,0.0,36123.31476712329,100.0,36223.31476712329,True
SKU0090,AY,0.97,1.25,1.0,1.0,0.99,699.0,12.623907773976248,74.5187293792844,1.0,1.0,366.6422764227642,0.0,36123.31476712329,100.0,36223.31476712329,True
SKU0090,AY,0.97,1.5,1.0,1.0,0.75,839.0,2.382826816470142,64.2776484217783,1.0,1.0,431.6585365853659,0.0,42529.021315068494,100.0,42629.021315068494,True
SKU0090,AY,0.97,1.5,1.0,1.0,0.8,839.0,3.7104958937067947,65.60531749901494,1.0,1.0,431.6585365853659,0.0,42529.021315068494,100.0,42629.021315068494,True
SKU0090,AY,0.97,1.5,1.0,1.0,0.85,839.0,5.316804682051951,67.2116262873601,1.0,1.0,438.479674796748,0.0,43201.07180821918,100.0,43301.07180821918,True
SKU0090,AY,0.97,1.5,1.0,1.0,0.9,839.0,5.851701796060972,67.74652340136913,1.0,1.0,438.479674796748,0.0,43201.07180821918,100.0,43301.07180821918,True
SKU0090,AY,0.97,1.5,1.0,1.0,0.95,839.0,7.932417203202219,69.82723880851037,1.0,1.0,445.3008130081301,0.0,43873.12230136987,100.0,43973.12230136987,True
SKU0090,AY,0.97,1.5,1.0,1.0,0.97,839.0,9.790494838687161,71.68531644399532,1.0,1.0,445.3008130081301,0.0,43873.12230136987,100.0,43973.12230136987,True
SKU0090,AY,0.97,1.5,1.0,1.0,0.99,839.0,12.623907773976248,74.5187293792844,1.0,1.0,452.1219512195122,0.0,44545.17279452054,100.0,44645.17279452054,True
SKU0091,AX,0.97,0.5,1.0,1.0,0.75,373.0,3.8764043933927574,49.411754828361154,1.0,1.0,197.0731707317073,0.0,15464.455890410958,250.0,15714.455890410958,True
SKU0091,AX,0.97,0.5,1.0,1.0,0.8,373.0,4.826317446396711,50.36166788136511,1.0,1.0,197.0731707317073,0.0,15464.455890410958,250.0,15714.455890410958,True
SKU0091,AX,0.97,0.5,1.0,1.0,0.85,373.0,6.3153199016965615,51.850670336664955,1.0,1.0,200.10569105691056,0.0,15702.419671232878,250.0,15952.419671232878,True
SKU0091,AX,0.97,0.5,1.0,1.0,0.9,373.0,7.640612850218037,53.17596328518643,1.0,1.0,203.1382113821138,0.0,15940.383452054793,250.0,16190.383452054793,True
SKU0091,AX,0.97,0.5,1.0,1.0,0.95,373.0,9.350989101984322,54.88633953695272,1.0,1.0,206.17073170731706,0.0,16178.347232876713,250.0,16428.347232876713,True
SKU0091,AX,0.97,0.5,1.0,1.0,0.97,373.0,10.169839112274097,55.70518954724249,1.0,1.0,206.17073170731706,0.0,16178.347232876713,250.0,16428.347232876713,True
SKU0091,AX,0.97,0.5,1.0,1.0,0.99,373.0,11.102414570003239,56.637765004971634,1.0,1.0,206.17073170731706,0.0,16178.347232876713,250.0,16428.347232876713,True
SKU0091,AX,0.97,0.75,1.0,1.0,0.75,559.0,3.8764043933927574,49.411754828361154,1.0,1.0,261.2439024390244,0.0,20499.97364383562,200.0,20699.97364383562,True
SKU0091,AX,0.97,0.75,1.0,1.0,0.8,559.0,4.826317446396711,50.36166788136511,1.0,1.0,261.2439024390244,0.0,20499.97364383562,200.0,20699.97364383562,True
SKU0091,AX,0.97,0.75,1.0,1.0,0.85,559.0,6.3153199016965615,51.850670336664955,1.0,1.0,265.7886178861789,0.0,20856.600328767126,200.0,21056.600328767126,True
SKU0091,AX,0.97,0.75,1.0,1.0,0.9,559.0,7.640612850218037,53.17596328518643,1.0,1.0,274.8780487804878,0.0,21569.853698630137,200.0,21769.853698630137,True
SKU0091,AX,0.97,0.75,1.0,1.0,0.95,559.0,9.350989101984322,54.88633953695272,1.0,1.0,279.4227642276423,0.0,21926.480383561648,200.0,22126.480383561648,True
SKU0091,AX,0.97,0.75,1.0,1.0,0.97,559.0,10.169839112274097,55.70518954724249,1.0,1.0,279.4227642276423,0.0,21926.480383561648,200.0,22126.480383561648,True
SKU0091,AX,0.97,0.75,1.0,1.0,0.99,559.0,11.102414570003239,56.637765004971634,1.0,1.0,279.4227642276423,0.0,21926.480383561648,200.0,22126.480383561648,True
SKU0091,AX,0.97,1.0,1.0,1.0,0.75,745.0,3.8764043933927574,49.411754828361154,1.0,1.0,389.4390243902439,0.0,30559.52564383562,150.0,30709.52564383562,True
SKU0091,AX,0.97,1.0,1.0,1.0,0.8,745.0,4.826317446396711,50.36166788136511,1.0,1.0,389.4390243902439,0.0,30559.52564383562,150.0,30709.52564383562,True
SKU0091,AX,0.97,1.0,1.0,1.0,0.85,745.0,6.3153199016965615,51.850670336664955,1.0,1.0,389.4390243902439,0.0,30559.52564383562,150.0,30709.52564383562,True
SKU0091,AX,0.97,1.0,1.0,1.0,0.9,745.0,7.640612850218037,53.17596328518643,1.0,1.0,395.4959349593496,0.0,31034.815232876717,150.0,31184.815232876717,True
SKU0091,AX,0.97,1.0,1.0,1.0,0.95,745.0,9.350989101984322,54.88633953695272,1.0,1.0,395.4959349593496,0.0,31034.815232876717,150.0,31184.815232876717,True
SKU0091,AX,0.97,1.0,1.0,1.0,0.97,745.0,10.169839112274097,55.70518954724249,1.0,1.0,395.4959349593496,0.0,31034.815232876717,150.0,31184.815232876717,True
SKU0091,AX,0.97,1.0,1.0,1.0,0.99,745.0,11.102414570003239,56.637765004971634,1.0,1.0,395.4959349593496,0.0,31034.815232876717,150.0,31184.815232876717,True
SKU0091,AX,0.97,1.25,1.0,1.0,0.75,932.0,3.8764043933927574,49.411754828361154,1.0,1.0,482.9105691056911,0.0,37894.29665753425,100.0,37994.29665753425,True
SKU0091,AX,0.97,1.25,1.0,1.0,0.8,932.0,4.826317446396711,50.36166788136511,1.0,1.0,482.9105691056911,0.0,37894.29665753425,100.0,37994.29665753425,True
SKU0091,AX,0.97,1.25,1.0,1.0,0.85,932.0,6.3153199016965615,51.850670336664955,1.0,1.0,482.9105691056911,0.0,37894.29665753425,100.0,37994.29665753425,True
SKU0091,AX,0.97,1.25,1.0,1.0,0.9,932.0,7.640612850218037,53.17596328518643,1.0,1.0,490.4878048780488,0.0,38488.88712328767,100.0,38588.88712328767,True
SKU0091,AX,0.97,1.25,1.0,1.0,0.95,932.0,9.350989101984322,54.88633953695272,1.0,1.0,490.4878048780488,0.0,38488.88712328767,100.0,38588.88712328767,True
SKU0091,AX,0.97,1.25,1.0,1.0,0.97,932.0,10.169839112274097,55.70518954724249,1.0,1.0,498.0650406504065,0.0,39083.4775890411,100.0,39183.4775890411,True
SKU0091,AX,0.97,1.25,1.0,1.0,0.99,932.0,11.102414570003239,56.637765004971634,1.0,1.0,498.0650406504065,0.0,39083.4775890411,100.0,39183.4775890411,True
SKU0091,AX,0.97,1.5,1.0,1.0,0.75,1118.0,3.8764043933927574,49.411754828361154,1.0,1.0,620.2764227642276,0.0,48673.48175342466,100.0,48773.48175342466,True
SKU0091,AX,0.97,1.5,1.0,1.0,0.8,1118.0,4.826317446396711,50.36166788136511,1.0,1.0,620.2764227642276,0.0,48673.48175342466,100.0,48773.48175342466,True
SKU0091,AX,0.97,1.5,1.0,1.0,0.85,1118.0,6.3153199016965615,51.850670336664955,1.0,1.0,620.2764227642276,0.0,48673.48175342466,100.0,48773.48175342466,True
SKU0091,AX,0.97,1.5,1.0,1.0,0.9,1118.0,7.640612850218037,53.17596328518643,1.0,1.0,629.3658536585366,0.0,49386.735123287675,100.0,49486.735123287675,True
SKU0091,AX,0.97,1.5,1.0,1.0,0.95,1118.0,9.350989101984322,54.88633953695272,1.0,1.0,638.4552845528456,0.0,50099.98849315069,100.0,50199.98849315069,True
SKU0091,AX,0.97,1.5,1.0,1.0,0.97,1118.0,10.169839112274097,55.70518954724249,1.0,1.0,638.4552845528456,0.0,50099.98849315069,100.0,50199.98849315069,True
SKU0091,AX,0.97,1.5,1.0,1.0,0.99,1118.0,11.102414570003239,56.637765004971634,1.0,1.0,638.4552845528456,0.0,50099.98849315069,100.0,50199.98849315069,True
SKU0092,BZ,0.98,0.5,1.0,1.0,0.75,374.0,0.0,67.96737919082338,1.0,1.0,252.39837398373984,0.0,22929.071506849312,50.0,22979.071506849312,True
SKU0092,BZ,0.98,0.5,1.0,1.0,0.8,374.0,0.5491859611914395,68.51656515201482,1.0,1.0,252.39837398373984,0.0,22929.071506849312,50.0,22979.071506849312,True
SKU0092,BZ,0.98,0.5,1.0,1.0,0.85,374.0,4.34193522479415,72.30931441561754,1.0,1.0,255.4390243902439,0.0,23205.29868493151,50.0,23255.29868493151,True
SKU0092,BZ,0.98,0.5,1.0,1.0,0.9,374.0,8.685134093232243,76.65251328405563,1.0,1.0,258.479674796748,0.0,23481.5258630137,50.0,23531.5258630137,True
SKU0092,BZ,0.98,0.5,1.0,1.0,0.95,374.0,11.315266516412516,79.2826457072359,1.0,1.0,258.479674796748,0.0,23481.5258630137,50.0,23531.5258630137,True
SKU0092,BZ,0.98,0.5,1.0,1.0,0.97,374.0,12.113741250882104,80.08112044170548,1.0,1.0,258.479674796748,0.0,23481.5258630137,50.0,23531.5258630137,True
SKU0092,BZ,0.98,0.5,1.0,1.0,0.99,374.0,13.096214322499144,81.06359351332253,1.0,1.0,258.479674796748,0.0,23481.5258630137,50.0,23531.5258630137,True
SKU0092,BZ,0.98,0.75,1.0,1.0,0.75,561.0,0.0,67.96737919082338,1.0,1.0,320.8130081300813,0.0,29144.18301369863,50.0,29194.18301369863,True
SKU0092,BZ,0.98,0.75,1.0,1.0,0.8,561.0,0.5491859611914395,68.51656515201482,1.0,1.0,320.8130081300813,0.0,29144.18301369863,50.0,29194.18301369863,True
SKU0092,BZ,0.98,0.75,1.0,1.0,0.85,561.0,4.34193522479415,72.30931441561754,1.0,1.0,325.3739837398374,0.0,29558.523780821914,50.0,29608.523780821914,True
SKU0092,BZ,0.98,0.75,1.0,1.0,0.9,561.0,8.685134093232243,76.65251328405563,1.0,1.0,329.9349593495935,0.0,29972.864547945203,50.0,30022.864547945203,True
SKU0092,BZ,0.98,0.75,1.0,1.0,0.95,561.0,11.315266516412516,79.2826457072359,1.0,1.0,329.9349593495935,0.0,29972.864547945203,50.0,30022.864547945203,True
SKU0092,BZ,0.98,0.75,1.0,1.0,0.97,561.0,12.113741250882104,80.08112044170548,1.0,1.0,329.9349593495935,0.0,29972.864547945203,50.0,30022.864547945203,True
SKU0092,BZ,0.98,0.75,1.0,1.0,0.99,561.0,13.096214322499144,81.06359351332253,1.0,1.0,329.9349593495935,0.0,29972.864547945203,50.0,30022.864547945203,True
SKU0092,BZ,0.98,1.0,1.0,1.0,0.75,748.0,0.0,67.96737919082338,1.0,1.0,389.2276422764228,0.0,35359.29452054795,50.0,35409.29452054795,True
SKU0092,BZ,0.98,1.0,1.0,1.0,0.8,748.0,0.5491859611914395,68.51656515201482,1.0,1.0,389.2276422764228,0.0,35359.29452054795,50.0,35409.29452054795,True
SKU0092,BZ,0.98,1.0,1.0,1.0,0.85,748.0,4.34193522479415,72.30931441561754,1.0,1.0,395.3089430894309,0.0,35911.74887671233,50.0,35961.74887671233,True
SKU0092,BZ,0.98,1.0,1.0,1.0,0.9,748.0,8.685134093232243,76.65251328405563,1.0,1.0,401.390243902439,0.0,36464.20323287671,50.0,36514.20323287671,True
SKU0092,BZ,0.98,1.0,1.0,1.0,0.95,748.0,11.315266516412516,79.2826457072359,1.0,1.0,401.390243902439,0.0,36464.20323287671,50.0,36514.20323287671,True
SKU0092,BZ,0.98,1.0,1.0,1.0,0.97,748.0,12.113741250882104,80.08112044170548,1.0,1.0,401.390243902439,0.0,36464.20323287671,50.0,36514.20323287671,True
SKU0092,BZ,0.98,1.0,1.0,1.0,0.99,748.0,13.096214322499144,81.06359351332253,1.0,1.0,401.390243902439,0.0,36464.20323287671,50.0,36514.20323287671,True
SKU0092,BZ,0.98,1.25,1.0,1.0,0.75,935.0,0.0,67.96737919082338,1.0,1.0,457.6422764227642,0.0,41574.40602739726,50.0,41624.40602739726,True
SKU0092,BZ,0.98,1.25,1.0,1.0,0.8,935.0,0.5491859611914395,68.51656515201482,1.0,1.0,457.6422764227642,0.0,41574.40602739726,50.0,41624.40602739726,True
SKU0092,BZ,0.98,1.25,1.0,1.0,0.85,935.0,4.34193522479415,72.30931441561754,1.0,1.0,465.2439024390244,0.0,42264.97397260274,50.0,42314.97397260274,True
SKU0092,BZ,0.98,1.25,1.0,1.0,0.9,935.0,8.685134093232243,76.65251328405563,1.0,1.0,472.8455284552846,0.0,42955.541917808216,50.0,43005.541917808216,True
SKU0092,BZ,0.98,1.25,1.0,1.0,0.95,935.0,11.315266516412516,79.2826457072359,1.0,1.0,472.8455284552846,0.0,42955.541917808216,50.0,43005.541917808216,True
SKU0092,BZ,0.98,1.25,1.0,1.0,0.97,935.0,12.113741250882104,80.08112044170548,1.0,1.0,472.8455284552846,0.0,42955.541917808216,50.0,43005.541917808216,True
SKU0092,BZ,0.98,1.25,1.0,1.0,0.99,935.0,13.096214322499144,81.06359351332253,1.0,1.0,472.8455284552846,0.0,42955.541917808216,50.0,43005.541917808216,True
SKU0092,BZ,0.98,1.5,1.0,1.0,0.75,1122.0,0.0,67.96737919082338,1.0,1.0,526.0569105691056,0.0,47789.51753424657,50.0,47839.51753424657,True
SKU0092,BZ,0.98,1.5,1.0,1.0,0.8,1122.0,0.5491859611914395,68.51656515201482,1.0,1.0,526.0569105691056,0.0,47789.51753424657,50.0,47839.51753424657,True
SKU0092,BZ,0.98,1.5,1.0,1.0,0.85,1122.0,4.34193522479415,72.30931441561754,1.0,1.0,535.1788617886178,0.0,48618.199068493144,50.0,48668.199068493144,True
SKU0092,BZ,0.98,1.5,1.0,1.0,0.9,1122.0,8.685134093232243,76.65251328405563,1.0,1.0,544.30081300813,0.0,49446.88060273972,50.0,49496.88060273972,True
SKU0092,BZ,0.98,1.5,1.0,1.0,0.95,1122.0,11.315266516412516,79.2826457072359,1.0,1.0,544.30081300813,0.0,49446.88060273972,50.0,49496.88060273972,True
SKU0092,BZ,0.98,1.5,1.0,1.0,0.97,1122.0,12.113741250882104,80.08112044170548,1.0,1.0,544.30081300813,0.0,49446.88060273972,50.0,49496.88060273972,True
SKU0092,BZ,0.98,1.5,1.0,1.0,0.99,1122.0,13.096214322499144,81.06359351332253,1.0,1.0,544.30081300813,0.0,49446.88060273972,50.0,49496.88060273972,True
SKU0093,AX,0.97,0.5,1.0,1.0,0.75,334.0,4.214398215238719,183.60433548323692,1.0,1.0,185.7642276422764,0.0,10215.537499999999,300.0,10515.537499999999,True
SKU0093,AX,0.97,0.5,1.0,1.0,0.8,334.0,5.989399600189709,185.3793368681879,1.0,1.0,193.91056910569105,0.0,10663.520719178081,300.0,10963.520719178081,True
SKU0093,AX,0.97,0.5,1.0,1.0,0.85,334.0,9.89997400974385,189.28991127774205,1.0,1.0,193.91056910569105,0.0,10663.520719178081,300.0,10963.520719178081,True
SKU0093,AX,0.97,0.5,1.0,1.0,0.9,334.0,12.7365495129008,192.126486780899,1.0,1.0,193.91056910569105,0.0,10663.520719178081,300.0,10963.520719178081,True
SKU0093,AX,0.97,0.5,1.0,1.0,0.95,334.0,17.81105290379587,197.20099017179405,1.0,1.0,199.34146341463415,0.0,10962.176198630137,300.0,11262.176198630137,True
SKU0093,AX,0.97,0.5,1.0,1.0,0.97,334.0,20.008741250551942,199.39867851855013,1.0,1.0,202.0569105691057,0.0,11111.503938356165,300.0,11411.503938356165,True
SKU0093,AX,0.97,0.5,1.0,1.0,0.99,334.0,24.47444385780431,203.8643811258025,1.0,1.0,202.0569105691057,0.0,11111.503938356165,300.0,11411.503938356165,True
SKU0093,AX,0.97,0.75,1.0,1.0,0.75,501.0,4.214398215238719,183.60433548323692,1.0,1.0,268.5853658536585,0.0,14770.033561643833,200.0,14970.033561643833,True
SKU0093,AX,0.97,0.75,1.0,1.0,0.8,501.0,5.989399600189709,185.3793368681879,1.0,1.0,272.6585365853659,0.0,14994.025171232877,200.0,15194.025171232877,True
SKU0093,AX,0.97,0.75,1.0,1.0,0.85,501.0,9.89997400974385,189.28991127774205,1.0,1.0,276.7317073170732,0.0,15218.016780821918,200.0,15418.016780821918,True
SKU0093,AX,0.97,0.75,1.0,1.0,0.9,501.0,12.7365495129008,192.126486780899,1.0,1.0,276.7317073170732,0.0,15218.016780821918,200.0,15418.016780821918,True
SKU0093,AX,0.97,0.75,1.0,1.0,0.95,501.0,17.81105290379587,197.20099017179405,1.0,1.0,280.8048780487805,0.0,15442.00839041096,200.0,15642.00839041096,True
SKU0093,AX,0.97,0.75,1.0,1.0,0.97,501.0,20.008741250551942,199.39867851855013,1.0,1.0,280.8048780487805,0.0,15442.00839041096,200.0,15642.00839041096,True
SKU0093,AX,0.97,0.75,1.0,1.0,0.99,501.0,24.47444385780431,203.8643811258025,1.0,1.0,284.8780487804878,0.0,15666.0,200.0,15866.0,True
SKU0093,AX,0.97,1.0,1.0,1.0,0.75,668.0,4.214398215238719,183.60433548323692,1.0,1.0,345.9756097560976,0.0,19025.87414383562,150.0,19175.87414383562,True
SKU0093,AX,0.97,1.0,1.0,1.0,0.8,668.0,5.989399600189709,185.3793368681879,1.0,1.0,362.2682926829268,0.0,19921.84058219178,150.0,20071.84058219178,True
SKU0093,AX,0.97,1.0,1.0,1.0,0.85,668.0,9.89997400974385,189.28991127774205,1.0,1.0,362.2682926829268,0.0,19921.84058219178,150.0,20071.84058219178,True
SKU0093,AX,0.97,1.0,1.0,1.0,0.9,668.0,12.7365495129008,192.126486780899,1.0,1.0,362.2682926829268,0.0,19921.84058219178,150.0,20071.84058219178,True
SKU0093,AX,0.97,1.0,1.0,1.0,0.95,668.0,17.81105290379587,197.20099017179405,1.0,1.0,362.2682926829268,0.0,19921.84058219178,150.0,20071.84058219178,True
SKU0093,AX,0.97,1.0,1.0,1.0,0.97,668.0,20.008741250551942,199.39867851855013,1.0,1.0,362.2682926829268,0.0,19921.84058219178,150.0,20071.84058219178,True
SKU0093,AX,0.97,1.0,1.0,1.0,0.99,668.0,24.47444385780431,203.8643811258025,1.0,1.0,362.2682926829268,0.0,19921.84058219178,150.0,20071.84058219178,True
SKU0093,AX,0.97,1.25,1.0,1.0,0.75,835.0,4.214398215238719,183.60433548323692,1.0,1.0,427.4390243902439,0.0,23505.70633561644,150.0,23655.70633561644,True
SKU0093,AX,0.97,1.25,1.0,1.0,0.8,835.0,5.989399600189709,185.3793368681879,1.0,1.0,434.2276422764228,0.0,23879.02568493151,150.0,24029.02568493151,True
SKU0093,AX,0.97,1.25,1.0,1.0,0.85,835.0,9.89997400974385,189.28991127774205,1.0,1.0,434.2276422764228,0.0,23879.02568493151,150.0,24029.02568493151,True
SKU0093,AX,0.97,1.25,1.0,1.0,0.9,835.0,12.7365495129008,192.126486780899,1.0,1.0,447.8048780487805,0.0,24625.664383561645,150.0,24775.664383561645,True
SKU0093,AX,0.97,1.25,1.0,1.0,0.95,835.0,17.81105290379587,197.20099017179405,1.0,1.0,454.5934959349593,0.0,24998.983732876713,150.0,25148.983732876713,True
SKU0093,AX,0.97,1.25,1.0,1.0,0.97,835.0,20.008741250551942,199.39867851855013,1.0,1.0,454.5934959349593,0.0,24998.983732876713,150.0,25148.983732876713,True
SKU0093,AX,0.97,1.25,1.0,1.0,0.99,835.0,24.47444385780431,203.8643811258025,1.0,1.0,454.5934959349593,0.0,24998.983732876713,150.0,25148.983732876713,True
SKU0093,AX,0.97,1.5,1.0,1.0,0.75,1002.0,4.214398215238719,183.60433548323692,1.0,1.0,500.7560975609756,0.0,27537.555308219176,100.0,27637.555308219176,True
SKU0093,AX,0.97,1.5,1.0,1.0,0.8,1002.0,5.989399600189709,185.3793368681879,1.0,1.0,508.9024390243902,0.0,27985.53852739726,100.0,28085.53852739726,True
SKU0093,AX,0.97,1.5,1.0,1.0,0.85,1002.0,9.89997400974385,189.28991127774205,1.0,1.0,508.9024390243902,0.0,27985.53852739726,100.0,28085.53852739726,True
SKU0093,AX,0.97,1.5,1.0,1.0,0.9,1002.0,12.7365495129008,192.126486780899,1.0,1.0,508.9024390243902,0.0,27985.53852739726,100.0,28085.53852739726,True
SKU0093,AX,0.97,1.5,1.0,1.0,0.95,1002.0,17.81105290379587,197.20099017179405,1.0,1.0,517.0487804878048,0.0,28433.52174657534,100.0,28533.52174657534,True
SKU0093,AX,0.97,1.5,1.0,1.0,0.97,1002.0,20.008741250551942,199.39867851855013,1.0,1.0,517.0487804878048,0.0,28433.52174657534,100.0,28533.52174657534,True
SKU0093,AX,0.97,1.5,1.0,1.0,0.99,1002.0,24.47444385780431,203.8643811258025,1.0,1.0,517.0487804878048,0.0,28433.52174657534,100.0,28533.52174657534,True
SKU0094,AY,0.97,0.5,1.0,1.0,0.75,394.0,4.523720189718304,134.81815507168153,1.0,1.0,212.66666666666666,0.0,8085.509465753425,250.0,8335.509465753425,True
SKU0094,AY,0.97,0.5,1.0,1.0,0.8,394.0,6.032710358618906,136.32714524058215,1.0,1.0,212.66666666666666,0.0,8085.509465753425,250.0,8335.509465753425,True
SKU0094,AY,0.97,0.5,1.0,1.0,0.85,394.0,7.7258482655161425,138.02028314747938,1.0,1.0,222.27642276422765,0.0,8450.86890410959,250.0,8700.86890410959,True
SKU0094,AY,0.97,0.5,1.0,1.0,0.9,394.0,11.601913862903796,141.89634874486703,1.0,1.0,225.47967479674796,0.0,8572.655383561645,250.0,8822.655383561645,True
SKU0094,AY,0.97,0.5,1.0,1.0,0.95,394.0,17.167061619672232,147.46149650163548,1.0,1.0,231.8861788617886,0.0,8816.228342465754,250.0,9066.228342465754,True
SKU0094,AY,0.97,0.5,1.0,1.0,0.97,394.0,17.59564021344376,147.890075095407,1.0,1.0,231.8861788617886,0.0,8816.228342465754,250.0,9066.228342465754,True
SKU0094,AY,0.97,0.5,1.0,1.0,0.99,394.0,26.410056515881227,156.70449139784446,1.0,1.0,231.8861788617886,0.0,8816.228342465754,250.0,9066.228342465754,True
SKU0094,AY,0.97,0.75,1.0,1.0,0.75,591.0,4.523720189718304,134.81815507168153,1.0,1.0,291.1463414634146,0.0,11069.278212328767,200.0,11269.278212328767,True
SKU0094,AY,0.97,0.75,1.0,1.0,0.8,591.0,6.032710358618906,136.32714524058215,1.0,1.0,291.1463414634146,0.0,11069.278212328767,200.0,11269.278212328767,True
SKU0094,AY,0.97,0.75,1.0,1.0,0.85,591.0,7.7258482655161425,138.02028314747938,1.0,1.0,305.5609756097561,0.0,11617.317369863016,200.0,11817.317369863016,True
SKU0094,AY,0.97,0.75,1.0,1.0,0.9,591.0,11.601913862903796,141.89634874486703,1.0,1.0,305.5609756097561,0.0,11617.317369863016,200.0,11817.317369863016,True
SKU0094,AY,0.97,0.75,1.0,1.0,0.95,591.0,17.167061619672232,147.46149650163548,1.0,1.0,315.1707317073171,0.0,11982.67680821918,200.0,12182.67680821918,True
SKU0094,AY,0.97,0.75,1.0,1.0,0.97,591.0,17.59564021344376,147.890075095407,1.0,1.0,315.1707317073171,0.0,11982.67680821918,200.0,12182.67680821918,True
SKU0094,AY,0.97,0.75,1.0,1.0,0.99,591.0,26.410056515881227,156.70449139784446,1.0,1.0,319.9756097560976,0.0,12165.356527397262,200.0,12365.356527397262,True
SKU0094,AY,0.97,1.0,1.0,1.0,0.75,787.0,4.523720189718304,134.81815507168153,1.0,1.0,425.5691056910569,0.0,16179.982910958906,150.0,16329.982910958906,True
SKU0094,AY,0.97,1.0,1.0,1.0,0.8,787.0,6.032710358618906,136.32714524058215,1.0,1.0,431.9674796747967,0.0,16423.246767123288,150.0,16573.246767123288,True
SKU0094,AY,0.97,1.0,1.0,1.0,0.85,787.0,7.7258482655161425,138.02028314747938,1.0,1.0,438.3658536585366,0.0,16666.51062328767,150.0,16816.51062328767,True
SKU0094,AY,0.97,1.0,1.0,1.0,0.9,787.0,11.601913862903796,141.89634874486703,1.0,1.0,438.3658536585366,0.0,16666.51062328767,150.0,16816.51062328767,True
SKU0094,AY,0.97,1.0,1.0,1.0,0.95,787.0,17.167061619672232,147.46149650163548,1.0,1.0,444.7642276422764,0.0,16909.774479452055,150.0,17059.774479452055,True
SKU0094,AY,0.97,1.0,1.0,1.0,0.97,787.0,17.59564021344376,147.890075095407,1.0,1.0,444.7642276422764,0.0,16909.774479452055,150.0,17059.774479452055,True
SKU0094,AY,0.97,1.0,1.0,1.0,0.99,787.0,26.410056515881227,156.70449139784446,1.0,1.0,444.7642276422764,0.0,16909.774479452055,150.0,17059.774479452055,True
SKU0094,AY,0.97,1.25,1.0,1.0,0.75,984.0,4.523720189718304,134.81815507168153,1.0,1.0,459.5121951219512,0.0,17470.486849315068,100.0,17570.486849315068,True
SKU0094,AY,0.97,1.25,1.0,1.0,0.8,984.0,6.032710358618906,136.32714524058215,1.0,1.0,459.5121951219512,0.0,17470.486849315068,100.0,17570.486849315068,True
SKU0094,AY,0.97,1.25,1.0,1.0,0.85,984.0,7.7258482655161425,138.02028314747938,1.0,1.0,467.5121951219512,0.0,17774.64394520548,100.0,17874.64394520548,True
SKU0094,AY,0.97,1.25,1.0,1.0,0.9,984.0,11.601913862903796,141.89634874486703,1.0,1.0,467.5121951219512,0.0,17774.64394520548,100.0,17874.64394520548,True
SKU0094,AY,0.97,1.25,1.0,1.0,0.95,984.0,17.167061619672232,147.46149650163548,1.0,1.0,467.5121951219512,0.0,17774.64394520548,100.0,17874.64394520548,True
SKU0094,AY,0.97,1.25,1.0,1.0,0.97,984.0,17.59564021344376,147.890075095407,1.0,1.0,467.5121951219512,0.0,17774.64394520548,100.0,17874.64394520548,True
SKU0094,AY,0.97,1.25,1.0,1.0,0.99,984.0,26.410056515881227,156.70449139784446,1.0,1.0,475.5121951219512,0.0,18078.80104109589,100.0,18178.80104109589,True
SKU0094,AY,0.97,1.5,1.0,1.0,0.75,1181.0,4.523720189718304,134.81815507168153,1.0,1.0,611.7723577235772,0.0,23259.36295890411,100.0,23359.36295890411,True
SKU0094,AY,0.97,1.5,1.0,1.0,0.8,1181.0,6.032710358618906,136.32714524058215,1.0,1.0,611.7723577235772,0.0,23259.36295890411,100.0,23359.36295890411,True
SKU0094,AY,0.97,1.5,1.0,1.0,0.85,1181.0,7.7258482655161425,138.02028314747938,1.0,1.0,640.5772357723578,0.0,24354.513965753427,100.0,24454.513965753427,True
SKU0094,AY,0.97,1.5,1.0,1.0,0.9,1181.0,11.601913862903796,141.89634874486703,1.0,1.0,640.5772357723578,0.0,24354.513965753427,100.0,24454.513965753427,True
SKU0094,AY,0.97,1.5,1.0,1.0,0.95,1181.0,17.167061619672232,147.46149650163548,1.0,1.0,640.5772357723578,0.0,24354.513965753427,100.0,24454.513965753427,True
SKU0094,AY,0.97,1.5,1.0,1.0,0.97,1181.0,17.59564021344376,147.890075095407,1.0,1.0,640.5772357723578,0.0,24354.513965753427,100.0,24454.513965753427,True
SKU0094,AY,0.97,1.5,1.0,1.0,0.99,1181.0,26.410056515881227,156.70449139784446,1.0,1.0,640.5772357723578,0.0,24354.513965753427,100.0,24454.513965753427,True
SKU0095,AY,0.97,0.5,1.0,1.0,0.75,294.0,4.798306471289656,210.3415137399939,0.999589995899959,0.875,178.5609756097561,1143.6099999999997,13860.157315068494,400.0,15403.767315068493,True
SKU0095,AY,0.97,0.5,1.0,1.0,0.8,294.0,6.822053739132433,212.36526100783666,1.0,1.0,180.8617886178862,0.0,14038.749698630138,400.0,14438.749698630138,True
SKU0095,AY,0.97,0.5,1.0,1.0,0.85,294.0,11.272333672654435,216.81554094135868,1.0,1.0,185.64227642276424,0.0,14409.817972602741,400.0,14809.817972602741,True
SKU0095,AY,0.97,0.5,1.0,1.0,0.9,294.0,14.331756560620294,219.87496382932454,1.0,1.0,188.03252032520325,0.0,14595.352109589041,400.0,14995.352109589041,True
SKU0095,AY,0.97,0.5,1.0,1.0,0.95,294.0,20.752131170268797,226.29533843897303,1.0,1.0,192.8130081300813,0.0,14966.420383561644,400.0,15366.420383561644,True
SKU0095,AY,0.97,0.5,1.0,1.0,0.97,294.0,27.94917602877229,233.49238329747652,1.0,1.0,202.3739837398374,0.0,15708.55693150685,400.0,16108.55693150685,True
SKU0095,AY,0.97,0.5,1.0,1.0,0.99,294.0,33.612875751748106,239.15608302045234,1.0,1.0,204.7642276422764,0.0,15894.09106849315,400.0,16294.09106849315,True
SKU0095,AY,0.97,0.75,1.0,1.0,0.75,441.0,4.798306471289656,210.3415137399939,0.999589995899959,0.8333333333333334,249.0731707317073,1143.6099999999997,19333.414356164383,250.0,20727.024356164384,True
SKU0095,AY,0.97,0.75,1.0,1.0,0.8,441.0,6.822053739132433,212.36526100783666,1.0,1.0,252.5691056910569,0.0,19604.77380821918,250.0,19854.77380821918,True
SKU0095,AY,0.97,0.75,1.0,1.0,0.85,441.0,11.272333672654435,216.81554094135868,1.0,1.0,252.5691056910569,0.0,19604.77380821918,250.0,19854.77380821918,True
SKU0095,AY,0.97,0.75,1.0,1.0,0.9,441.0,14.331756560620294,219.87496382932454,1.0,1.0,256.1544715447154,0.0,19883.075013698628,250.0,20133.075013698628,True
SKU0095,AY,0.97,0.75,1.0,1.0,0.95,441.0,20.752131170268797,226.29533843897303,1.0,1.0,259.739837398374,0.0,20161.376219178084,250.0,20411.376219178084,True
SKU0095,AY,0.97,0.75,1.0,1.0,0.97,441.0,27.94917602877229,233.49238329747652,1.0,1.0,284.8373983739837,0.0,22109.484657534245,250.0,22359.484657534245,True
SKU0095,AY,0.97,0.75,1.0,1.0,0.99,441.0,33.612875751748106,239.15608302045234,1.0,1.0,288.4227642276423,0.0,22387.785863013698,250.0,22637.785863013698,True
SKU0095,AY,0.97,1.0,1.0,1.0,0.75,587.0,4.798306471289656,210.3415137399939,1.0,1.0,310.2845528455285,0.0,24084.729041095892,200.0,24284.729041095892,True
SKU0095,AY,0.97,1.0,1.0,1.0,0.8,587.0,6.822053739132433,212.36526100783666,1.0,1.0,315.0569105691057,0.0,24455.166246575343,200.0,24655.166246575343,True
SKU0095,AY,0.97,1.0,1.0,1.0,0.85,587.0,11.272333672654435,216.81554094135868,1.0,1.0,319.8292682926829,0.0,24825.603452054795,200.0,25025.603452054795,True
SKU0095,AY,0.97,1.0,1.0,1.0,0.9,587.0,14.331756560620294,219.87496382932454,1.0,1.0,319.8292682926829,0.0,24825.603452054795,200.0,25025.603452054795,True
SKU0095,AY,0.97,1.0,1.0,1.0,0.95,587.0,20.752131170268797,226.29533843897303,1.0,1.0,329.3739837398374,0.0,25566.4778630137,200.0,25766.4778630137,True
SKU0095,AY,0.97,1.0,1.0,1.0,0.97,587.0,27.94917602877229,233.49238329747652,1.0,1.0,338.9186991869919,0.0,26307.352273972603,200.0,26507.352273972603,True
SKU0095,AY,0.97,1.0,1.0,1.0,0.99,587.0,33.612875751748106,239.15608302045234,1.0,1.0,338.9186991869919,0.0,26307.352273972603,200.0,26507.352273972603,True
SKU0095,AY,0.97,1.25,1.0,1.0,0.75,734.0,4.798306471289656,210.3415137399939,0.996309963099631,0.75,394.9512195121951,10292.489999999998,30656.676328767124,150.0,41099.166328767125,True
SKU0095,AY,0.97,1.25,1.0,1.0,0.8,734.0,6.822053739132433,212.36526100783666,0.996309963099631,0.75,394.9512195121951,10292.489999999998,30656.676328767124,150.0,41099.166328767125,True
SKU0095,AY,0.97,1.25,1.0,1.0,0.85,734.0,11.272333672654435,216.81554094135868,0.996309963099631,0.75,400.9186991869919,10292.489999999998,31119.880602739726,150.0,41562.37060273973,True
SKU0095,AY,0.97,1.25,1.0,1.0,0.9,734.0,14.331756560620294,219.87496382932454,0.996309963099631,0.75,400.9186991869919,10292.489999999998,31119.880602739726,150.0,41562.37060273973,True
SKU0095,AY,0.97,1.25,1.0,1.0,0.95,734.0,20.752131170268797,226.29533843897303,1.0,1.0,413.3333333333333,0.0,32083.522191780823,150.0,32233.522191780823,True
SKU0095,AY,0.97,1.25,1.0,1.0,0.97,734.0,27.94917602877229,233.49238329747652,1.0,1.0,413.3333333333333,0.0,32083.522191780823,150.0,32233.522191780823,True
SKU0095,AY,0.97,1.25,1.0,1.0,0.99,734.0,33.612875751748106,239.15608302045234,1.0,1.0,419.3008130081301,0.0,32546.726465753425,150.0,32696.726465753425,True
SKU0095,AY,0.97,1.5,1.0,1.0,0.75,881.0,4.798306471289656,210.3415137399939,1.0,1.0,437.5040650406504,0.0,33959.68882191781,150.0,34109.68882191781,True
SKU0095,AY,0.97,1.5,1.0,1.0,0.8,881.0,6.822053739132433,212.36526100783666,1.0,1.0,437.5040650406504,0.0,33959.68882191781,150.0,34109.68882191781,True
SKU0095,AY,0.97,1.5,1.0,1.0,0.85,881.0,11.272333672654435,216.81554094135868,1.0,1.0,444.6666666666667,0.0,34515.66016438356,150.0,34665.66016438356,True
SKU0095,AY,0.97,1.5,1.0,1.0,0.9,881.0,14.331756560620294,219.87496382932454,1.0,1.0,444.6666666666667,0.0,34515.66016438356,150.0,34665.66016438356,True
SKU0095,AY,0.97,1.5,1.0,1.0,0.95,881.0,20.752131170268797,226.29533843897303,1.0,1.0,458.9918699186992,0.0,35627.602849315066,150.0,35777.602849315066,True
SKU0095,AY,0.97,1.5,1.0,1.0,0.97,881.0,27.94917602877229,233.49238329747652,1.0,1.0,480.479674796748,0.0,37295.51687671233,150.0,37445.51687671233,True
SKU0095,AY,0.97,1.5,1.0,1.0,0.99,881.0,33.612875751748106,239.15608302045234,1.0,1.0,487.6422764227642,0.0,37851.48821917808,150.0,38001.48821917808,True
SKU0096,CZ,0.98,0.5,1.0,1.0,0.75,167.0,0.0,46.81010687747023,1.0,1.0,136.20325203252034,0.0,231.78808219178083,200.0,431.78808219178086,True
SKU0096,CZ,0.98,0.5,1.0,1.0,0.8,167.0,0.14827684248029993,46.95838371995053,1.0,1.0,136.20325203252034,0.0,231.78808219178083,200.0,431.78808219178086,True
SKU0096,CZ,0.98,0.5,1.0,1.0,0.85,167.0,2.159060495279235,48.96916737274947,1.0,1.0,137.5609756097561,0.0,234.0986301369863,200.0,434.0986301369863,True
SKU0096,CZ,0.98,0.5,1.0,1.0,0.9,167.0,5.612012969895411,52.42211984736564,1.0,1.0,138.91869918699186,0.0,236.40917808219177,200.0,436.4091780821918,True
SKU0096,CZ,0.98,0.5,1.0,1.0,0.95,167.0,8.788184697739025,55.59829157520926,1.0,1.0,141.6341463414634,0.0,241.0302739726027,200.0,441.0302739726027,True
SKU0096,CZ,0.98,0.5,1.0,1.0,0.97,167.0,12.640547277476653,59.45065415494689,1.0,1.0,144.34959349593495,0.0,245.65136986301368,200.0,445.65136986301366,True
SKU0096,CZ,0.98,0.5,1.0,1.0,0.99,167.0,17.620677612992054,64.43078449046229,1.0,1.0,148.4227642276423,0.0,252.58301369863017,200.0,452.58301369863017,True
SKU0096,CZ,0.98,0.75,1.0,1.0,0.75,250.0,0.0,46.81010687747023,1.0,1.0,165.52032520325204,0.0,281.67931506849317,150.0,431.67931506849317,True
SKU0096,CZ,0.98,0.75,1.0,1.0,0.8,250.0,0.14827684248029993,46.95838371995053,1.0,1.0,165.52032520325204,0.0,281.67931506849317,150.0,431.67931506849317,True
SKU0096,CZ,0.98,0.75,1.0,1.0,0.85,250.0,2.159060495279235,48.96916737274947,1.0,1.0,167.5528455284553,0.0,285.1382191780822,150.0,435.1382191780822,True
SKU0096,CZ,0.98,0.75,1.0,1.0,0.9,250.0,5.612012969895411,52.42211984736564,1.0,1.0,173.65040650406505,0.0,295.5149315068493,150.0,445.5149315068493,True
SKU0096,CZ,0.98,0.75,1.0,1.0,0.95,250.0,8.788184697739025,55.59829157520926,1.0,1.0,173.65040650406505,0.0,295.5149315068493,150.0,445.5149315068493,True
SKU0096,CZ,0.98,0.75,1.0,1.0,0.97,250.0,12.640547277476653,59.45065415494689,1.0,1.0,175.6829268292683,0.0,298.97383561643835,150.0,448.97383561643835,True
SKU0096,CZ,0.98,0.75,1.0,1.0,0.99,250.0,17.620677612992054,64.43078449046229,1.0,1.0,181.78048780487805,0.0,309.3505479452055,150.0,459.3505479452055,True
SKU0096,CZ,0.98,1.0,1.0,1.0,0.75,333.0,0.0,46.81010687747023,1.0,1.0,197.73170731707316,0.0,336.49602739726026,100.0,436.49602739726026,True
SKU0096,CZ,0.98,1.0,1.0,1.0,0.8,333.0,0.14827684248029993,46.95838371995053,1.0,1.0,197.73170731707316,0.0,336.49602739726026,100.0,436.49602739726026,True
SKU0096,CZ,0.98,1.0,1.0,1.0,0.85,333.0,2.159060495279235,48.96916737274947,1.0,1.0,200.4390243902439,0.0,341.10328767123286,100.0,441.10328767123286,True
SKU0096,CZ,0.98,1.0,1.0,1.0,0.9,333.0,5.612012969895411,52.42211984736564,1.0,1.0,203.14634146341464,0.0,345.7105479452055,100.0,445.7105479452055,True
SKU0096,CZ,0.98,1.0,1.0,1.0,0.95,333.0,8.788184697739025,55.59829157520926,1.0,1.0,203.14634146341464,0.0,345.7105479452055,100.0,445.7105479452055,True
SKU0096,CZ,0.98,1.0,1.0,1.0,0.97,333.0,12.640547277476653,59.45065415494689,1.0,1.0,205.85365853658536,0.0,350.31780821917806,100.0,450.31780821917806,True
SKU0096,CZ,0.98,1.0,1.0,1.0,0.99,333.0,17.620677612992054,64.43078449046229,1.0,1.0,211.26829268292684,0.0,359.5323287671233,100.0,459.5323287671233,True
SKU0096,CZ,0.98,1.25,1.0,1.0,0.75,417.0,0.0,46.81010687747023,1.0,1.0,228.1219512195122,0.0,388.2135616438356,100.0,488.2135616438356,True
SKU0096,CZ,0.98,1.25,1.0,1.0,0.8,417.0,0.14827684248029993,46.95838371995053,1.0,1.0,228.1219512195122,0.0,388.2135616438356,100.0,488.2135616438356,True
SKU0096,CZ,0.98,1.25,1.0,1.0,0.85,417.0,2.159060495279235,48.96916737274947,1.0,1.0,228.1219512195122,0.0,388.2135616438356,100.0,488.2135616438356,True
SKU0096,CZ,0.98,1.25,1.0,1.0,0.9,417.0,5.612012969895411,52.42211984736564,1.0,1.0,234.90243902439025,0.0,399.75246575342464,100.0,499.75246575342464,True
SKU0096,CZ,0.98,1.25,1.0,1.0,0.95,417.0,8.788184697739025,55.59829157520926,1.0,1.0,234.90243902439025,0.0,399.75246575342464,100.0,499.75246575342464,True
SKU0096,CZ,0.98,1.25,1.0,1.0,0.97,417.0,12.640547277476653,59.45065415494689,1.0,1.0,238.29268292682926,0.0,405.52191780821914,100.0,505.52191780821914,True
SKU0096,CZ,0.98,1.25,1.0,1.0,0.99,417.0,17.620677612992054,64.43078449046229,1.0,1.0,241.6829268292683,0.0,411.2913698630137,100.0,511.2913698630137,True
SKU0096,CZ,0.98,1.5,1.0,1.0,0.75,500.0,0.0,46.81010687747023,1.0,1.0,246.8211382113821,0.0,420.03547945205474,100.0,520.0354794520547,True
SKU0096,CZ,0.98,1.5,1.0,1.0,0.8,500.0,0.14827684248029993,46.95838371995053,1.0,1.0,246.8211382113821,0.0,420.03547945205474,100.0,520.0354794520547,True
SKU0096,CZ,0.98,1.5,1.0,1.0,0.85,500.0,2.159060495279235,48.96916737274947,1.0,1.0,246.8211382113821,0.0,420.03547945205474,100.0,520.0354794520547,True
SKU0096,CZ,0.98,1.5,1.0,1.0,0.9,500.0,5.612012969895411,52.42211984736564,1.0,1.0,254.9512195121951,0.0,433.87109589041097,100.0,533.871095890411,True
SKU0096,CZ,0.98,1.5,1.0,1.0,0.95,500.0,8.788184697739025,55.59829157520926,1.0,1.0,254.9512195121951,0.0,433.87109589041097,100.0,533.871095890411,True
SKU0096,CZ,0.98,1.5,1.0,1.0,0.97,500.0,12.640547277476653,59.45065415494689,1.0,1.0,259.0162601626016,0.0,440.78890410958905,100.0,540.7889041095891,True
SKU0096,CZ,0.98,1.5,1.0,1.0,0.99,500.0,17.620677612992054,64.43078449046229,1.0,1.0,267.1463414634146,0.0,454.62452054794517,100.0,554.6245205479452,True
SKU0097,AX,0.97,0.5,1.0,1.0,0.75,324.0,1.6422194343928975,137.1088259340833,0.9995487364620939,0.8571428571428571,187.34959349593495,441.44000000000005,13779.838493150684,300.0,14521.278493150685,True
SKU0097,AX,0.97,0.5,1.0,1.0,0.8,324.0,3.926676054291493,139.39328255398192,0.9995487364620939,0.8571428571428571,187.34959349593495,441.44000000000005,13779.838493150684,300.0,14521.278493150685,True
SKU0097,AX,0.97,0.5,1.0,1.0,0.85,324.0,5.745908538101187,141.2125150377916,0.9995487364620939,0.8571428571428571,187.34959349593495,441.44000000000005,13779.838493150684,300.0,14521.278493150685,True
SKU0097,AX,0.97,0.5,1.0,1.0,0.9,324.0,9.056659584872,144.5232660845624,1.0,1.0,194.77235772357724,0.0,14325.793732876711,300.0,14625.793732876711,True
SKU0097,AX,0.97,0.5,1.0,1.0,0.95,324.0,16.543953295879245,152.01055979556966,1.0,1.0,200.04065040650406,0.0,14713.284417808218,300.0,15013.284417808218,True
SKU0097,AX,0.97,0.5,1.0,1.0,0.97,324.0,19.348861582825702,154.8154680825161,1.0,1.0,205.3089430894309,0.0,15100.775102739724,300.0,15400.775102739724,True
SKU0097,AX,0.97,0.5,1.0,1.0,0.99,324.0,24.203826085757328,159.67043258544774,1.0,1.0,207.9430894308943,0.0,15294.520445205477,300.0,15594.520445205477,True
SKU0097,AX,0.97,0.75,1.0,1.0,0.75,486.0,1.6422194343928975,137.1088259340833,0.9995487364620939,0.8,272.9593495934959,441.44000000000005,20076.56212328767,200.0,20718.002123287668,True
SKU0097,AX,0.97,0.75,1.0,1.0,0.8,486.0,3.926676054291493,139.39328255398192,0.9995487364620939,0.8,272.9593495934959,441.44000000000005,20076.56212328767,200.0,20718.002123287668,True
SKU0097,AX,0.97,0.75,1.0,1.0,0.85,486.0,5.745908538101187,141.2125150377916,0.9995487364620939,0.8,272.9593495934959,441.44000000000005,20076.56212328767,200.0,20718.002123287668,True
SKU0097,AX,0.97,0.75,1.0,1.0,0.9,486.0,9.056659584872,144.5232660845624,1.0,1.0,276.4308943089431,0.0,20331.89934931507,200.0,20531.89934931507,True
SKU0097,AX,0.97,0.75,1.0,1.0,0.95,486.0,16.543953295879245,152.01055979556966,1.0,1.0,276.4308943089431,0.0,20331.89934931507,200.0,20531.89934931507,True
SKU0097,AX,0.97,0.75,1.0,1.0,0.97,486.0,19.348861582825702,154.8154680825161,1.0,1.0,280.3821138211382,0.0,20622.5173630137,200.0,20822.5173630137,True
SKU0097,AX,0.97,0.75,1.0,1.0,0.99,486.0,24.203826085757328,159.67043258544774,1.0,1.0,284.3333333333333,0.0,20913.135376712326,200.0,21113.135376712326,True
SKU0097,AX,0.97,1.0,1.0,1.0,0.75,647.0,1.6422194343928975,137.1088259340833,1.0,1.0,340.4878048780488,0.0,25043.379452054796,150.0,25193.379452054796,True
SKU0097,AX,0.97,1.0,1.0,1.0,0.8,647.0,3.926676054291493,139.39328255398192,1.0,1.0,340.4878048780488,0.0,25043.379452054796,150.0,25193.379452054796,True
SKU0097,AX,0.97,1.0,1.0,1.0,0.85,647.0,5.745908538101187,141.2125150377916,1.0,1.0,340.4878048780488,0.0,25043.379452054796,150.0,25193.379452054796,True
SKU0097,AX,0.97,1.0,1.0,1.0,0.9,647.0,9.056659584872,144.5232660845624,1.0,1.0,345.7479674796748,0.0,25430.272157534248,150.0,25580.272157534248,True
SKU0097,AX,0.97,1.0,1.0,1.0,0.95,647.0,16.543953295879245,152.01055979556966,1.0,1.0,351.0081300813008,0.0,25817.1648630137,150.0,25967.1648630137,True
SKU0097,AX,0.97,1.0,1.0,1.0,0.97,647.0,19.348861582825702,154.8154680825161,1.0,1.0,356.2682926829268,0.0,26204.05756849315,150.0,26354.05756849315,True
SKU0097,AX,0.97,1.0,1.0,1.0,0.99,647.0,24.203826085757328,159.67043258544774,1.0,1.0,356.2682926829268,0.0,26204.05756849315,150.0,26354.05756849315,True
SKU0097,AX,0.97,1.25,1.0,1.0,0.75,809.0,1.6422194343928975,137.1088259340833,0.9990974729241877,0.75,394.9593495934959,882.8800000000001,29049.841780821916,150.0,30082.721780821917,True
SKU0097,AX,0.97,1.25,1.0,1.0,0.8,809.0,3.926676054291493,139.39328255398192,0.9990974729241877,0.75,394.9593495934959,882.8800000000001,29049.841780821916,150.0,30082.721780821917,True
SKU0097,AX,0.97,1.25,1.0,1.0,0.85,809.0,5.745908538101187,141.2125150377916,0.9990974729241877,0.75,394.9593495934959,882.8800000000001,29049.841780821916,150.0,30082.721780821917,True
SKU0097,AX,0.97,1.25,1.0,1.0,0.9,809.0,9.056659584872,144.5232660845624,0.9990974729241877,0.75,394.9593495934959,882.8800000000001,29049.841780821916,150.0,30082.721780821917,True
SKU0097,AX,0.97,1.25,1.0,1.0,0.95,809.0,16.543953295879245,152.01055979556966,1.0,1.0,421.0894308943089,0.0,30971.747739726026,150.0,31121.747739726026,True
SKU0097,AX,0.97,1.25,1.0,1.0,0.97,809.0,19.348861582825702,154.8154680825161,1.0,1.0,427.6666666666667,0.0,31455.513116438353,150.0,31605.513116438353,True
SKU0097,AX,0.97,1.25,1.0,1.0,0.99,809.0,24.203826085757328,159.67043258544774,1.0,1.0,434.2439024390244,0.0,31939.278493150687,150.0,32089.278493150687,True
SKU0097,AX,0.97,1.5,1.0,1.0,0.75,971.0,1.6422194343928975,137.1088259340833,0.9990974729241877,0.6666666666666666,481.5121951219512,882.8800000000001,35415.93102739726,100.0,36398.811027397256,True
SKU0097,AX,0.97,1.5,1.0,1.0,0.8,971.0,3.926676054291493,139.39328255398192,0.9990974729241877,0.6666666666666666,481.5121951219512,882.8800000000001,35415.93102739726,100.0,36398.811027397256,True
SKU0097,AX,0.97,1.5,1.0,1.0,0.85,971.0,5.745908538101187,141.2125150377916,0.9990974729241877,0.6666666666666666,481.5121951219512,882.8800000000001,35415.93102739726,100.0,36398.811027397256,True
SKU0097,AX,0.97,1.5,1.0,1.0,0.9,971.0,9.056659584872,144.5232660845624,1.0,1.0,488.4471544715447,0.0,35926.0075,100.0,36026.0075,True
SKU0097,AX,0.97,1.5,1.0,1.0,0.95,971.0,16.543953295879245,152.01055979556966,1.0,1.0,488.4471544715447,0.0,35926.0075,100.0,36026.0075,True
SKU0097,AX,0.97,1.5,1.0,1.0,0.97,971.0,19.348861582825702,154.8154680825161,1.0,1.0,496.3414634146341,0.0,36506.645547945205,100.0,36606.645547945205,True
SKU0097,AX,0.97,1.5,1.0,1.0,0.99,971.0,24.203826085757328,159.67043258544774,1.0,1.0,504.2357723577236,0.0,37087.28359589041,100.0,37187.28359589041,True
SKU0100,AY,0.97,0.5,1.0,1.0,0.75,169.0,1.6430472121795638,43.82349089343981,0.9981143934632307,0.8888888888888888,103.5609756097561,3846.69,8269.579397260273,400.0,12516.269397260274,True
SKU0100,AY,0.97,0.5,1.0,1.0,0.8,169.0,2.735330629430525,44.915774310690765,0.9981143934632307,0.8888888888888888,103.5609756097561,3846.69,8269.579397260273,400.0,12516.269397260274,True
SKU0100,AY,0.97,0.5,1.0,1.0,0.85,169.0,3.909547222730998,46.08999090399124,0.9981143934632307,0.8888888888888888,103.5609756097561,3846.69,8269.579397260273,400.0,12516.269397260274,True
SKU0100,AY,0.97,0.5,1.0,1.0,0.9,169.0,6.8751223399166985,49.05556602117694,1.0,1.0,105.92682926829268,0.0,8458.498191780822,400.0,8858.498191780822,True
SKU0100,AY,0.97,0.5,1.0,1.0,0.95,169.0,12.045013665395821,54.225457346656064,1.0,1.0,110.04878048780488,0.0,8787.645369863014,400.0,9187.645369863014,True
SKU0100,AY,0.97,0.5,1.0,1.0,0.97,169.0,12.936326053796487,55.11676973505673,1.0,1.0,112.79674796747967,0.0,9007.076821917808,400.0,9407.076821917808,True
SKU0100,AY,0.97,0.5,1.0,1.0,0.99,169.0,18.532109756800352,60.712553438060596,1.0,1.0,115.54471544715447,0.0,9226.508273972602,400.0,9626.508273972602,True
SKU0100,AY,0.97,0.75,1.0,1.0,0.75,254.0,1.6430472121795638,43.82349089343981,0.9987429289754871,0.8333333333333334,137.390243902439,2564.46,10970.923397260272,300.0,13835.383397260273,True
SKU0100,AY,0.97,0.75,1.0,1.0,0.8,254.0,2.735330629430525,44.915774310690765,0.9987429289754871,0.8333333333333334,137.390243902439,2564.46,10970.923397260272,300.0,13835.383397260273,True
SKU0100,AY,0.97,0.75,1.0,1.0,0.85,254.0,3.909547222730998,46.08999090399124,0.9987429289754871,0.8333333333333334,137.390243902439,2564.46,10970.923397260272,300.0,13835.383397260273,True
SKU0100,AY,0.97,0.75,1.0,1.0,0.9,254.0,6.8751223399166985,49.05556602117694,1.0,1.0,140.34959349593495,0.0,11207.234191780823,300.0,11507.234191780823,True
SKU0100,AY,0.97,0.75,1.0,1.0,0.95,254.0,12.045013665395821,54.225457346656064,1.0,1.0,142.41463414634146,0.0,11372.132383561644,300.0,11672.132383561644,True
SKU0100,AY,0.97,0.75,1.0,1.0,0.97,254.0,12.936326053796487,55.11676973505673,1.0,1.0,142.41463414634146,0.0,11372.132383561644,300.0,11672.132383561644,True
SKU0100,AY,0.97,0.75,1.0,1.0,0.99,254.0,18.532109756800352,60.712553438060596,1.0,1.0,152.739837398374,0.0,12196.623342465755,300.0,12496.623342465755,True
SKU0100,AY,0.97,1.0,1.0,1.0,0.75,338.0,1.6430472121795638,43.82349089343981,1.0,1.0,177.3739837398374,0.0,14163.715945205482,200.0,14363.715945205482,True
SKU0100,AY,0.97,1.0,1.0,1.0,0.8,338.0,2.735330629430525,44.915774310690765,1.0,1.0,177.3739837398374,0.0,14163.715945205482,200.0,14363.715945205482,True
SKU0100,AY,0.97,1.0,1.0,1.0,0.85,338.0,3.909547222730998,46.08999090399124,1.0,1.0,177.3739837398374,0.0,14163.715945205482,200.0,14363.715945205482,True
SKU0100,AY,0.97,1.0,1.0,1.0,0.9,338.0,6.8751223399166985,49.05556602117694,1.0,1.0,180.1219512195122,0.0,14383.147397260274,200.0,14583.147397260274,True
SKU0100,AY,0.97,1.0,1.0,1.0,0.95,338.0,12.045013665395821,54.225457346656064,1.0,1.0,188.3658536585366,0.0,15041.441753424659,200.0,15241.441753424659,True
SKU0100,AY,0.97,1.0,1.0,1.0,0.97,338.0,12.936326053796487,55.11676973505673,1.0,1.0,191.1138211382114,0.0,15260.873205479455,200.0,15460.873205479455,True
SKU0100,AY,0.97,1.0,1.0,1.0,0.99,338.0,18.532109756800352,60.712553438060596,1.0,1.0,193.8617886178862,0.0,15480.304657534247,200.0,15680.304657534247,True
SKU0100,AY,0.97,1.25,1.0,1.0,0.75,423.0,1.6430472121795638,43.82349089343981,1.0,1.0,199.609756097561,0.0,15939.29293150685,200.0,16139.29293150685,True
SKU0100,AY,0.97,1.25,1.0,1.0,0.8,423.0,2.735330629430525,44.915774310690765,1.0,1.0,199.609756097561,0.0,15939.29293150685,200.0,16139.29293150685,True
SKU0100,AY,0.97,1.25,1.0,1.0,0.85,423.0,3.909547222730998,46.08999090399124,1.0,1.0,199.609756097561,0.0,15939.29293150685,200.0,16139.29293150685,True
SKU0100,AY,0.97,1.25,1.0,1.0,0.9,423.0,6.8751223399166985,49.05556602117694,1.0,1.0,203.0487804878049,0.0,16213.90684931507,200.0,16413.90684931507,True
SKU0100,AY,0.97,1.25,1.0,1.0,0.95,423.0,12.045013665395821,54.225457346656064,1.0,1.0,206.4878048780488,0.0,16488.52076712329,200.0,16688.52076712329,True
SKU0100,AY,0.97,1.25,1.0,1.0,0.97,423.0,12.936326053796487,55.11676973505673,1.0,1.0,206.4878048780488,0.0,16488.52076712329,200.0,16688.52076712329,True
SKU0100,AY,0.97,1.25,1.0,1.0,0.99,423.0,18.532109756800352,60.712553438060596,1.0,1.0,216.8048780487805,0.0,17312.362520547947,200.0,17512.362520547947,True
SKU0100,AY,0.97,1.5,1.0,1.0,0.75,507.0,1.6430472121795638,43.82349089343981,0.9981143934632307,0.75,268.4390243902439,3846.69,21435.466520547943,150.0,25432.156520547942,True
SKU0100,AY,0.97,1.5,1.0,1.0,0.8,507.0,2.735330629430525,44.915774310690765,0.9981143934632307,0.75,268.4390243902439,3846.69,21435.466520547943,150.0,25432.156520547942,True
SKU0100,AY,0.97,1.5,1.0,1.0,0.85,507.0,3.909547222730998,46.08999090399124,0.9981143934632307,0.75,268.4390243902439,3846.69,21435.466520547943,150.0,25432.156520547942,True
SKU0100,AY,0.97,1.5,1.0,1.0,0.9,507.0,6.8751223399166985,49.05556602117694,1.0,1.0,270.8048780487805,0.0,21624.385315068495,150.0,21774.385315068495,True
SKU0100,AY,0.97,1.5,1.0,1.0,0.95,507.0,12.045013665395821,54.225457346656064,1.0,1.0,274.9268292682927,0.0,21953.532493150688,150.0,22103.532493150688,True
SKU0100,AY,0.97,1.5,1.0,1.0,0.97,507.0,12.936326053796487,55.11676973505673,1.0,1.0,279.0487804878049,0.0,22282.67967123288,150.0,22432.67967123288,True
SKU0100,AY,0.97,1.5,1.0,1.0,0.99,507.0,18.532109756800352,60.712553438060596,1.0,1.0,283.1707317073171,0.0,22611.82684931507,150.0,22761.82684931507,True
SKU0101,BZ,0.98,0.5,1.0,1.0,0.75,227.0,0.8220364448239721,28.038961188436172,1.0,1.0,116.47154471544715,0.0,9095.243780821917,200.0,9295.243780821917,True
SKU0101,BZ,0.98,0.5,1.0,1.0,0.8,227.0,1.6731193081468483,28.890044051759048,1.0,1.0,116.47154471544715,0.0,9095.243780821917,200.0,9295.243780821917,True
SKU0101,BZ,0.98,0.5,1.0,1.0,0.85,227.0,3.6556059365335827,30.872530680145783,1.0,1.0,118.3170731707317,0.0,9239.360794520548,200.0,9439.360794520548,True
SKU0101,BZ,0.98,0.5,1.0,1.0,0.9,227.0,4.607490755099954,31.824415498712156,1.0,1.0,120.16260162601625,0.0,9383.477808219177,200.0,9583.477808219177,True
SKU0101,BZ,0.98,0.5,1.0,1.0,0.95,227.0,6.558791766739743,33.77571651035194,1.0,1.0,120.16260162601625,0.0,9383.477808219177,200.0,9583.477808219177,True
SKU0101,BZ,0.98,0.5,1.0,1.0,0.97,227.0,7.93167164756073,35.14859639117293,1.0,1.0,123.85365853658537,0.0,9671.711835616437,200.0,9871.711835616437,True
SKU0101,BZ,0.98,0.5,1.0,1.0,0.99,227.0,10.093793020751708,37.31071776436391,1.0,1.0,127.54471544715447,0.0,9959.945863013698,200.0,10159.945863013698,True
SKU0101,BZ,0.98,0.75,1.0,1.0,0.75,340.0,0.8220364448239721,28.038961188436172,1.0,1.0,179.27642276422765,0.0,13999.666383561644,150.0,14149.666383561644,True
SKU0101,BZ,0.98,0.75,1.0,1.0,0.8,340.0,1.6731193081468483,28.890044051759048,1.0,1.0,179.27642276422765,0.0,13999.666383561644,150.0,14149.666383561644,True
SKU0101,BZ,0.98,0.75,1.0,1.0,0.85,340.0,3.6556059365335827,30.872530680145783,1.0,1.0,182.04065040650406,0.0,14215.524465753424,150.0,14365.524465753424,True
SKU0101,BZ,0.98,0.75,1.0,1.0,0.9,340.0,4.607490755099954,31.824415498712156,1.0,1.0,182.04065040650406,0.0,14215.524465753424,150.0,14365.524465753424,True
SKU0101,BZ,0.98,0.75,1.0,1.0,0.95,340.0,6.558791766739743,33.77571651035194,1.0,1.0,182.04065040650406,0.0,14215.524465753424,150.0,14365.524465753424,True
SKU0101,BZ,0.98,0.75,1.0,1.0,0.97,340.0,7.93167164756073,35.14859639117293,1.0,1.0,182.04065040650406,0.0,14215.524465753424,150.0,14365.524465753424,True
SKU0101,BZ,0.98,0.75,1.0,1.0,0.99,340.0,10.093793020751708,37.31071776436391,1.0,1.0,187.5691056910569,0.0,14647.240630136985,150.0,14797.240630136985,True
SKU0101,BZ,0.98,1.0,1.0,1.0,0.75,453.0,0.8220364448239721,28.038961188436172,1.0,1.0,223.95934959349594,0.0,17488.948794520547,100.0,17588.948794520547,True
SKU0101,BZ,0.98,1.0,1.0,1.0,0.8,453.0,1.6731193081468483,28.890044051759048,1.0,1.0,223.95934959349594,0.0,17488.948794520547,100.0,17588.948794520547,True
SKU0101,BZ,0.98,1.0,1.0,1.0,0.85,453.0,3.6556059365335827,30.872530680145783,1.0,1.0,227.64227642276424,0.0,17776.54794520548,100.0,17876.54794520548,True
SKU0101,BZ,0.98,1.0,1.0,1.0,0.9,453.0,4.607490755099954,31.824415498712156,1.0,1.0,227.64227642276424,0.0,17776.54794520548,100.0,17876.54794520548,True
SKU0101,BZ,0.98,1.0,1.0,1.0,0.95,453.0,6.558791766739743,33.77571651035194,1.0,1.0,231.3252032520325,0.0,18064.14709589041,100.0,18164.14709589041,True
SKU0101,BZ,0.98,1.0,1.0,1.0,0.97,453.0,7.93167164756073,35.14859639117293,1.0,1.0,231.3252032520325,0.0,18064.14709589041,100.0,18164.14709589041,True
SKU0101,BZ,0.98,1.0,1.0,1.0,0.99,453.0,10.093793020751708,37.31071776436391,1.0,1.0,235.0081300813008,0.0,18351.74624657534,100.0,18451.74624657534,True
SKU0101,BZ,0.98,1.25,1.0,1.0,0.75,567.0,0.8220364448239721,28.038961188436172,1.0,1.0,314.2276422764228,0.0,24537.98493150685,100.0,24637.98493150685,True
SKU0101,BZ,0.98,1.25,1.0,1.0,0.8,567.0,1.6731193081468483,28.890044051759048,1.0,1.0,314.2276422764228,0.0,24537.98493150685,100.0,24637.98493150685,True
SKU0101,BZ,0.98,1.25,1.0,1.0,0.85,567.0,3.6556059365335827,30.872530680145783,1.0,1.0,314.2276422764228,0.0,24537.98493150685,100.0,24637.98493150685,True
SKU0101,BZ,0.98,1.25,1.0,1.0,0.9,567.0,4.607490755099954,31.824415498712156,1.0,1.0,314.2276422764228,0.0,24537.98493150685,100.0,24637.98493150685,True
SKU0101,BZ,0.98,1.25,1.0,1.0,0.95,567.0,6.558791766739743,33.77571651035194,1.0,1.0,314.2276422764228,0.0,24537.98493150685,100.0,24637.98493150685,True
SKU0101,BZ,0.98,1.25,1.0,1.0,0.97,567.0,7.93167164756073,35.14859639117293,1.0,1.0,318.8373983739837,0.0,24897.96002739726,100.0,24997.96002739726,True
SKU0101,BZ,0.98,1.25,1.0,1.0,0.99,567.0,10.093793020751708,37.31071776436391,1.0,1.0,323.4471544715447,0.0,25257.935123287672,100.0,25357.935123287672,True
SKU0101,BZ,0.98,1.5,1.0,1.0,0.75,680.0,0.8220364448239721,28.038961188436172,1.0,1.0,364.479674796748,0.0,28462.15789041096,100.0,28562.15789041096,True
SKU0101,BZ,0.98,1.5,1.0,1.0,0.8,680.0,1.6731193081468483,28.890044051759048,1.0,1.0,364.479674796748,0.0,28462.15789041096,100.0,28562.15789041096,True
SKU0101,BZ,0.98,1.5,1.0,1.0,0.85,680.0,3.6556059365335827,30.872530680145783,1.0,1.0,364.479674796748,0.0,28462.15789041096,100.0,28562.15789041096,True
SKU0101,BZ,0.98,1.5,1.0,1.0,0.9,680.0,4.607490755099954,31.824415498712156,1.0,1.0,364.479674796748,0.0,28462.15789041096,100.0,28562.15789041096,True
SKU0101,BZ,0.98,1.5,1.0,1.0,0.95,680.0,6.558791766739743,33.77571651035194,1.0,1.0,364.479674796748,0.0,28462.15789041096,100.0,28562.15789041096,True
SKU0101,BZ,0.98,1.5,1.0,1.0,0.97,680.0,7.93167164756073,35.14859639117293,1.0,1.0,364.479674796748,0.0,28462.15789041096,100.0,28562.15789041096,True
SKU0101,BZ,0.98,1.5,1.0,1.0,0.99,680.0,10.093793020751708,37.31071776436391,1.0,1.0,375.5365853658537,0.0,29325.59021917808,100.0,29425.59021917808,True
SKU0102,AX,0.97,0.5,1.0,1.0,0.75,275.0,4.050428957172443,110.51490582540099,1.0,1.0,152.5040650406504,0.0,12596.510917808218,300.0,12896.510917808218,True
SKU0102,AX,0.97,0.5,1.0,1.0,0.8,275.0,4.839133356961499,111.30361022519004,1.0,1.0,152.5040650406504,0.0,12596.510917808218,300.0,12896.510917808218,True
SKU0102,AX,0.97,0.5,1.0,1.0,0.85,275.0,7.6869457733466575,114.15142264157521,1.0,1.0,154.739837398374,0.0,12781.180952054796,300.0,13081.180952054796,True
SKU0102,AX,0.97,0.5,1.0,1.0,0.9,275.0,12.01064953320171,118.47512640143026,1.0,1.0,163.6829268292683,0.0,13519.861089041096,300.0,13819.861089041096,True
SKU0102,AX,0.97,0.5,1.0,1.0,0.95,275.0,15.623638137065049,122.08811500529359,1.0,1.0,163.6829268292683,0.0,13519.861089041096,300.0,13819.861089041096,True
SKU0102,AX,0.97,0.5,1.0,1.0,0.97,275.0,18.127853670160302,124.59233053838885,1.0,1.0,163.6829268292683,0.0,13519.861089041096,300.0,13819.861089041096,True
SKU0102,AX,0.97,0.5,1.0,1.0,0.99,275.0,19.741460429526366,126.20593729775491,1.0,1.0,168.15447154471545,0.0,13889.201157534248,300.0,14189.201157534248,True
SKU0102,AX,0.97,0.75,1.0,1.0,0.75,412.0,4.050428957172443,110.51490582540099,0.9960871995528228,0.8,222.3252032520325,8748.880000000001,18363.588205479453,200.0,27312.468205479454,True
SKU0102,AX,0.97,0.75,1.0,1.0,0.8,412.0,4.839133356961499,111.30361022519004,0.9960871995528228,0.8,222.3252032520325,8748.880000000001,18363.588205479453,200.0,27312.468205479454,True
SKU0102,AX,0.97,0.75,1.0,1.0,0.85,412.0,7.6869457733466575,114.15142264157521,0.9960871995528228,0.8,222.3252032520325,8748.880000000001,18363.588205479453,200.0,27312.468205479454,True
SKU0102,AX,0.97,0.75,1.0,1.0,0.9,412.0,12.01064953320171,118.47512640143026,0.9960871995528228,0.8,229.02439024390245,8748.880000000001,18916.92678082192,200.0,27865.80678082192,True
SKU0102,AX,0.97,0.75,1.0,1.0,0.95,412.0,15.623638137065049,122.08811500529359,1.0,1.0,230.65853658536585,0.0,19051.903787671232,200.0,19251.903787671232,True
SKU0102,AX,0.97,0.75,1.0,1.0,0.97,412.0,18.127853670160302,124.59233053838885,1.0,1.0,230.65853658536585,0.0,19051.903787671232,200.0,19251.903787671232,True
SKU0102,AX,0.97,0.75,1.0,1.0,0.99,412.0,19.741460429526366,126.20593729775491,1.0,1.0,234.0081300813008,0.0,19328.573075342465,250.0,19578.573075342465,True
SKU0102,AX,0.97,1.0,1.0,1.0,0.75,549.0,4.050428957172443,110.51490582540099,1.0,1.0,282.4959349593496,0.0,23333.562472602738,150.0,23483.562472602738,True
SKU0102,AX,0.97,1.0,1.0,1.0,0.8,549.0,4.839133356961499,111.30361022519004,1.0,1.0,282.4959349593496,0.0,23333.562472602738,150.0,23483.562472602738,True
SKU0102,AX,0.97,1.0,1.0,1.0,0.85,549.0,7.6869457733466575,114.15142264157521,1.0,1.0,282.4959349593496,0.0,23333.562472602738,150.0,23483.562472602738,True
SKU0102,AX,0.97,1.0,1.0,1.0,0.9,549.0,12.01064953320171,118.47512640143026,1.0,1.0,295.8861788617886,0.0,24439.568095890412,150.0,24589.568095890412,True
SKU0102,AX,0.97,1.0,1.0,1.0,0.95,549.0,15.623638137065049,122.08811500529359,1.0,1.0,295.8861788617886,0.0,24439.568095890412,150.0,24589.568095890412,True
SKU0102,AX,0.97,1.0,1.0,1.0,0.97,549.0,18.127853670160302,124.59233053838885,1.0,1.0,300.349593495935,0.0,24808.2366369863,200.0,25008.2366369863,True
SKU0102,AX,0.97,1.0,1.0,1.0,0.99,549.0,19.741460429526366,126.20593729775491,1.0,1.0,300.349593495935,0.0,24808.2366369863,200.0,25008.2366369863,True
SKU0102,AX,0.97,1.25,1.0,1.0,0.75,687.0,4.050428957172443,110.51490582540099,1.0,1.0,346.2032520325203,0.0,28595.651157534245,150.0,28745.651157534245,True
SKU0102,AX,0.97,1.25,1.0,1.0,0.8,687.0,4.839133356961499,111.30361022519004,1.0,1.0,346.2032520325203,0.0,28595.651157534245,150.0,28745.651157534245,True
SKU0102,AX,0.97,1.25,1.0,1.0,0.85,687.0,7.6869457733466575,114.15142264157521,1.0,1.0,346.2032520325203,0.0,28595.651157534245,150.0,28745.651157534245,True
SKU0102,AX,0.97,1.25,1.0,1.0,0.9,687.0,12.01064953320171,118.47512640143026,1.0,1.0,357.3739837398374,0.0,29518.329801369862,150.0,29668.329801369862,True
SKU0102,AX,0.97,1.25,1.0,1.0,0.95,687.0,15.623638137065049,122.08811500529359,1.0,1.0,357.3739837398374,0.0,29518.329801369862,150.0,29668.329801369862,True
SKU0102,AX,0.97,1.25,1.0,1.0,0.97,687.0,18.127853670160302,124.59233053838885,1.0,1.0,357.3739837398374,0.0,29518.329801369862,150.0,29668.329801369862,True
SKU0102,AX,0.97,1.25,1.0,1.0,0.99,687.0,19.741460429526366,126.20593729775491,1.0,1.0,362.9593495934959,0.0,29979.66912328767,150.0,30129.66912328767,True
SKU0102,AX,0.97,1.5,1.0,1.0,0.75,824.0,4.050428957172443,110.51490582540099,1.0,1.0,408.1869918699187,0.0,33715.376034246576,100.0,33815.376034246576,True
SKU0102,AX,0.97,1.5,1.0,1.0,0.8,824.0,4.839133356961499,111.30361022519004,1.0,1.0,408.1869918699187,0.0,33715.376034246576,100.0,33815.376034246576,True
SKU0102,AX,0.97,1.5,1.0,1.0,0.85,824.0,7.6869457733466575,114.15142264157521,1.0,1.0,414.8861788617886,0.0,34268.71460958904,100.0,34368.71460958904,True
SKU0102,AX,0.97,1.5,1.0,1.0,0.9,824.0,12.01064953320171,118.47512640143026,1.0,1.0,421.5853658536585,0.0,34822.0531849315,100.0,34922.0531849315,True
SKU0102,AX,0.97,1.5,1.0,1.0,0.95,824.0,15.623638137065049,122.08811500529359,1.0,1.0,421.5853658536585,0.0,34822.0531849315,100.0,34922.0531849315,True
SKU0102,AX,0.97,1.5,1.0,1.0,0.97,824.0,18.127853670160302,124.59233053838885,1.0,1.0,421.5853658536585,0.0,34822.0531849315,100.0,34922.0531849315,True
SKU0102,AX,0.97,1.5,1.0,1.0,0.99,824.0,19.741460429526366,126.20593729775491,1.0,1.0,421.5853658536585,0.0,34822.0531849315,150.0,34972.0531849315,True
SKU0103,AY,0.97,0.5,1.0,1.0,0.75,231.0,0.0,46.94997628972576,1.0,1.0,170.3821138211382,0.0,13083.483808219178,150.0,13233.483808219178,True
SKU0103,AY,0.97,0.5,1.0,1.0,0.8,231.0,0.34413372272579024,47.294110012451554,1.0,1.0,172.260162601626,0.0,13227.697424657534,150.0,13377.697424657534,True
SKU0103,AY,0.97,0.5,1.0,1.0,0.85,231.0,1.0740390484327018,48.02401533815846,1.0,1.0,172.260162601626,0.0,13227.697424657534,150.0,13377.697424657534,True
SKU0103,AY,0.97,0.5,1.0,1.0,0.9,231.0,3.3848206746351863,50.33479696436095,1.0,1.0,172.260162601626,0.0,13227.697424657534,150.0,13377.697424657534,True
SKU0103,AY,0.97,0.5,1.0,1.0,0.95,231.0,6.589531374595388,53.53950766432115,1.0,1.0,177.89430894308944,0.0,13660.338273972604,150.0,13810.338273972604,True
SKU0103,AY,0.97,0.5,1.0,1.0,0.97,231.0,8.579662681558617,55.52963897128438,1.0,1.0,179.77235772357724,0.0,13804.55189041096,150.0,13954.55189041096,True
SKU0103,AY,0.97,0.5,1.0,1.0,0.99,231.0,11.22993572378189,58.17991201350765,1.0,1.0,181.65040650406505,0.0,13948.765506849315,150.0,14098.765506849315,True
SKU0103,AY,0.97,0.75,1.0,1.0,0.75,346.0,0.0,46.94997628972576,1.0,1.0,217.89430894308944,0.0,16731.90101369863,100.0,16831.90101369863,True
SKU0103,AY,0.97,0.75,1.0,1.0,0.8,346.0,0.34413372272579024,47.294110012451554,1.0,1.0,217.89430894308944,0.0,16731.90101369863,100.0,16831.90101369863,True
SKU0103,AY,0.97,0.75,1.0,1.0,0.85,346.0,1.0740390484327018,48.02401533815846,1.0,1.0,217.89430894308944,0.0,16731.90101369863,100.0,16831.90101369863,True
SKU0103,AY,0.97,0.75,1.0,1.0,0.9,346.0,3.3848206746351863,50.33479696436095,1.0,1.0,217.89430894308944,0.0,16731.90101369863,100.0,16831.90101369863,True
SKU0103,AY,0.97,0.75,1.0,1.0,0.95,346.0,6.589531374595388,53.53950766432115,1.0,1.0,217.89430894308944,0.0,16731.90101369863,100.0,16831.90101369863,True
SKU0103,AY,0.97,0.75,1.0,1.0,0.97,346.0,8.579662681558617,55.52963897128438,1.0,1.0,220.70731707317074,0.0,16947.909287671235,100.0,17047.909287671235,True
SKU0103,AY,0.97,0.75,1.0,1.0,0.99,346.0,11.22993572378189,58.17991201350765,1.0,1.0,220.70731707317074,0.0,16947.909287671235,100.0,17047.909287671235,True
SKU0103,AY,0.97,1.0,1.0,1.0,0.75,461.0,0.0,46.94997628972576,1.0,1.0,229.8861788617886,0.0,17652.745534246573,100.0,17752.745534246573,True
SKU0103,AY,0.97,1.0,1.0,1.0,0.8,461.0,0.34413372272579024,47.294110012451554,1.0,1.0,229.8861788617886,0.0,17652.745534246573,100.0,17752.745534246573,True
SKU0103,AY,0.97,1.0,1.0,1.0,0.85,461.0,1.0740390484327018,48.02401533815846,1.0,1.0,229.8861788617886,0.0,17652.745534246573,100.0,17752.745534246573,True
SKU0103,AY,0.97,1.0,1.0,1.0,0.9,461.0,3.3848206746351863,50.33479696436095,1.0,1.0,233.6341463414634,0.0,17940.548465753425,100.0,18040.548465753425,True
SKU0103,AY,0.97,1.0,1.0,1.0,0.95,461.0,6.589531374595388,53.53950766432115,1.0,1.0,233.6341463414634,0.0,17940.548465753425,100.0,18040.548465753425,True
SKU0103,AY,0.97,1.0,1.0,1.0,0.97,461.0,8.579662681558617,55.52963897128438,1.0,1.0,237.3821138211382,0.0,18228.351397260274,100.0,18328.351397260274,True
SKU0103,AY,0.97,1.0,1.0,1.0,0.99,461.0,11.22993572378189,58.17991201350765,1.0,1.0,237.3821138211382,0.0,18228.351397260274,100.0,18328.351397260274,True
SKU0103,AY,0.97,1.25,1.0,1.0,0.75,577.0,0.0,46.94997628972576,1.0,1.0,289.349593495935,0.0,22218.88575342466,50.0,22268.88575342466,True
SKU0103,AY,0.97,1.25,1.0,1.0,0.8,577.0,0.34413372272579024,47.294110012451554,1.0,1.0,289.349593495935,0.0,22218.88575342466,50.0,22268.88575342466,True
SKU0103,AY,0.97,1.25,1.0,1.0,0.85,577.0,1.0740390484327018,48.02401533815846,1.0,1.0,289.349593495935,0.0,22218.88575342466,50.0,22268.88575342466,True
SKU0103,AY,0.97,1.25,1.0,1.0,0.9,577.0,3.3848206746351863,50.33479696436095,1.0,1.0,289.349593495935,0.0,22218.88575342466,50.0,22268.88575342466,True
SKU0103,AY,0.97,1.25,1.0,1.0,0.95,577.0,6.589531374595388,53.53950766432115,1.0,1.0,289.349593495935,0.0,22218.88575342466,50.0,22268.88575342466,True
SKU0103,AY,0.97,1.25,1.0,1.0,0.97,577.0,8.579662681558617,55.52963897128438,1.0,1.0,289.349593495935,0.0,22218.88575342466,50.0,22268.88575342466,True
SKU0103,AY,0.97,1.25,1.0,1.0,0.99,577.0,11.22993572378189,58.17991201350765,1.0,1.0,289.349593495935,0.0,22218.88575342466,50.0,22268.88575342466,True
SKU0103,AY,0.97,1.5,1.0,1.0,0.75,692.0,0.0,46.94997628972576,1.0,1.0,355.7317073170732,0.0,27316.306438356165,50.0,27366.306438356165,True
SKU0103,AY,0.97,1.5,1.0,1.0,0.8,692.0,0.34413372272579024,47.294110012451554,1.0,1.0,355.7317073170732,0.0,27316.306438356165,50.0,27366.306438356165,True
SKU0103,AY,0.97,1.5,1.0,1.0,0.85,692.0,1.0740390484327018,48.02401533815846,1.0,1.0,355.7317073170732,0.0,27316.306438356165,50.0,27366.306438356165,True
SKU0103,AY,0.97,1.5,1.0,1.0,0.9,692.0,3.3848206746351863,50.33479696436095,1.0,1.0,355.7317073170732,0.0,27316.306438356165,50.0,27366.306438356165,True
SKU0103,AY,0.97,1.5,1.0,1.0,0.95,692.0,6.589531374595388,53.53950766432115,1.0,1.0,355.7317073170732,0.0,27316.306438356165,50.0,27366.306438356165,True
SKU0103,AY,0.97,1.5,1.0,1.0,0.97,692.0,8.579662681558617,55.52963897128438,1.0,1.0,355.7317073170732,0.0,27316.306438356165,50.0,27366.306438356165,True
SKU0103,AY,0.97,1.5,1.0,1.0,0.99,692.0,11.22993572378189,58.17991201350765,1.0,1.0,355.7317073170732,0.0,27316.306438356165,50.0,27366.306438356165,True
SKU0104,CZ,0.98,0.5,1.0,1.0,0.75,369.0,0.0,41.346520800713805,1.0,1.0,176.83739837398375,0.0,1855.0921369863015,100.0,1955.0921369863015,True
SKU0104,CZ,0.98,0.5,1.0,1.0,0.8,369.0,0.0,41.346520800713805,1.0,1.0,176.83739837398375,0.0,1855.0921369863015,100.0,1955.0921369863015,True
SKU0104,CZ,0.98,0.5,1.0,1.0,0.85,369.0,0.0,41.346520800713805,1.0,1.0,176.83739837398375,0.0,1855.0921369863015,100.0,1955.0921369863015,True
SKU0104,CZ,0.98,0.5,1.0,1.0,0.9,369.0,4.083396346383064,45.429917147096866,1.0,1.0,185.83739837398375,0.0,1949.505589041096,100.0,2049.505589041096,True
SKU0104,CZ,0.98,0.5,1.0,1.0,0.95,369.0,9.782499362365316,51.12902016307912,1.0,1.0,188.83739837398375,0.0,1980.9767397260273,100.0,2080.9767397260275,True
SKU0104,CZ,0.98,0.5,1.0,1.0,0.97,369.0,13.084610350271303,54.43113115098511,1.0,1.0,194.83739837398375,0.0,2043.9190410958906,100.0,2143.919041095891,True
SKU0104,CZ,0.98,0.5,1.0,1.0,0.99,369.0,13.90757981395955,55.254100614673355,1.0,1.0,194.83739837398375,0.0,2043.9190410958906,100.0,2143.919041095891,True
SKU0104,CZ,0.98,0.75,1.0,1.0,0.75,553.0,0.0,41.346520800713805,1.0,1.0,278.4390243902439,0.0,2920.932164383562,50.0,2970.932164383562,True
SKU0104,CZ,0.98,0.75,1.0,1.0,0.8,553.0,0.0,41.346520800713805,1.0,1.0,278.4390243902439,0.0,2920.932164383562,50.0,2970.932164383562,True
SKU0104,CZ,0.98,0.75,1.0,1.0,0.85,553.0,0.0,41.346520800713805,1.0,1.0,278.4390243902439,0.0,2920.932164383562,50.0,2970.932164383562,True
SKU0104,CZ,0.98,0.75,1.0,1.0,0.9,553.0,4.083396346383064,45.429917147096866,1.0,1.0,282.9349593495935,0.0,2968.0962465753423,50.0,3018.0962465753423,True
SKU0104,CZ,0.98,0.75,1.0,1.0,0.95,553.0,9.782499362365316,51.12902016307912,1.0,1.0,282.9349593495935,0.0,2968.0962465753423,50.0,3018.0962465753423,True
SKU0104,CZ,0.98,0.75,1.0,1.0,0.97,553.0,13.084610350271303,54.43113115098511,1.0,1.0,287.4308943089431,0.0,3015.260328767123,50.0,3065.260328767123,True
SKU0104,CZ,0.98,0.75,1.0,1.0,0.99,553.0,13.90757981395955,55.254100614673355,1.0,1.0,287.4308943089431,0.0,3015.260328767123,50.0,3065.260328767123,True
SKU0104,CZ,0.98,1.0,1.0,1.0,0.75,737.0,0.0,41.346520800713805,1.0,1.0,425.0406504065041,0.0,4458.8394520547945,50.0,4508.8394520547945,True
SKU0104,CZ,0.98,1.0,1.0,1.0,0.8,737.0,0.0,41.346520800713805,1.0,1.0,425.0406504065041,0.0,4458.8394520547945,50.0,4508.8394520547945,True
SKU0104,CZ,0.98,1.0,1.0,1.0,0.85,737.0,0.0,41.346520800713805,1.0,1.0,425.0406504065041,0.0,4458.8394520547945,50.0,4508.8394520547945,True
SKU0104,CZ,0.98,1.0,1.0,1.0,0.9,737.0,4.083396346383064,45.429917147096866,1.0,1.0,431.0325203252033,0.0,4521.6964657534245,50.0,4571.6964657534245,True
SKU0104,CZ,0.98,1.0,1.0,1.0,0.95,737.0,9.782499362365316,51.12902016307912,1.0,1.0,431.0325203252033,0.0,4521.6964657534245,50.0,4571.6964657534245,True
SKU0104,CZ,0.98,1.0,1.0,1.0,0.97,737.0,13.084610350271303,54.43113115098511,1.0,1.0,437.0243902439024,0.0,4584.5534794520545,50.0,4634.5534794520545,True
SKU0104,CZ,0.98,1.0,1.0,1.0,0.99,737.0,13.90757981395955,55.254100614673355,1.0,1.0,437.0243902439024,0.0,4584.5534794520545,50.0,4634.5534794520545,True
SKU0104,CZ,0.98,1.25,1.0,1.0,0.75,922.0,0.0,41.346520800713805,1.0,1.0,572.439024390244,0.0,6005.104931506849,50.0,6055.104931506849,True
SKU0104,CZ,0.98,1.25,1.0,1.0,0.8,922.0,0.0,41.346520800713805,1.0,1.0,572.439024390244,0.0,6005.104931506849,50.0,6055.104931506849,True
SKU0104,CZ,0.98,1.25,1.0,1.0,0.85,922.0,0.0,41.346520800713805,1.0,1.0,572.439024390244,0.0,6005.104931506849,50.0,6055.104931506849,True
SKU0104,CZ,0.98,1.25,1.0,1.0,0.9,922.0,4.083396346383064,45.429917147096866,1.0,1.0,579.9349593495934,0.0,6083.740164383561,50.0,6133.740164383561,True
SKU0104,CZ,0.98,1.25,1.0,1.0,0.95,922.0,9.782499362365316,51.12902016307912,1.0,1.0,579.9349593495934,0.0,6083.740164383561,50.0,6133.740164383561,True
SKU0104,CZ,0.98,1.25,1.0,1.0,0.97,922.0,13.084610350271303,54.43113115098511,1.0,1.0,587.430894308943,0.0,6162.375397260273,50.0,6212.375397260273,True
SKU0104,CZ,0.98,1.25,1.0,1.0,0.99,922.0,13.90757981395955,55.254100614673355,1.0,1.0,587.430894308943,0.0,6162.375397260273,50.0,6212.375397260273,True
SKU0104,CZ,0.98,1.5,1.0,1.0,0.75,1106.0,0.0,41.346520800713805,1.0,1.0,719.040650406504,0.0,7543.012219178082,50.0,7593.012219178082,True
SKU0104,CZ,0.98,1.5,1.0,1.0,0.8,1106.0,0.0,41.346520800713805,1.0,1.0,719.040650406504,0.0,7543.012219178082,50.0,7593.012219178082,True
SKU0104,CZ,0.98,1.5,1.0,1.0,0.85,1106.0,0.0,41.346520800713805,1.0,1.0,719.040650406504,0.0,7543.012219178082,50.0,7593.012219178082,True
SKU0104,CZ,0.98,1.5,1.0,1.0,0.9,1106.0,4.083396346383064,45.429917147096866,1.0,1.0,728.0325203252032,0.0,7637.340383561643,50.0,7687.340383561643,True
SKU0104,CZ,0.98,1.5,1.0,1.0,0.95,1106.0,9.782499362365316,51.12902016307912,1.0,1.0,728.0325203252032,0.0,7637.340383561643,50.0,7687.340383561643,True
SKU0104,CZ,0.98,1.5,1.0,1.0,0.97,1106.0,13.084610350271303,54.43113115098511,1.0,1.0,737.0243902439024,0.0,7731.668547945205,50.0,7781.668547945205,True
SKU0104,CZ,0.98,1.5,1.0,1.0,0.99,1106.0,13.90757981395955,55.254100614673355,1.0,1.0,737.0243902439024,0.0,7731.668547945205,50.0,7781.668547945205,True
SKU0105,AX,0.97,0.5,1.0,1.0,0.75,209.0,0.0,210.03675010774694,0.983323749281196,0.875,131.7479674796748,34453.74,12574.081061643836,400.0,47427.82106164383,True
SKU0105,AX,0.97,0.5,1.0,1.0,0.8,209.0,3.2049441469788156,213.24169425472576,0.983323749281196,0.875,133.4471544715447,34453.74,12736.25217808219,400.0,47589.99217808219,True
SKU0105,AX,0.97,0.5,1.0,1.0,0.85,209.0,6.0064667850478335,216.04321689279476,0.983323749281196,0.875,135.14634146341464,34453.74,12898.423294520548,400.0,47752.16329452055,True
SKU0105,AX,0.97,0.5,1.0,1.0,0.9,209.0,9.469736260337456,219.50648636808438,0.9971247843588269,0.8888888888888888,131.5121951219512,5940.299999999999,12551.578849315067,400.0,18891.878849315064,True
SKU0105,AX,0.97,0.5,1.0,1.0,0.95,209.0,14.877931167258208,224.91468127500514,0.9971247843588269,0.8888888888888888,136.609756097561,5940.299999999999,13038.092198630136,400.0,19378.392198630136,True
SKU0105,AX,0.97,0.5,1.0,1.0,0.97,209.0,17.93435733729096,227.9711074450379,0.9971247843588269,0.8888888888888888,141.70731707317074,5940.299999999999,13524.605547945206,400.0,19864.905547945207,True
SKU0105,AX,0.97,0.5,1.0,1.0,0.99,209.0,23.381016385174895,233.41776649292183,1.0,1.0,146.21951219512195,0.0,13955.251335616436,400.0,14355.251335616436,True
SKU0105,AX,0.97,0.75,1.0,1.0,0.75,313.0,0.0,210.03675010774694,1.0,1.0,175.3739837398374,0.0,16737.766280821914,300.0,17037.766280821914,True
SKU0105,AX,0.97,0.75,1.0,1.0,0.8,313.0,3.2049441469788156,213.24169425472576,1.0,1.0,177.91869918699186,0.0,16980.634986301367,300.0,17280.634986301367,True
SKU0105,AX,0.97,0.75,1.0,1.0,0.85,313.0,6.0064667850478335,216.04321689279476,1.0,1.0,177.91869918699186,0.0,16980.634986301367,300.0,17280.634986301367,True
SKU0105,AX,0.97,0.75,1.0,1.0,0.9,313.0,9.469736260337456,219.50648636808438,1.0,1.0,180.46341463414635,0.0,17223.50369178082,300.0,17523.50369178082,True
SKU0105,AX,0.97,0.75,1.0,1.0,0.95,313.0,14.877931167258208,224.91468127500514,1.0,1.0,193.1869918699187,0.0,18437.847219178082,300.0,18737.847219178082,True
SKU0105,AX,0.97,0.75,1.0,1.0,0.97,313.0,17.93435733729096,227.9711074450379,1.0,1.0,193.1869918699187,0.0,18437.847219178082,300.0,18737.847219178082,True
SKU0105,AX,0.97,0.75,1.0,1.0,0.99,313.0,23.381016385174895,233.41776649292183,1.0,1.0,198.27642276422765,0.0,18923.584630136986,300.0,19223.584630136986,True
SKU0105,AX,0.97,1.0,1.0,1.0,0.75,417.0,0.0,210.03675010774694,1.0,1.0,228.90243902439025,0.0,21846.544417808218,200.0,22046.544417808218,True
SKU0105,AX,0.97,1.0,1.0,1.0,0.8,417.0,3.2049441469788156,213.24169425472576,1.0,1.0,228.90243902439025,0.0,21846.544417808218,200.0,22046.544417808218,True
SKU0105,AX,0.97,1.0,1.0,1.0,0.85,417.0,6.0064667850478335,216.04321689279476,1.0,1.0,228.90243902439025,0.0,21846.544417808218,200.0,22046.544417808218,True
SKU0105,AX,0.97,1.0,1.0,1.0,0.9,417.0,9.469736260337456,219.50648636808438,1.0,1.0,232.29268292682926,0.0,22170.110712328766,200.0,22370.110712328766,True
SKU0105,AX,0.97,1.0,1.0,1.0,0.95,417.0,14.877931167258208,224.91468127500514,1.0,1.0,245.85365853658536,0.0,23464.375890410956,200.0,23664.375890410956,True
SKU0105,AX,0.97,1.0,1.0,1.0,0.97,417.0,17.93435733729096,227.9711074450379,1.0,1.0,245.85365853658536,0.0,23464.375890410956,200.0,23664.375890410956,True
SKU0105,AX,0.97,1.0,1.0,1.0,0.99,417.0,23.381016385174895,233.41776649292183,1.0,1.0,245.85365853658536,0.0,23464.375890410956,200.0,23664.375890410956,True
SKU0105,AX,0.97,1.25,1.0,1.0,0.75,522.0,0.0,210.03675010774694,1.0,1.0,285.4390243902439,0.0,27242.419746575342,200.0,27442.419746575342,True
SKU0105,AX,0.97,1.25,1.0,1.0,0.8,522.0,3.2049441469788156,213.24169425472576,1.0,1.0,285.4390243902439,0.0,27242.419746575342,200.0,27442.419746575342,True
SKU0105,AX,0.97,1.25,1.0,1.0,0.85,522.0,6.0064667850478335,216.04321689279476,1.0,1.0,285.4390243902439,0.0,27242.419746575342,200.0,27442.419746575342,True
SKU0105,AX,0.97,1.25,1.0,1.0,0.9,522.0,9.469736260337456,219.50648636808438,1.0,1.0,289.6829268292683,0.0,27647.45956849315,200.0,27847.45956849315,True
SKU0105,AX,0.97,1.25,1.0,1.0,0.95,522.0,14.877931167258208,224.91468127500514,1.0,1.0,298.1707317073171,0.0,28457.539212328767,200.0,28657.539212328767,True
SKU0105,AX,0.97,1.25,1.0,1.0,0.97,522.0,17.93435733729096,227.9711074450379,1.0,1.0,298.1707317073171,0.0,28457.539212328767,200.0,28657.539212328767,True
SKU0105,AX,0.97,1.25,1.0,1.0,0.99,522.0,23.381016385174895,233.41776649292183,1.0,1.0,298.1707317073171,0.0,28457.539212328767,200.0,28657.539212328767,True
SKU0105,AX,0.97,1.5,1.0,1.0,0.75,626.0,0.0,210.03675010774694,1.0,1.0,317.8780487804878,0.0,30338.41378767123,150.0,30488.41378767123,True
SKU0105,AX,0.97,1.5,1.0,1.0,0.8,626.0,3.2049441469788156,213.24169425472576,1.0,1.0,322.9674796747967,0.0,30824.151198630134,150.0,30974.151198630134,True
SKU0105,AX,0.97,1.5,1.0,1.0,0.85,626.0,6.0064667850478335,216.04321689279476,1.0,1.0,322.9674796747967,0.0,30824.151198630134,150.0,30974.151198630134,True
SKU0105,AX,0.97,1.5,1.0,1.0,0.9,626.0,9.469736260337456,219.50648636808438,1.0,1.0,328.0569105691057,0.0,31309.88860958904,150.0,31459.88860958904,True
SKU0105,AX,0.97,1.5,1.0,1.0,0.95,626.0,14.877931167258208,224.91468127500514,1.0,1.0,348.4146341463415,0.0,33252.838253424656,150.0,33402.838253424656,True
SKU0105,AX,0.97,1.5,1.0,1.0,0.97,626.0,17.93435733729096,227.9711074450379,1.0,1.0,348.4146341463415,0.0,33252.838253424656,150.0,33402.838253424656,True
SKU0105,AX,0.97,1.5,1.0,1.0,0.99,626.0,23.381016385174895,233.41776649292183,1.0,1.0,348.4146341463415,0.0,33252.838253424656,150.0,33402.838253424656,True
SKU0106,AX,0.97,0.5,1.0,1.0,0.75,279.0,3.4729023051300096,62.24329912942184,0.9982825246887076,0.8888888888888888,146.08943089430895,4706.0,10864.229705479453,400.0,15970.229705479453,True
SKU0106,AX,0.97,0.5,1.0,1.0,0.8,279.0,4.9527696381931605,63.723166462485,0.9982825246887076,0.8888888888888888,146.08943089430895,4706.0,10864.229705479453,400.0,15970.229705479453,True
SKU0106,AX,0.97,0.5,1.0,1.0,0.85,279.0,7.985985654760688,66.75638247905252,1.0,1.0,149.1219512195122,0.0,11089.749082191782,400.0,11489.749082191782,True
SKU0106,AX,0.97,0.5,1.0,1.0,0.9,279.0,12.342438002968507,71.11283482726034,1.0,1.0,153.65853658536585,0.0,11427.121232876712,400.0,11827.121232876712,True
SKU0106,AX,0.97,0.5,1.0,1.0,0.95,279.0,16.552565686622277,75.32296251091411,1.0,1.0,155.9268292682927,0.0,11595.807308219179,400.0,11995.807308219179,True
SKU0106,AX,0.97,0.5,1.0,1.0,0.97,279.0,17.446842326307124,76.21723915059896,1.0,1.0,160.46341463414635,0.0,11933.17945890411,400.0,12333.17945890411,True
SKU0106,AX,0.97,0.5,1.0,1.0,0.99,279.0,25.43728030121714,84.20767712550898,1.0,1.0,167.26829268292684,0.0,12439.237684931508,400.0,12839.237684931508,True
SKU0106,AX,0.97,0.75,1.0,1.0,0.75,419.0,3.4729023051300096,62.24329912942184,0.9982825246887076,0.8571428571428571,208.91869918699186,4706.0,15536.65260958904,300.0,20542.65260958904,True
SKU0106,AX,0.97,0.75,1.0,1.0,0.8,419.0,4.9527696381931605,63.723166462485,0.9982825246887076,0.8571428571428571,208.91869918699186,4706.0,15536.65260958904,300.0,20542.65260958904,True
SKU0106,AX,0.97,0.75,1.0,1.0,0.85,419.0,7.985985654760688,66.75638247905252,1.0,1.0,208.5528455284553,0.0,15509.445178082191,300.0,15809.445178082191,True
SKU0106,AX,0.97,0.75,1.0,1.0,0.9,419.0,12.342438002968507,71.11283482726034,1.0,1.0,218.77235772357724,0.0,16269.43943150685,300.0,16569.43943150685,True
SKU0106,AX,0.97,0.75,1.0,1.0,0.95,419.0,16.552565686622277,75.32296251091411,1.0,1.0,222.1788617886179,0.0,16522.77084931507,300.0,16822.77084931507,True
SKU0106,AX,0.97,0.75,1.0,1.0,0.97,419.0,17.446842326307124,76.21723915059896,1.0,1.0,222.1788617886179,0.0,16522.77084931507,300.0,16822.77084931507,True
SKU0106,AX,0.97,0.75,1.0,1.0,0.99,419.0,25.43728030121714,84.20767712550898,1.0,1.0,232.39837398373984,0.0,17282.765102739726,300.0,17582.765102739726,True
SKU0106,AX,0.97,1.0,1.0,1.0,0.75,558.0,3.4729023051300096,62.24329912942184,0.9982825246887076,0.8,282.1869918699187,4706.0,20985.394226027398,200.0,25891.394226027398,True
SKU0106,AX,0.97,1.0,1.0,1.0,0.8,558.0,4.9527696381931605,63.723166462485,0.9982825246887076,0.8,282.1869918699187,4706.0,20985.394226027398,200.0,25891.394226027398,True
SKU0106,AX,0.97,1.0,1.0,1.0,0.85,558.0,7.985985654760688,66.75638247905252,1.0,1.0,282.9512195121951,0.0,21042.22752739726,200.0,21242.22752739726,True
SKU0106,AX,0.97,1.0,1.0,1.0,0.9,558.0,12.342438002968507,71.11283482726034,1.0,1.0,287.4878048780488,0.0,21379.59967808219,200.0,21579.59967808219,True
SKU0106,AX,0.97,1.0,1.0,1.0,0.95,558.0,16.552565686622277,75.32296251091411,1.0,1.0,292.0243902439024,0.0,21716.97182876712,200.0,21916.97182876712,True
SKU0106,AX,0.97,1.0,1.0,1.0,0.97,558.0,17.446842326307124,76.21723915059896,1.0,1.0,296.5609756097561,0.0,22054.343979452056,200.0,22254.343979452056,True
SKU0106,AX,0.97,1.0,1.0,1.0,0.99,558.0,25.43728030121714,84.20767712550898,1.0,1.0,301.0975609756098,0.0,22391.71613013699,200.0,22591.71613013699,True
SKU0106,AX,0.97,1.25,1.0,1.0,0.75,698.0,3.4729023051300096,62.24329912942184,0.9982825246887076,0.8,338.8048780487805,4706.0,25195.895404109593,200.0,30101.895404109593,True
SKU0106,AX,0.97,1.25,1.0,1.0,0.8,698.0,4.9527696381931605,63.723166462485,0.9982825246887076,0.8,338.8048780487805,4706.0,25195.895404109593,200.0,30101.895404109593,True
SKU0106,AX,0.97,1.25,1.0,1.0,0.85,698.0,7.985985654760688,66.75638247905252,1.0,1.0,352.0569105691057,0.0,26181.409034246575,200.0,26381.409034246575,True
SKU0106,AX,0.97,1.25,1.0,1.0,0.9,698.0,12.342438002968507,71.11283482726034,1.0,1.0,352.0569105691057,0.0,26181.409034246575,200.0,26381.409034246575,True
SKU0106,AX,0.97,1.25,1.0,1.0,0.95,698.0,16.552565686622277,75.32296251091411,1.0,1.0,363.4065040650407,0.0,27025.444020547948,200.0,27225.444020547948,True
SKU0106,AX,0.97,1.25,1.0,1.0,0.97,698.0,17.446842326307124,76.21723915059896,1.0,1.0,363.4065040650407,0.0,27025.444020547948,200.0,27225.444020547948,True
SKU0106,AX,0.97,1.25,1.0,1.0,0.99,698.0,25.43728030121714,84.20767712550898,1.0,1.0,374.7560975609756,0.0,27869.479006849317,200.0,28069.479006849317,True
SKU0106,AX,0.97,1.5,1.0,1.0,0.75,837.0,3.4729023051300096,62.24329912942184,0.9982825246887076,0.75,438.6991869918699,4706.0,32624.733424657537,150.0,37480.733424657534,True
SKU0106,AX,0.97,1.5,1.0,1.0,0.8,837.0,4.9527696381931605,63.723166462485,0.9982825246887076,0.75,438.6991869918699,4706.0,32624.733424657537,150.0,37480.733424657534,True
SKU0106,AX,0.97,1.5,1.0,1.0,0.85,837.0,7.985985654760688,66.75638247905252,1.0,1.0,441.7317073170732,0.0,32850.25280136986,150.0,33000.25280136986,True
SKU0106,AX,0.97,1.5,1.0,1.0,0.9,837.0,12.342438002968507,71.11283482726034,1.0,1.0,448.5365853658537,0.0,33356.31102739726,150.0,33506.31102739726,True
SKU0106,AX,0.97,1.5,1.0,1.0,0.95,837.0,16.552565686622277,75.32296251091411,1.0,1.0,448.5365853658537,0.0,33356.31102739726,150.0,33506.31102739726,True
SKU0106,AX,0.97,1.5,1.0,1.0,0.97,837.0,17.446842326307124,76.21723915059896,1.0,1.0,448.5365853658537,0.0,33356.31102739726,150.0,33506.31102739726,True
SKU0106,AX,0.97,1.5,1.0,1.0,0.99,837.0,25.43728030121714,84.20767712550898,1.0,1.0,462.1463414634146,0.0,34368.42747945205,150.0,34518.42747945205,True
SKU0107,AY,0.97,0.5,1.0,1.0,0.75,339.0,1.0438999214506404,53.18895337022162,1.0,1.0,198.04065040650406,0.0,16584.474780821918,150.0,16734.474780821918,True
SKU0107,AY,0.97,0.5,1.0,1.0,0.8,339.0,2.8414929127812085,54.986546361552186,1.0,1.0,198.04065040650406,0.0,16584.474780821918,150.0,16734.474780821918,True
SKU0107,AY,0.97,0.5,1.0,1.0,0.85,339.0,4.255993006212586,56.401046454983565,1.0,1.0,200.79674796747966,0.0,16815.27805479452,150.0,16965.27805479452,True
SKU0107,AY,0.97,0.5,1.0,1.0,0.9,339.0,6.15858259771162,58.3036360464826,1.0,1.0,200.79674796747966,0.0,16815.27805479452,150.0,16965.27805479452,True
SKU0107,AY,0.97,0.5,1.0,1.0,0.95,339.0,7.880495586848392,60.02554903561937,1.0,1.0,206.3089430894309,0.0,17276.884602739727,150.0,17426.884602739727,True
SKU0107,AY,0.97,0.5,1.0,1.0,0.97,339.0,8.258275514560522,60.403328963331504,1.0,1.0,206.3089430894309,0.0,17276.884602739727,150.0,17426.884602739727,True
SKU0107,AY,0.97,0.5,1.0,1.0,0.99,339.0,9.666207224954944,61.811260673725926,1.0,1.0,206.3089430894309,0.0,17276.884602739727,150.0,17426.884602739727,True
SKU0107,AY,0.97,0.75,1.0,1.0,0.75,509.0,1.0438999214506404,53.18895337022162,1.0,1.0,267.4390243902439,0.0,22396.087602739724,100.0,22496.087602739724,True
SKU0107,AY,0.97,0.75,1.0,1.0,0.8,509.0,2.8414929127812085,54.986546361552186,1.0,1.0,267.4390243902439,0.0,22396.087602739724,100.0,22496.087602739724,True
SKU0107,AY,0.97,0.75,1.0,1.0,0.85,509.0,4.255993006212586,56.401046454983565,1.0,1.0,271.5772357723577,0.0,22742.632931506847,100.0,22842.632931506847,True
SKU0107,AY,0.97,0.75,1.0,1.0,0.9,509.0,6.15858259771162,58.3036360464826,1.0,1.0,271.5772357723577,0.0,22742.632931506847,100.0,22842.632931506847,True
SKU0107,AY,0.97,0.75,1.0,1.0,0.95,509.0,7.880495586848392,60.02554903561937,1.0,1.0,271.5772357723577,0.0,22742.632931506847,100.0,22842.632931506847,True
SKU0107,AY,0.97,0.75,1.0,1.0,0.97,509.0,8.258275514560522,60.403328963331504,1.0,1.0,271.5772357723577,0.0,22742.632931506847,100.0,22842.632931506847,True
SKU0107,AY,0.97,0.75,1.0,1.0,0.99,509.0,9.666207224954944,61.811260673725926,1.0,1.0,271.5772357723577,0.0,22742.632931506847,100.0,22842.632931506847,True
SKU0107,AY,0.97,1.0,1.0,1.0,0.75,678.0,1.0438999214506404,53.18895337022162,1.0,1.0,313.7967479674797,0.0,26278.21228767123,100.0,26378.21228767123,True
SKU0107,AY,0.97,1.0,1.0,1.0,0.8,678.0,2.8414929127812085,54.986546361552186,1.0,1.0,313.7967479674797,0.0,26278.21228767123,100.0,26378.21228767123,True
SKU0107,AY,0.97,1.0,1.0,1.0,0.85,678.0,4.255993006212586,56.401046454983565,1.0,1.0,319.3089430894309,0.0,26739.818835616436,100.0,26839.818835616436,True
SKU0107,AY,0.97,1.0,1.0,1.0,0.9,678.0,6.15858259771162,58.3036360464826,1.0,1.0,319.3089430894309,0.0,26739.818835616436,100.0,26839.818835616436,True
SKU0107,AY,0.97,1.0,1.0,1.0,0.95,678.0,7.880495586848392,60.02554903561937,1.0,1.0,324.8211382113821,0.0,27201.42538356164,100.0,27301.42538356164,True
SKU0107,AY,0.97,1.0,1.0,1.0,0.97,678.0,8.258275514560522,60.403328963331504,1.0,1.0,324.8211382113821,0.0,27201.42538356164,100.0,27301.42538356164,True
SKU0107,AY,0.97,1.0,1.0,1.0,0.99,678.0,9.666207224954944,61.811260673725926,1.0,1.0,324.8211382113821,0.0,27201.42538356164,100.0,27301.42538356164,True
SKU0107,AY,0.97,1.25,1.0,1.0,0.75,848.0,1.0438999214506404,53.18895337022162,1.0,1.0,369.2764227642276,0.0,30924.234534246574,50.0,30974.234534246574,True
SKU0107,AY,0.97,1.25,1.0,1.0,0.8,848.0,2.8414929127812085,54.986546361552186,1.0,1.0,369.2764227642276,0.0,30924.234534246574,50.0,30974.234534246574,True
SKU0107,AY,0.97,1.25,1.0,1.0,0.85,848.0,4.255993006212586,56.401046454983565,1.0,1.0,376.1707317073171,0.0,31501.5831369863,50.0,31551.5831369863,True
SKU0107,AY,0.97,1.25,1.0,1.0,0.9,848.0,6.15858259771162,58.3036360464826,1.0,1.0,376.1707317073171,0.0,31501.5831369863,50.0,31551.5831369863,True
SKU0107,AY,0.97,1.25,1.0,1.0,0.95,848.0,7.880495586848392,60.02554903561937,1.0,1.0,376.1707317073171,0.0,31501.5831369863,50.0,31551.5831369863,True
SKU0107,AY,0.97,1.25,1.0,1.0,0.97,848.0,8.258275514560522,60.403328963331504,1.0,1.0,376.1707317073171,0.0,31501.5831369863,50.0,31551.5831369863,True
SKU0107,AY,0.97,1.25,1.0,1.0,0.99,848.0,9.666207224954944,61.811260673725926,1.0,1.0,376.1707317073171,0.0,31501.5831369863,50.0,31551.5831369863,True
SKU0107,AY,0.97,1.5,1.0,1.0,0.75,1017.0,1.0438999214506404,53.18895337022162,1.0,1.0,490.1869918699187,0.0,41049.621821917804,50.0,41099.621821917804,True
SKU0107,AY,0.97,1.5,1.0,1.0,0.8,1017.0,2.8414929127812085,54.986546361552186,1.0,1.0,490.1869918699187,0.0,41049.621821917804,50.0,41099.621821917804,True
SKU0107,AY,0.97,1.5,1.0,1.0,0.85,1017.0,4.255993006212586,56.401046454983565,1.0,1.0,498.4552845528455,0.0,41742.03164383562,50.0,41792.03164383562,True
SKU0107,AY,0.97,1.5,1.0,1.0,0.9,1017.0,6.15858259771162,58.3036360464826,1.0,1.0,498.4552845528455,0.0,41742.03164383562,50.0,41792.03164383562,True
SKU0107,AY,0.97,1.5,1.0,1.0,0.95,1017.0,7.880495586848392,60.02554903561937,1.0,1.0,498.4552845528455,0.0,41742.03164383562,50.0,41792.03164383562,True
SKU0107,AY,0.97,1.5,1.0,1.0,0.97,1017.0,8.258275514560522,60.403328963331504,1.0,1.0,498.4552845528455,0.0,41742.03164383562,50.0,41792.03164383562,True
SKU0107,AY,0.97,1.5,1.0,1.0,0.99,1017.0,9.666207224954944,61.811260673725926,1.0,1.0,498.4552845528455,0.0,41742.03164383562,50.0,41792.03164383562,True
SKU0108,BZ,0.98,0.5,1.0,1.0,0.75,303.0,0.0,67.92113204668212,1.0,1.0,182.3170731707317,0.0,18089.755993150684,100.0,18189.755993150684,True
SKU0108,BZ,0.98,0.5,1.0,1.0,0.8,303.0,0.4511237198472978,68.37225576652942,1.0,1.0,182.3170731707317,0.0,18089.755993150684,100.0,18189.755993150684,True
SKU0108,BZ,0.98,0.5,1.0,1.0,0.85,303.0,1.6588014311460397,69.57993347782816,1.0,1.0,182.3170731707317,0.0,18089.755993150684,100.0,18189.755993150684,True
SKU0108,BZ,0.98,0.5,1.0,1.0,0.9,303.0,3.1763191140723355,71.09745116075446,1.0,1.0,182.3170731707317,0.0,18089.755993150684,100.0,18189.755993150684,True
SKU0108,BZ,0.98,0.5,1.0,1.0,0.95,303.0,4.4885399601276,72.40967200680971,1.0,1.0,182.3170731707317,0.0,18089.755993150684,100.0,18189.755993150684,True
SKU0108,BZ,0.98,0.5,1.0,1.0,0.97,303.0,5.464648106544447,73.38578015322656,1.0,1.0,182.3170731707317,0.0,18089.755993150684,100.0,18189.755993150684,True
SKU0108,BZ,0.98,0.5,1.0,1.0,0.99,303.0,7.301135315527991,75.2222673622101,1.0,1.0,184.78048780487805,0.0,18334.179452054796,100.0,18434.179452054796,True
SKU0108,BZ,0.98,0.75,1.0,1.0,0.75,454.0,0.0,67.92113204668212,1.0,1.0,252.26829268292684,0.0,25030.41421232877,50.0,25080.41421232877,True
SKU0108,BZ,0.98,0.75,1.0,1.0,0.8,454.0,0.4511237198472978,68.37225576652942,1.0,1.0,252.26829268292684,0.0,25030.41421232877,50.0,25080.41421232877,True
SKU0108,BZ,0.98,0.75,1.0,1.0,0.85,454.0,1.6588014311460397,69.57993347782816,1.0,1.0,252.26829268292684,0.0,25030.41421232877,50.0,25080.41421232877,True
SKU0108,BZ,0.98,0.75,1.0,1.0,0.9,454.0,3.1763191140723355,71.09745116075446,1.0,1.0,252.26829268292684,0.0,25030.41421232877,50.0,25080.41421232877,True
SKU0108,BZ,0.98,0.75,1.0,1.0,0.95,454.0,4.4885399601276,72.40967200680971,1.0,1.0,252.26829268292684,0.0,25030.41421232877,50.0,25080.41421232877,True
SKU0108,BZ,0.98,0.75,1.0,1.0,0.97,454.0,5.464648106544447,73.38578015322656,1.0,1.0,252.26829268292684,0.0,25030.41421232877,50.0,25080.41421232877,True
SKU0108,BZ,0.98,0.75,1.0,1.0,0.99,454.0,7.301135315527991,75.2222673622101,1.0,1.0,252.26829268292684,0.0,25030.41421232877,50.0,25080.41421232877,True
SKU0108,BZ,0.98,1.0,1.0,1.0,0.75,605.0,0.0,67.92113204668212,1.0,1.0,329.609756097561,0.0,32704.34280821918,50.0,32754.34280821918,True
SKU0108,BZ,0.98,1.0,1.0,1.0,0.8,605.0,0.4511237198472978,68.37225576652942,1.0,1.0,329.609756097561,0.0,32704.34280821918,50.0,32754.34280821918,True
SKU0108,BZ,0.98,1.0,1.0,1.0,0.85,605.0,1.6588014311460397,69.57993347782816,1.0,1.0,329.609756097561,0.0,32704.34280821918,50.0,32754.34280821918,True
SKU0108,BZ,0.98,1.0,1.0,1.0,0.9,605.0,3.1763191140723355,71.09745116075446,1.0,1.0,329.609756097561,0.0,32704.34280821918,50.0,32754.34280821918,True
SKU0108,BZ,0.98,1.0,1.0,1.0,0.95,605.0,4.4885399601276,72.40967200680971,1.0,1.0,329.609756097561,0.0,32704.34280821918,50.0,32754.34280821918,True
SKU0108,BZ,0.98,1.0,1.0,1.0,0.97,605.0,5.464648106544447,73.38578015322656,1.0,1.0,329.609756097561,0.0,32704.34280821918,50.0,32754.34280821918,True
SKU0108,BZ,0.98,1.0,1.0,1.0,0.99,605.0,7.301135315527991,75.2222673622101,1.0,1.0,329.609756097561,0.0,32704.34280821918,50.0,32754.34280821918,True
SKU0108,BZ,0.98,1.25,1.0,1.0,0.75,757.0,0.0,67.92113204668212,1.0,1.0,407.4634146341463,0.0,40429.09212328767,50.0,40479.09212328767,True
SKU0108,BZ,0.98,1.25,1.0,1.0,0.8,757.0,0.4511237198472978,68.37225576652942,1.0,1.0,407.4634146341463,0.0,40429.09212328767,50.0,40479.09212328767,True
SKU0108,BZ,0.98,1.25,1.0,1.0,0.85,757.0,1.6588014311460397,69.57993347782816,1.0,1.0,407.4634146341463,0.0,40429.09212328767,50.0,40479.09212328767,True
SKU0108,BZ,0.98,1.25,1.0,1.0,0.9,757.0,3.1763191140723355,71.09745116075446,1.0,1.0,407.4634146341463,0.0,40429.09212328767,50.0,40479.09212328767,True
SKU0108,BZ,0.98,1.25,1.0,1.0,0.95,757.0,4.4885399601276,72.40967200680971,1.0,1.0,407.4634146341463,0.0,40429.09212328767,50.0,40479.09212328767,True
SKU0108,BZ,0.98,1.25,1.0,1.0,0.97,757.0,5.464648106544447,73.38578015322656,1.0,1.0,407.4634146341463,0.0,40429.09212328767,50.0,40479.09212328767,True
SKU0108,BZ,0.98,1.25,1.0,1.0,0.99,757.0,7.301135315527991,75.2222673622101,1.0,1.0,407.4634146341463,0.0,40429.09212328767,50.0,40479.09212328767,True
SKU0108,BZ,0.98,1.5,1.0,1.0,0.75,908.0,0.0,67.92113204668212,1.0,1.0,484.8048780487805,0.0,48103.02071917809,50.0,48153.02071917809,True
SKU0108,BZ,0.98,1.5,1.0,1.0,0.8,908.0,0.4511237198472978,68.37225576652942,1.0,1.0,484.8048780487805,0.0,48103.02071917809,50.0,48153.02071917809,True
SKU0108,BZ,0.98,1.5,1.0,1.0,0.85,908.0,1.6588014311460397,69.57993347782816,1.0,1.0,484.8048780487805,0.0,48103.02071917809,50.0,48153.02071917809,True
SKU0108,BZ,0.98,1.5,1.0,1.0,0.9,908.0,3.1763191140723355,71.09745116075446,1.0,1.0,484.8048780487805,0.0,48103.02071917809,50.0,48153.02071917809,True
SKU0108,BZ,0.98,1.5,1.0,1.0,0.95,908.0,4.4885399601276,72.40967200680971,1.0,1.0,484.8048780487805,0.0,48103.02071917809,50.0,48153.02071917809,True
SKU0108,BZ,0.98,1.5,1.0,1.0,0.97,908.0,5.464648106544447,73.38578015322656,1.0,1.0,484.8048780487805,0.0,48103.02071917809,50.0,48153.02071917809,True
SKU0108,BZ,0.98,1.5,1.0,1.0,0.99,908.0,7.301135315527991,75.2222673622101,1.0,1.0,484.8048780487805,0.0,48103.02071917809,50.0,48153.02071917809,True
SKU0109,AX,0.97,0.5,1.0,1.0,0.75,284.0,3.5113462513619353,50.177074291884466,0.9907508161044614,0.6666666666666666,157.5528455284553,25058.000000000004,15018.857732876711,250.0,40326.85773287671,True
SKU0109,AX,0.97,0.5,1.0,1.0,0.8,284.0,4.645478167593314,51.31120620811585,0.9907508161044614,0.6666666666666666,157.5528455284553,25058.000000000004,15018.857732876711,250.0,40326.85773287671,True
SKU0109,AX,0.97,0.5,1.0,1.0,0.85,284.0,5.433598939764098,52.09932698028663,0.9907508161044614,0.6666666666666666,157.5528455284553,25058.000000000004,15018.857732876711,250.0,40326.85773287671,True
SKU0109,AX,0.97,0.5,1.0,1.0,0.9,284.0,8.610627711684542,55.276355752207074,0.9983677910772579,0.8333333333333334,158.78861788617886,4422.000000000001,15136.658773972604,300.0,19858.658773972606,True
SKU0109,AX,0.97,0.5,1.0,1.0,0.95,284.0,11.411106218357386,58.07683425887991,1.0,1.0,161.72357723577235,0.0,15416.436246575342,300.0,15716.436246575342,True
SKU0109,AX,0.97,0.5,1.0,1.0,0.97,284.0,14.091919763285723,60.757647803808254,1.0,1.0,166.34146341463415,0.0,15856.640136986302,300.0,16156.640136986302,True
SKU0109,AX,0.97,0.5,1.0,1.0,0.99,284.0,18.57770573873896,65.2434337792615,1.0,1.0,170.95934959349594,0.0,16296.84402739726,300.0,16596.84402739726,True
SKU0109,AX,0.97,0.75,1.0,1.0,0.75,426.0,3.5113462513619353,50.177074291884466,0.9907508161044614,0.8,224.0487804878049,25058.000000000004,21357.638753424657,200.0,46615.63875342466,True
SKU0109,AX,0.97,0.75,1.0,1.0,0.8,426.0,4.645478167593314,51.31120620811585,1.0,1.0,230.9918699186992,0.0,22019.494602739727,200.0,22219.494602739727,True
SKU0109,AX,0.97,0.75,1.0,1.0,0.85,426.0,5.433598939764098,52.09932698028663,1.0,1.0,230.9918699186992,0.0,22019.494602739727,200.0,22219.494602739727,True
SKU0109,AX,0.97,0.75,1.0,1.0,0.9,426.0,8.610627711684542,55.276355752207074,1.0,1.0,237.91869918699186,0.0,22679.800438356164,200.0,22879.800438356164,True
SKU0109,AX,0.97,0.75,1.0,1.0,0.95,426.0,11.411106218357386,58.07683425887991,1.0,1.0,237.91869918699186,0.0,22679.800438356164,200.0,22879.800438356164,True
SKU0109,AX,0.97,0.75,1.0,1.0,0.97,426.0,14.091919763285723,60.757647803808254,1.0,1.0,237.91869918699186,0.0,22679.800438356164,200.0,22879.800438356164,True
SKU0109,AX,0.97,0.75,1.0,1.0,0.99,426.0,18.57770573873896,65.2434337792615,1.0,1.0,244.84552845528455,0.0,23340.1062739726,200.0,23540.1062739726,True
SKU0109,AX,0.97,1.0,1.0,1.0,0.75,567.0,3.5113462513619353,50.177074291884466,0.9978237214363439,0.75,296.2845528455285,5896.000000000001,28243.574609589043,150.0,34289.57460958904,True
SKU0109,AX,0.97,1.0,1.0,1.0,0.8,567.0,4.645478167593314,51.31120620811585,0.9978237214363439,0.75,296.2845528455285,5896.000000000001,28243.574609589043,150.0,34289.57460958904,True
SKU0109,AX,0.97,1.0,1.0,1.0,0.85,567.0,5.433598939764098,52.09932698028663,0.9978237214363439,0.75,296.2845528455285,5896.000000000001,28243.574609589043,150.0,34289.57460958904,True
SKU0109,AX,0.97,1.0,1.0,1.0,0.9,567.0,8.610627711684542,55.276355752207074,0.9978237214363439,0.75,300.8943089430894,5896.000000000001,28683.003493150685,150.0,34729.00349315069,True
SKU0109,AX,0.97,1.0,1.0,1.0,0.95,567.0,11.411106218357386,58.07683425887991,1.0,1.0,312.479674796748,0.0,29787.38825342466,150.0,29937.38825342466,True
SKU0109,AX,0.97,1.0,1.0,1.0,0.97,567.0,14.091919763285723,60.757647803808254,1.0,1.0,312.479674796748,0.0,29787.38825342466,150.0,29937.38825342466,True
SKU0109,AX,0.97,1.0,1.0,1.0,0.99,567.0,18.57770573873896,65.2434337792615,1.0,1.0,317.0894308943089,0.0,30226.8171369863,150.0,30376.8171369863,True
SKU0109,AX,0.97,1.25,1.0,1.0,0.75,709.0,3.5113462513619353,50.177074291884466,1.0,1.0,319.7235772357724,0.0,30477.919356164388,150.0,30627.919356164388,True
SKU0109,AX,0.97,1.25,1.0,1.0,0.8,709.0,4.645478167593314,51.31120620811585,1.0,1.0,325.4878048780488,0.0,31027.399212328768,150.0,31177.399212328768,True
SKU0109,AX,0.97,1.25,1.0,1.0,0.85,709.0,5.433598939764098,52.09932698028663,1.0,1.0,325.4878048780488,0.0,31027.399212328768,150.0,31177.399212328768,True
SKU0109,AX,0.97,1.25,1.0,1.0,0.9,709.0,8.610627711684542,55.276355752207074,1.0,1.0,331.2520325203252,0.0,31576.87906849315,150.0,31726.87906849315,True
SKU0109,AX,0.97,1.25,1.0,1.0,0.95,709.0,11.411106218357386,58.07683425887991,1.0,1.0,331.2520325203252,0.0,31576.87906849315,150.0,31726.87906849315,True
SKU0109,AX,0.97,1.25,1.0,1.0,0.97,709.0,14.091919763285723,60.757647803808254,1.0,1.0,331.2520325203252,0.0,31576.87906849315,150.0,31726.87906849315,True
SKU0109,AX,0.97,1.25,1.0,1.0,0.99,709.0,18.57770573873896,65.2434337792615,1.0,1.0,342.780487804878,0.0,32675.838780821916,150.0,32825.83878082191,True
SKU0109,AX,0.97,1.5,1.0,1.0,0.75,851.0,3.5113462513619353,50.177074291884466,0.999455930359086,0.6666666666666666,437.9756097560976,1474.0000000000002,41750.393979452056,100.0,43324.393979452056,True
SKU0109,AX,0.97,1.5,1.0,1.0,0.8,851.0,4.645478167593314,51.31120620811585,0.999455930359086,0.6666666666666666,437.9756097560976,1474.0000000000002,41750.393979452056,100.0,43324.393979452056,True
SKU0109,AX,0.97,1.5,1.0,1.0,0.85,851.0,5.433598939764098,52.09932698028663,0.999455930359086,0.6666666666666666,437.9756097560976,1474.0000000000002,41750.393979452056,100.0,43324.393979452056,True
SKU0109,AX,0.97,1.5,1.0,1.0,0.9,851.0,8.610627711684542,55.276355752207074,1.0,1.0,451.3983739837398,0.0,43029.93028767123,100.0,43129.93028767123,True
SKU0109,AX,0.97,1.5,1.0,1.0,0.95,851.0,11.411106218357386,58.07683425887991,1.0,1.0,451.3983739837398,0.0,43029.93028767123,100.0,43129.93028767123,True
SKU0109,AX,0.97,1.5,1.0,1.0,0.97,851.0,14.091919763285723,60.757647803808254,1.0,1.0,451.3983739837398,0.0,43029.93028767123,100.0,43129.93028767123,True
SKU0109,AX,0.97,1.5,1.0,1.0,0.99,851.0,18.57770573873896,65.2434337792615,1.0,1.0,451.3983739837398,0.0,43029.93028767123,100.0,43129.93028767123,True
SKU0111,BZ,0.98,0.5,1.0,1.0,0.75,177.0,0.0,46.13280193903452,0.9863301787592008,0.8333333333333334,97.08130081300813,10223.460000000001,9751.135102739727,250.0,20224.595102739728,True
SKU0111,BZ,0.98,0.5,1.0,1.0,0.8,177.0,0.7371742969148796,46.8699762359494,0.9863301787592008,0.8333333333333334,98.52032520325203,10223.460000000001,9895.675,250.0,20369.135000000002,True
SKU0111,BZ,0.98,0.5,1.0,1.0,0.85,177.0,3.3669370246912123,49.49973896372573,1.0,1.0,97.8780487804878,0.0,9831.162842465754,300.0,10131.162842465754,True
SKU0111,BZ,0.98,0.5,1.0,1.0,0.9,177.0,5.62574642342059,51.75854836245511,1.0,1.0,100.7560975609756,0.0,10120.2426369863,300.0,10420.2426369863,True
SKU0111,BZ,0.98,0.5,1.0,1.0,0.95,177.0,12.352133230248892,58.48493516928342,1.0,1.0,103.63414634146342,0.0,10409.322431506851,300.0,10709.322431506851,True
SKU0111,BZ,0.98,0.5,1.0,1.0,0.97,177.0,14.388766569330807,60.52156850836533,1.0,1.0,103.63414634146342,0.0,10409.322431506851,300.0,10709.322431506851,True
SKU0111,BZ,0.98,0.5,1.0,1.0,0.99,177.0,15.529452911233177,61.6622548502677,1.0,1.0,107.95121951219512,0.0,10842.942123287672,300.0,11142.942123287672,True
SKU0111,BZ,0.98,0.75,1.0,1.0,0.75,265.0,0.0,46.13280193903452,0.9863301787592008,0.8,139.90243902439025,10223.460000000001,14052.217808219179,200.0,24475.67780821918,True
SKU0111,BZ,0.98,0.75,1.0,1.0,0.8,265.0,0.7371742969148796,46.8699762359494,0.9863301787592008,0.8,139.90243902439025,10223.460000000001,14052.217808219179,200.0,24475.67780821918,True
SKU0111,BZ,0.98,0.75,1.0,1.0,0.85,265.0,3.3669370246912123,49.49973896372573,1.0,1.0,142.82926829268294,0.0,14346.197260273973,200.0,14546.197260273973,True
SKU0111,BZ,0.98,0.75,1.0,1.0,0.9,265.0,5.62574642342059,51.75854836245511,1.0,1.0,147.1382113821138,0.0,14779.000342465752,200.0,14979.000342465752,True
SKU0111,BZ,0.98,0.75,1.0,1.0,0.95,265.0,12.352133230248892,58.48493516928342,1.0,1.0,153.60162601626016,0.0,15428.204965753424,200.0,15628.204965753424,True
SKU0111,BZ,0.98,0.75,1.0,1.0,0.97,265.0,14.388766569330807,60.52156850836533,1.0,1.0,153.60162601626016,0.0,15428.204965753424,200.0,15628.204965753424,True
SKU0111,BZ,0.98,0.75,1.0,1.0,0.99,265.0,15.529452911233177,61.6622548502677,1.0,1.0,155.7560975609756,0.0,15644.606506849314,200.0,15844.606506849314,True
SKU0111,BZ,0.98,1.0,1.0,1.0,0.75,353.0,0.0,46.13280193903452,0.9863301787592008,0.75,196.0487804878049,10223.460000000001,19691.72363013699,150.0,30065.18363013699,True
SKU0111,BZ,0.98,1.0,1.0,1.0,0.8,353.0,0.7371742969148796,46.8699762359494,0.9863301787592008,0.75,196.0487804878049,10223.460000000001,19691.72363013699,150.0,30065.18363013699,True
SKU0111,BZ,0.98,1.0,1.0,1.0,0.85,353.0,3.3669370246912123,49.49973896372573,1.0,1.0,198.2439024390244,0.0,19912.208219178083,150.0,20062.208219178083,True
SKU0111,BZ,0.98,1.0,1.0,1.0,0.9,353.0,5.62574642342059,51.75854836245511,1.0,1.0,198.2439024390244,0.0,19912.208219178083,150.0,20062.208219178083,True
SKU0111,BZ,0.98,1.0,1.0,1.0,0.95,353.0,12.352133230248892,58.48493516928342,1.0,1.0,201.1138211382114,0.0,20200.47140410959,150.0,20350.47140410959,True
SKU0111,BZ,0.98,1.0,1.0,1.0,0.97,353.0,14.388766569330807,60.52156850836533,1.0,1.0,203.98373983739836,0.0,20488.734589041094,150.0,20638.734589041094,True
SKU0111,BZ,0.98,1.0,1.0,1.0,0.99,353.0,15.529452911233177,61.6622548502677,1.0,1.0,206.85365853658536,0.0,20776.997773972602,150.0,20926.997773972602,True
SKU0111,BZ,0.98,1.25,1.0,1.0,0.75,442.0,0.0,46.13280193903452,0.9863301787592008,0.6666666666666666,220.10569105691056,10223.460000000001,22108.071404109585,100.0,32431.531404109584,True
SKU0111,BZ,0.98,1.25,1.0,1.0,0.8,442.0,0.7371742969148796,46.8699762359494,0.9863301787592008,0.6666666666666666,220.10569105691056,10223.460000000001,22108.071404109585,100.0,32431.531404109584,True
SKU0111,BZ,0.98,1.25,1.0,1.0,0.85,442.0,3.3669370246912123,49.49973896372573,1.0,1.0,218.73170731707316,0.0,21970.064383561643,150.0,22120.064383561643,True
SKU0111,BZ,0.98,1.25,1.0,1.0,0.9,442.0,5.62574642342059,51.75854836245511,1.0,1.0,218.73170731707316,0.0,21970.064383561643,150.0,22120.064383561643,True
SKU0111,BZ,0.98,1.25,1.0,1.0,0.95,442.0,12.352133230248892,58.48493516928342,1.0,1.0,222.3252032520325,0.0,22331.005821917806,150.0,22481.005821917806,True
SKU0111,BZ,0.98,1.25,1.0,1.0,0.97,442.0,14.388766569330807,60.52156850836533,1.0,1.0,222.3252032520325,0.0,22331.005821917806,150.0,22481.005821917806,True
SKU0111,BZ,0.98,1.25,1.0,1.0,0.99,442.0,15.529452911233177,61.6622548502677,1.0,1.0,222.3252032520325,0.0,22331.005821917806,150.0,22481.005821917806,True
SKU0111,BZ,0.98,1.5,1.0,1.0,0.75,530.0,0.0,46.13280193903452,0.9863301787592008,0.6666666666666666,292.869918699187,10223.460000000001,29416.7272260274,100.0,39740.1872260274,True
SKU0111,BZ,0.98,1.5,1.0,1.0,0.8,530.0,0.7371742969148796,46.8699762359494,0.9863301787592008,0.6666666666666666,292.869918699187,10223.460000000001,29416.7272260274,100.0,39740.1872260274,True
SKU0111,BZ,0.98,1.5,1.0,1.0,0.85,530.0,3.3669370246912123,49.49973896372573,1.0,1.0,297.9512195121951,0.0,29927.10821917808,100.0,30027.10821917808,True
SKU0111,BZ,0.98,1.5,1.0,1.0,0.9,530.0,5.62574642342059,51.75854836245511,1.0,1.0,297.9512195121951,0.0,29927.10821917808,100.0,30027.10821917808,True
SKU0111,BZ,0.98,1.5,1.0,1.0,0.95,530.0,12.352133230248892,58.48493516928342,1.0,1.0,302.260162601626,0.0,30359.911301369862,100.0,30459.911301369862,True
SKU0111,BZ,0.98,1.5,1.0,1.0,0.97,530.0,14.388766569330807,60.52156850836533,1.0,1.0,302.260162601626,0.0,30359.911301369862,100.0,30459.911301369862,True
SKU0111,BZ,0.98,1.5,1.0,1.0,0.99,530.0,15.529452911233177,61.6622548502677,1.0,1.0,302.260162601626,0.0,30359.911301369862,100.0,30459.911301369862,True
SKU0112,CZ,0.98,0.5,1.0,1.0,0.75,268.0,0.16583788733345983,21.09287408737384,1.0,1.0,177.95934959349594,0.0,9061.446301369862,100.0,9161.446301369862,True
SKU0112,CZ,0.98,0.5,1.0,1.0,0.8,268.0,1.2570075495800683,22.18404374962045,1.0,1.0,180.1382113821138,0.0,9172.390958904109,100.0,9272.390958904109,True
SKU0112,CZ,0.98,0.5,1.0,1.0,0.85,268.0,1.895213509010306,22.822249709050688,1.0,1.0,180.1382113821138,0.0,9172.390958904109,100.0,9272.390958904109,True
SKU0112,CZ,0.98,0.5,1.0,1.0,0.9,268.0,2.8756954518505244,23.802731651890905,1.0,1.0,180.1382113821138,0.0,9172.390958904109,100.0,9272.390958904109,True
SKU0112,CZ,0.98,0.5,1.0,1.0,0.95,268.0,3.8918437486726996,24.81887994871308,1.0,1.0,180.1382113821138,0.0,9172.390958904109,100.0,9272.390958904109,True
SKU0112,CZ,0.98,0.5,1.0,1.0,0.97,268.0,4.892990198421219,25.8200263984616,1.0,1.0,180.1382113821138,0.0,9172.390958904109,100.0,9272.390958904109,True
SKU0112,CZ,0.98,0.5,1.0,1.0,0.99,268.0,5.665224895586645,26.592261095627023,1.0,1.0,180.1382113821138,0.0,9172.390958904109,100.0,9272.390958904109,True
SKU0112,CZ,0.98,0.75,1.0,1.0,0.75,402.0,0.16583788733345983,21.09287408737384,1.0,1.0,225.89430894308944,0.0,11502.228767123288,50.0,11552.228767123288,True
SKU0112,CZ,0.98,0.75,1.0,1.0,0.8,402.0,1.2570075495800683,22.18404374962045,1.0,1.0,225.89430894308944,0.0,11502.228767123288,50.0,11552.228767123288,True
SKU0112,CZ,0.98,0.75,1.0,1.0,0.85,402.0,1.895213509010306,22.822249709050688,1.0,1.0,225.89430894308944,0.0,11502.228767123288,50.0,11552.228767123288,True
SKU0112,CZ,0.98,0.75,1.0,1.0,0.9,402.0,2.8756954518505244,23.802731651890905,1.0,1.0,225.89430894308944,0.0,11502.228767123288,50.0,11552.228767123288,True
SKU0112,CZ,0.98,0.75,1.0,1.0,0.95,402.0,3.8918437486726996,24.81887994871308,1.0,1.0,225.89430894308944,0.0,11502.228767123288,50.0,11552.228767123288,True
SKU0112,CZ,0.98,0.75,1.0,1.0,0.97,402.0,4.892990198421219,25.8200263984616,1.0,1.0,225.89430894308944,0.0,11502.228767123288,50.0,11552.228767123288,True
SKU0112,CZ,0.98,0.75,1.0,1.0,0.99,402.0,5.665224895586645,26.592261095627023,1.0,1.0,225.89430894308944,0.0,11502.228767123288,50.0,11552.228767123288,True
SKU0112,CZ,0.98,1.0,1.0,1.0,0.75,535.0,0.16583788733345983,21.09287408737384,1.0,1.0,295.0975609756098,0.0,15025.963561643835,50.0,15075.963561643835,True
SKU0112,CZ,0.98,1.0,1.0,1.0,0.8,535.0,1.2570075495800683,22.18404374962045,1.0,1.0,295.0975609756098,0.0,15025.963561643835,50.0,15075.963561643835,True
SKU0112,CZ,0.98,1.0,1.0,1.0,0.85,535.0,1.895213509010306,22.822249709050688,1.0,1.0,295.0975609756098,0.0,15025.963561643835,50.0,15075.963561643835,True
SKU0112,CZ,0.98,1.0,1.0,1.0,0.9,535.0,2.8756954518505244,23.802731651890905,1.0,1.0,295.0975609756098,0.0,15025.963561643835,50.0,15075.963561643835,True
SKU0112,CZ,0.98,1.0,1.0,1.0,0.95,535.0,3.8918437486726996,24.81887994871308,1.0,1.0,295.0975609756098,0.0,15025.963561643835,50.0,15075.963561643835,True
SKU0112,CZ,0.98,1.0,1.0,1.0,0.97,535.0,4.892990198421219,25.8200263984616,1.0,1.0,295.0975609756098,0.0,15025.963561643835,50.0,15075.963561643835,True
SKU0112,CZ,0.98,1.0,1.0,1.0,0.99,535.0,5.665224895586645,26.592261095627023,1.0,1.0,295.0975609756098,0.0,15025.963561643835,50.0,15075.963561643835,True
SKU0112,CZ,0.98,1.25,1.0,1.0,0.75,669.0,0.16583788733345983,21.09287408737384,1.0,1.0,364.8211382113821,0.0,18576.192602739728,50.0,18626.192602739728,True
SKU0112,CZ,0.98,1.25,1.0,1.0,0.8,669.0,1.2570075495800683,22.18404374962045,1.0,1.0,364.8211382113821,0.0,18576.192602739728,50.0,18626.192602739728,True
SKU0112,CZ,0.98,1.25,1.0,1.0,0.85,669.0,1.895213509010306,22.822249709050688,1.0,1.0,364.8211382113821,0.0,18576.192602739728,50.0,18626.192602739728,True
SKU0112,CZ,0.98,1.25,1.0,1.0,0.9,669.0,2.8756954518505244,23.802731651890905,1.0,1.0,364.8211382113821,0.0,18576.192602739728,50.0,18626.192602739728,True
SKU0112,CZ,0.98,1.25,1.0,1.0,0.95,669.0,3.8918437486726996,24.81887994871308,1.0,1.0,364.8211382113821,0.0,18576.192602739728,50.0,18626.192602739728,True
SKU0112,CZ,0.98,1.25,1.0,1.0,0.97,669.0,4.892990198421219,25.8200263984616,1.0,1.0,364.8211382113821,0.0,18576.192602739728,50.0,18626.192602739728,True
SKU0112,CZ,0.98,1.25,1.0,1.0,0.99,669.0,5.665224895586645,26.592261095627023,1.0,1.0,364.8211382113821,0.0,18576.192602739728,50.0,18626.192602739728,True
SKU0112,CZ,0.98,1.5,1.0,1.0,0.75,803.0,0.16583788733345983,21.09287408737384,1.0,1.0,434.5447154471545,0.0,22126.421643835616,50.0,22176.421643835616,True
SKU0112,CZ,0.98,1.5,1.0,1.0,0.8,803.0,1.2570075495800683,22.18404374962045,1.0,1.0,434.5447154471545,0.0,22126.421643835616,50.0,22176.421643835616,True
SKU0112,CZ,0.98,1.5,1.0,1.0,0.85,803.0,1.895213509010306,22.822249709050688,1.0,1.0,434.5447154471545,0.0,22126.421643835616,50.0,22176.421643835616,True
SKU0112,CZ,0.98,1.5,1.0,1.0,0.9,803.0,2.8756954518505244,23.802731651890905,1.0,1.0,434.5447154471545,0.0,22126.421643835616,50.0,22176.421643835616,True
SKU0112,CZ,0.98,1.5,1.0,1.0,0.95,803.0,3.8918437486726996,24.81887994871308,1.0,1.0,434.5447154471545,0.0,22126.421643835616,50.0,22176.421643835616,True
SKU0112,CZ,0.98,1.5,1.0,1.0,0.97,803.0,4.892990198421219,25.8200263984616,1.0,1.0,434.5447154471545,0.0,22126.421643835616,50.0,22176.421643835616,True
SKU0112,CZ,0.98,1.5,1.0,1.0,0.99,803.0,5.665224895586645,26.592261095627023,1.0,1.0,434.5447154471545,0.0,22126.421643835616,50.0,22176.421643835616,True
SKU0114,AZ,0.98,0.5,1.0,1.0,0.75,389.0,0.0,69.38433622168496,1.0,1.0,292.3983739837398,0.0,23367.150239726026,50.0,23417.150239726026,True
SKU0114,AZ,0.98,0.5,1.0,1.0,0.8,389.0,2.8307077015253723,72.21504392321033,1.0,1.0,292.3983739837398,0.0,23367.150239726026,50.0,23417.150239726026,True
SKU0114,AZ,0.98,0.5,1.0,1.0,0.85,389.0,8.00972133554405,77.39405755722902,1.0,1.0,298.7235772357724,0.0,23872.631760273976,50.0,23922.631760273976,True
SKU0114,AZ,0.98,0.5,1.0,1.0,0.9,389.0,11.954129294225675,81.33846551591064,1.0,1.0,301.8861788617886,0.0,24125.372520547942,50.0,24175.372520547942,True
SKU0114,AZ,0.98,0.5,1.0,1.0,0.95,389.0,16.14483820660297,85.52917442828793,1.0,1.0,305.0487804878049,0.0,24378.11328082192,50.0,24428.11328082192,True
SKU0114,AZ,0.98,0.5,1.0,1.0,0.97,389.0,18.082365848923164,87.46670207060812,1.0,1.0,305.0487804878049,0.0,24378.11328082192,50.0,24428.11328082192,True
SKU0114,AZ,0.98,0.5,1.0,1.0,0.99,389.0,21.417104609065888,90.80144083075085,1.0,1.0,305.0487804878049,0.0,24378.11328082192,50.0,24428.11328082192,True
SKU0114,AZ,0.98,0.75,1.0,1.0,0.75,583.0,0.0,69.38433622168496,1.0,1.0,349.1788617886179,0.0,27904.788979452056,50.0,27954.788979452056,True
SKU0114,AZ,0.98,0.75,1.0,1.0,0.8,583.0,2.8307077015253723,72.21504392321033,1.0,1.0,349.1788617886179,0.0,27904.788979452056,50.0,27954.788979452056,True
SKU0114,AZ,0.98,0.75,1.0,1.0,0.85,583.0,8.00972133554405,77.39405755722902,1.0,1.0,358.6585365853659,0.0,28662.361541095892,50.0,28712.361541095892,True
SKU0114,AZ,0.98,0.75,1.0,1.0,0.9,583.0,11.954129294225675,81.33846551591064,1.0,1.0,363.3983739837398,0.0,29041.14782191781,50.0,29091.14782191781,True
SKU0114,AZ,0.98,0.75,1.0,1.0,0.95,583.0,16.14483820660297,85.52917442828793,1.0,1.0,368.1382113821138,0.0,29419.934102739728,50.0,29469.934102739728,True
SKU0114,AZ,0.98,0.75,1.0,1.0,0.97,583.0,18.082365848923164,87.46670207060812,1.0,1.0,368.1382113821138,0.0,29419.934102739728,50.0,29469.934102739728,True
SKU0114,AZ,0.98,0.75,1.0,1.0,0.99,583.0,21.417104609065888,90.80144083075085,1.0,1.0,368.1382113821138,0.0,29419.934102739728,50.0,29469.934102739728,True
SKU0114,AZ,0.98,1.0,1.0,1.0,0.75,777.0,0.0,69.38433622168496,1.0,1.0,405.9593495934959,0.0,32442.427719178082,50.0,32492.427719178082,True
SKU0114,AZ,0.98,1.0,1.0,1.0,0.8,777.0,2.8307077015253723,72.21504392321033,1.0,1.0,405.9593495934959,0.0,32442.427719178082,50.0,32492.427719178082,True
SKU0114,AZ,0.98,1.0,1.0,1.0,0.85,777.0,8.00972133554405,77.39405755722902,1.0,1.0,418.5934959349593,0.0,33452.09132191781,50.0,33502.09132191781,True
SKU0114,AZ,0.98,1.0,1.0,1.0,0.9,777.0,11.954129294225675,81.33846551591064,1.0,1.0,424.9105691056911,0.0,33956.92312328768,50.0,34006.92312328768,True
SKU0114,AZ,0.98,1.0,1.0,1.0,0.95,777.0,16.14483820660297,85.52917442828793,1.0,1.0,431.2276422764228,0.0,34461.754924657536,50.0,34511.754924657536,True
SKU0114,AZ,0.98,1.0,1.0,1.0,0.97,777.0,18.082365848923164,87.46670207060812,1.0,1.0,431.2276422764228,0.0,34461.754924657536,50.0,34511.754924657536,True
SKU0114,AZ,0.98,1.0,1.0,1.0,0.99,777.0,21.417104609065888,90.80144083075085,1.0,1.0,431.2276422764228,0.0,34461.754924657536,50.0,34511.754924657536,True
SKU0114,AZ,0.98,1.25,1.0,1.0,0.75,972.0,0.0,69.38433622168496,1.0,1.0,463.0325203252033,0.0,37003.45634931507,50.0,37053.45634931507,True
SKU0114,AZ,0.98,1.25,1.0,1.0,0.8,972.0,2.8307077015253723,72.21504392321033,1.0,1.0,463.0325203252033,0.0,37003.45634931507,50.0,37053.45634931507,True
SKU0114,AZ,0.98,1.25,1.0,1.0,0.85,972.0,8.00972133554405,77.39405755722902,1.0,1.0,478.8373983739837,0.0,38266.51043150685,50.0,38316.51043150685,True
SKU0114,AZ,0.98,1.25,1.0,1.0,0.9,972.0,11.954129294225675,81.33846551591064,1.0,1.0,486.739837398374,0.0,38898.03747260274,50.0,38948.03747260274,True
SKU0114,AZ,0.98,1.25,1.0,1.0,0.95,972.0,16.14483820660297,85.52917442828793,1.0,1.0,494.6422764227642,0.0,39529.56451369863,50.0,39579.56451369863,True
SKU0114,AZ,0.98,1.25,1.0,1.0,0.97,972.0,18.082365848923164,87.46670207060812,1.0,1.0,494.6422764227642,0.0,39529.56451369863,50.0,39579.56451369863,True
SKU0114,AZ,0.98,1.25,1.0,1.0,0.99,972.0,21.417104609065888,90.80144083075085,1.0,1.0,494.6422764227642,0.0,39529.56451369863,50.0,39579.56451369863,True
SKU0114,AZ,0.98,1.5,1.0,1.0,0.75,1166.0,0.0,69.38433622168496,1.0,1.0,519.8130081300814,0.0,41541.095089041104,50.0,41591.095089041104,True
SKU0114,AZ,0.98,1.5,1.0,1.0,0.8,1166.0,2.8307077015253723,72.21504392321033,1.0,1.0,519.8130081300814,0.0,41541.095089041104,50.0,41591.095089041104,True
SKU0114,AZ,0.98,1.5,1.0,1.0,0.85,1166.0,8.00972133554405,77.39405755722902,1.0,1.0,538.7723577235772,0.0,43056.24021232877,50.0,43106.24021232877,True
SKU0114,AZ,0.98,1.5,1.0,1.0,0.9,1166.0,11.954129294225675,81.33846551591064,1.0,1.0,548.2520325203252,0.0,43813.812773972604,50.0,43863.812773972604,True
SKU0114,AZ,0.98,1.5,1.0,1.0,0.95,1166.0,16.14483820660297,85.52917442828793,1.0,1.0,557.7317073170732,0.0,44571.38533561645,50.0,44621.38533561645,True
SKU0114,AZ,0.98,1.5,1.0,1.0,0.97,1166.0,18.082365848923164,87.46670207060812,1.0,1.0,557.7317073170732,0.0,44571.38533561645,50.0,44621.38533561645,True
SKU0114,AZ,0.98,1.5,1.0,1.0,0.99,1166.0,21.417104609065888,90.80144083075085,1.0,1.0,557.7317073170732,0.0,44571.38533561645,50.0,44621.38533561645,True
SKU0117,AX,0.97,0.5,1.0,1.0,0.75,306.0,0.0,206.68623193146948,0.9350104821802935,0.75,159.0731707317073,134467.15000000002,12331.136465753425,400.0,147198.28646575345,False
SKU0117,AX,0.97,0.5,1.0,1.0,0.8,306.0,0.0,206.68623193146948,0.9350104821802935,0.75,159.0731707317073,134467.15000000002,12331.136465753425,400.0,147198.28646575345,False
SKU0117,AX,0.97,0.5,1.0,1.0,0.85,306.0,0.0,206.68623193146948,0.9350104821802935,0.75,159.0731707317073,134467.15000000002,12331.136465753425,400.0,147198.28646575345,False
SKU0117,AX,0.97,0.5,1.0,1.0,0.9,306.0,13.753222646427881,220.43945457789735,0.9438155136268344,0.75,166.65853658536585,116249.02000000002,12919.143739726027,400.0,129568.16373972605,False
SKU0117,AX,0.97,0.5,1.0,1.0,0.95,306.0,31.73070398892951,238.416935920399,0.949266247379455,0.7777777777777778,201.8130081300813,104971.13,15644.270698630136,400.0,121015.40069863014,False
SKU0117,AX,0.97,0.5,1.0,1.0,0.97,306.0,37.06937299243308,243.75560492390255,0.949266247379455,0.7777777777777778,204.3008130081301,104971.13,15837.12195890411,400.0,121208.25195890412,False
SKU0117,AX,0.97,0.5,1.0,1.0,0.99,306.0,43.11718266847508,249.80341459994457,0.949266247379455,0.7777777777777778,206.78861788617886,104971.13,16029.973219178082,400.0,121401.10321917808,False
SKU0117,AX,0.97,0.75,1.0,1.0,0.75,459.0,0.0,206.68623193146948,0.949685534591195,0.8333333333333334,238.7642276422764,104103.6,18508.67912328767,250.0,122862.27912328768,False
SKU0117,AX,0.97,0.75,1.0,1.0,0.8,459.0,0.0,206.68623193146948,0.949685534591195,0.8333333333333334,238.7642276422764,104103.6,18508.67912328767,250.0,122862.27912328768,False
SKU0117,AX,0.97,0.75,1.0,1.0,0.85,459.0,0.0,206.68623193146948,0.949685534591195,0.8333333333333334,238.7642276422764,104103.6,18508.67912328767,250.0,122862.27912328768,False
SKU0117,AX,0.97,0.75,1.0,1.0,0.9,459.0,13.753222646427881,220.43945457789735,0.949685534591195,0.8333333333333334,253.6910569105691,104103.6,19665.786684931507,250.0,124019.38668493151,False
SKU0117,AX,0.97,0.75,1.0,1.0,0.95,459.0,31.73070398892951,238.416935920399,0.949685534591195,0.8333333333333334,272.349593495935,104103.6,21112.171136986304,250.0,125465.77113698631,False
SKU0117,AX,0.97,0.75,1.0,1.0,0.97,459.0,37.06937299243308,243.75560492390255,0.949685534591195,0.8333333333333334,276.0813008130081,104103.6,21401.44802739726,250.0,125755.04802739726,False
SKU0117,AX,0.97,0.75,1.0,1.0,0.99,459.0,43.11718266847508,249.80341459994457,0.949685534591195,0.8333333333333334,279.8130081300813,104103.6,21690.72491780822,250.0,126044.32491780823,False
SKU0117,AX,0.97,1.0,1.0,1.0,0.75,612.0,0.0,206.68623193146948,0.949685534591195,0.8,325.8373983739837,104103.6,25258.473232876713,200.0,129562.07323287672,False
SKU0117,AX,0.97,1.0,1.0,1.0,0.8,612.0,0.0,206.68623193146948,0.949685534591195,0.8,325.8373983739837,104103.6,25258.473232876713,200.0,129562.07323287672,False
SKU0117,AX,0.97,1.0,1.0,1.0,0.85,612.0,0.0,206.68623193146948,0.949685534591195,0.8,325.8373983739837,104103.6,25258.473232876713,200.0,129562.07323287672,False
SKU0117,AX,0.97,1.0,1.0,1.0,0.9,612.0,13.753222646427881,220.43945457789735,0.949685534591195,0.8,335.7886178861789,104103.6,26029.878273972605,200.0,130333.4782739726,False
SKU0117,AX,0.97,1.0,1.0,1.0,0.95,612.0,31.73070398892951,238.416935920399,0.949685534591195,0.8,355.6910569105691,104103.6,27572.688356164384,200.0,131876.28835616438,False
SKU0117,AX,0.97,1.0,1.0,1.0,0.97,612.0,37.06937299243308,243.75560492390255,0.949685534591195,0.8,355.6910569105691,104103.6,27572.688356164384,200.0,131876.28835616438,False
SKU0117,AX,0.97,1.0,1.0,1.0,0.99,612.0,43.11718266847508,249.80341459994457,0.949685534591195,0.8,355.6910569105691,104103.6,27572.688356164384,200.0,131876.28835616438,False
SKU0117,AX,0.97,1.25,1.0,1.0,0.75,765.0,0.0,206.68623193146948,0.9350104821802935,0.5,374.2682926829268,134467.15000000002,29012.770479452054,150.0,163629.92047945206,False
SKU0117,AX,0.97,1.25,1.0,1.0,0.8,765.0,0.0,206.68623193146948,0.9350104821802935,0.5,374.2682926829268,134467.15000000002,29012.770479452054,150.0,163629.92047945206,False
SKU0117,AX,0.97,1.25,1.0,1.0,0.85,765.0,0.0,206.68623193146948,0.9350104821802935,0.5,374.2682926829268,134467.15000000002,29012.770479452054,150.0,163629.92047945206,False
SKU0117,AX,0.97,1.25,1.0,1.0,0.9,765.0,13.753222646427881,220.43945457789735,0.9438155136268344,0.5,391.8048780487805,116249.02000000002,30372.18279452055,150.0,146771.20279452056,False
SKU0117,AX,0.97,1.25,1.0,1.0,0.95,765.0,31.73070398892951,238.416935920399,0.949266247379455,0.5,399.5934959349593,104971.13,30975.945890410956,150.0,136097.07589041095,False
SKU0117,AX,0.97,1.25,1.0,1.0,0.97,765.0,37.06937299243308,243.75560492390255,0.949266247379455,0.5,399.5934959349593,104971.13,30975.945890410956,150.0,136097.07589041095,False
SKU0117,AX,0.97,1.25,1.0,1.0,0.99,765.0,43.11718266847508,249.80341459994457,0.949266247379455,0.5,399.5934959349593,104971.13,30975.945890410956,150.0,136097.07589041095,False
SKU0117,AX,0.97,1.5,1.0,1.0,0.75,918.0,0.0,206.68623193146948,0.949685534591195,0.75,492.520325203252,104103.6,38179.507671232874,150.0,142433.1076712329,False
SKU0117,AX,0.97,1.5,1.0,1.0,0.8,918.0,0.0,206.68623193146948,0.949685534591195,0.75,492.520325203252,104103.6,38179.507671232874,150.0,142433.1076712329,False
SKU0117,AX,0.97,1.5,1.0,1.0,0.85,918.0,0.0,206.68623193146948,0.949685534591195,0.75,492.520325203252,104103.6,38179.507671232874,150.0,142433.1076712329,False
SKU0117,AX,0.97,1.5,1.0,1.0,0.9,918.0,13.753222646427881,220.43945457789735,0.949685534591195,0.75,499.9837398373984,104103.6,38758.0614520548,150.0,143011.6614520548,False
SKU0117,AX,0.97,1.5,1.0,1.0,0.95,918.0,31.73070398892951,238.416935920399,0.949685534591195,0.75,522.3739837398374,104103.6,40493.722794520545,150.0,144747.32279452056,False
SKU0117,AX,0.97,1.5,1.0,1.0,0.97,918.0,37.06937299243308,243.75560492390255,0.949685534591195,0.75,522.3739837398374,104103.6,40493.722794520545,150.0,144747.32279452056,False
SKU0117,AX,0.97,1.5,1.0,1.0,0.99,918.0,43.11718266847508,249.80341459994457,0.949685534591195,0.75,529.8373983739838,104103.6,41072.27657534247,150.0,145325.87657534247,False
SKU0118,AX,0.97,0.5,1.0,1.0,0.75,350.0,5.106664868476919,82.66454107402194,0.99475925319358,0.8888888888888888,178.47967479674796,10502.559999999998,6878.055335616438,400.0,17780.615335616436,True
SKU0118,AX,0.97,0.5,1.0,1.0,0.8,350.0,6.254316688389412,83.81219289393444,0.99475925319358,0.8888888888888888,178.47967479674796,10502.559999999998,6878.055335616438,400.0,17780.615335616436,True
SKU0118,AX,0.97,0.5,1.0,1.0,0.85,350.0,10.133024212186605,87.69090041773163,0.99475925319358,0.8888888888888888,181.3252032520325,10502.559999999998,6987.713212328767,400.0,17890.273212328764,True
SKU0118,AX,0.97,0.5,1.0,1.0,0.9,350.0,14.527194424549414,92.08507063009444,1.0,1.0,184.8048780487805,0.0,7121.809130136986,450.0,7571.809130136986,True
SKU0118,AX,0.97,0.5,1.0,1.0,0.95,350.0,20.384648183491972,97.942524389037,1.0,1.0,196.1869918699187,0.0,7560.440636986301,450.0,8010.440636986301,True
SKU0118,AX,0.97,0.5,1.0,1.0,0.97,350.0,23.364694834990566,100.92257104053559,1.0,1.0,199.03252032520325,0.0,7670.09851369863,450.0,8120.09851369863,True
SKU0118,AX,0.97,0.5,1.0,1.0,0.99,350.0,29.454635042900215,107.01251124844524,1.0,1.0,201.8780487804878,0.0,7779.756390410958,450.0,8229.75639041096,True
SKU0118,AX,0.97,0.75,1.0,1.0,0.75,525.0,5.106664868476919,82.66454107402194,1.0,1.0,275.8617886178862,0.0,10630.861184931508,300.0,10930.861184931508,True
SKU0118,AX,0.97,0.75,1.0,1.0,0.8,525.0,6.254316688389412,83.81219289393444,1.0,1.0,275.8617886178862,0.0,10630.861184931508,300.0,10930.861184931508,True
SKU0118,AX,0.97,0.75,1.0,1.0,0.85,525.0,10.133024212186605,87.69090041773163,1.0,1.0,280.130081300813,0.0,10795.348,300.0,11095.348,True
SKU0118,AX,0.97,0.75,1.0,1.0,0.9,525.0,14.527194424549414,92.08507063009444,1.0,1.0,280.130081300813,0.0,10795.348,300.0,11095.348,True
SKU0118,AX,0.97,0.75,1.0,1.0,0.95,525.0,20.384648183491972,97.942524389037,1.0,1.0,284.3983739837398,0.0,10959.834815068492,300.0,11259.834815068492,True
SKU0118,AX,0.97,0.75,1.0,1.0,0.97,525.0,23.364694834990566,100.92257104053559,1.0,1.0,284.3983739837398,0.0,10959.834815068492,300.0,11259.834815068492,True
SKU0118,AX,0.97,0.75,1.0,1.0,0.99,525.0,29.454635042900215,107.01251124844524,1.0,1.0,292.9349593495935,0.0,11288.80844520548,300.0,11588.80844520548,True
SKU0118,AX,0.97,1.0,1.0,1.0,0.75,700.0,5.106664868476919,82.66454107402194,1.0,1.0,347.0,0.0,13372.308102739726,200.0,13572.308102739726,True
SKU0118,AX,0.97,1.0,1.0,1.0,0.8,700.0,6.254316688389412,83.81219289393444,1.0,1.0,347.0,0.0,13372.308102739726,200.0,13572.308102739726,True
SKU0118,AX,0.97,1.0,1.0,1.0,0.85,700.0,10.133024212186605,87.69090041773163,1.0,1.0,352.6910569105691,0.0,13591.623856164382,250.0,13841.623856164382,True
SKU0118,AX,0.97,1.0,1.0,1.0,0.9,700.0,14.527194424549414,92.08507063009444,1.0,1.0,358.3821138211382,0.0,13810.93960958904,250.0,14060.93960958904,True
SKU0118,AX,0.97,1.0,1.0,1.0,0.95,700.0,20.384648183491972,97.942524389037,1.0,1.0,364.0731707317073,0.0,14030.255363013697,250.0,14280.255363013697,True
SKU0118,AX,0.97,1.0,1.0,1.0,0.97,700.0,23.364694834990566,100.92257104053559,1.0,1.0,364.0731707317073,0.0,14030.255363013697,250.0,14280.255363013697,True
SKU0118,AX,0.97,1.0,1.0,1.0,0.99,700.0,29.454635042900215,107.01251124844524,1.0,1.0,369.7642276422764,0.0,14249.571116438356,250.0,14499.571116438356,True
SKU0118,AX,0.97,1.25,1.0,1.0,0.75,875.0,5.106664868476919,82.66454107402194,1.0,1.0,443.7479674796748,0.0,17100.675910958907,200.0,17300.675910958907,True
SKU0118,AX,0.97,1.25,1.0,1.0,0.8,875.0,6.254316688389412,83.81219289393444,1.0,1.0,443.7479674796748,0.0,17100.675910958907,200.0,17300.675910958907,True
SKU0118,AX,0.97,1.25,1.0,1.0,0.85,875.0,10.133024212186605,87.69090041773163,1.0,1.0,443.7479674796748,0.0,17100.675910958907,200.0,17300.675910958907,True
SKU0118,AX,0.97,1.25,1.0,1.0,0.9,875.0,14.527194424549414,92.08507063009444,1.0,1.0,443.7479674796748,0.0,17100.675910958907,200.0,17300.675910958907,True
SKU0118,AX,0.97,1.25,1.0,1.0,0.95,875.0,20.384648183491972,97.942524389037,1.0,1.0,457.9756097560976,0.0,17648.96529452055,200.0,17848.96529452055,True
SKU0118,AX,0.97,1.25,1.0,1.0,0.97,875.0,23.364694834990566,100.92257104053559,1.0,1.0,457.9756097560976,0.0,17648.96529452055,200.0,17848.96529452055,True
SKU0118,AX,0.97,1.25,1.0,1.0,0.99,875.0,29.454635042900215,107.01251124844524,1.0,1.0,465.0894308943089,0.0,17923.10998630137,200.0,18123.10998630137,True
SKU0118,AX,0.97,1.5,1.0,1.0,0.75,1050.0,5.106664868476919,82.66454107402194,1.0,1.0,549.0325203252032,0.0,21158.01734931507,150.0,21308.01734931507,True
SKU0118,AX,0.97,1.5,1.0,1.0,0.8,1050.0,6.254316688389412,83.81219289393444,1.0,1.0,549.0325203252032,0.0,21158.01734931507,150.0,21308.01734931507,True
SKU0118,AX,0.97,1.5,1.0,1.0,0.85,1050.0,10.133024212186605,87.69090041773163,1.0,1.0,557.569105691057,0.0,21486.990979452057,150.0,21636.990979452057,True
SKU0118,AX,0.97,1.5,1.0,1.0,0.9,1050.0,14.527194424549414,92.08507063009444,1.0,1.0,557.569105691057,0.0,21486.990979452057,150.0,21636.990979452057,True
SKU0118,AX,0.97,1.5,1.0,1.0,0.95,1050.0,20.384648183491972,97.942524389037,1.0,1.0,566.1056910569106,0.0,21815.964609589042,150.0,21965.964609589042,True
SKU0118,AX,0.97,1.5,1.0,1.0,0.97,1050.0,23.364694834990566,100.92257104053559,1.0,1.0,566.1056910569106,0.0,21815.964609589042,150.0,21965.964609589042,True
SKU0118,AX,0.97,1.5,1.0,1.0,0.99,1050.0,29.454635042900215,107.01251124844524,1.0,1.0,566.1056910569106,0.0,21815.964609589042,150.0,21965.964609589042,True
SKU0119,AY,0.97,0.5,1.0,1.0,0.75,206.0,0.0,203.65098091130864,0.9927101200686106,0.9090909090909091,133.70731707317074,8011.08,8270.873630136986,550.0,16831.953630136988,True
SKU0119,AY,0.97,0.5,1.0,1.0,0.8,206.0,0.0,203.65098091130864,0.9927101200686106,0.9090909090909091,133.70731707317074,8011.08,8270.873630136986,550.0,16831.953630136988,True
SKU0119,AY,0.97,0.5,1.0,1.0,0.85,206.0,0.0,203.65098091130864,0.9927101200686106,0.9090909090909091,133.70731707317074,8011.08,8270.873630136986,550.0,16831.953630136988,True
SKU0119,AY,0.97,0.5,1.0,1.0,0.9,206.0,4.069602070149525,207.72058298145816,0.9927101200686106,0.9090909090909091,138.73170731707316,8011.08,8581.672602739725,550.0,17142.752602739725,True
SKU0119,AY,0.97,0.5,1.0,1.0,0.95,206.0,11.196597560427602,214.84757847173623,1.0,1.0,141.3821138211382,0.0,8745.621575342466,550.0,9295.621575342466,True
SKU0119,AY,0.97,0.5,1.0,1.0,0.97,206.0,12.289731767515036,215.94071267882367,1.0,1.0,143.0569105691057,0.0,8849.221232876713,550.0,9399.221232876713,True
SKU0119,AY,0.97,0.5,1.0,1.0,0.99,206.0,13.399390004607147,217.05037091591578,1.0,1.0,144.73170731707316,0.0,8952.820890410958,550.0,9502.820890410958,True
SKU0119,AY,0.97,0.75,1.0,1.0,0.75,309.0,0.0,203.65098091130864,1.0,1.0,179.0650406504065,0.0,11076.613869863015,350.0,11426.613869863015,True
SKU0119,AY,0.97,0.75,1.0,1.0,0.8,309.0,0.0,203.65098091130864,1.0,1.0,179.0650406504065,0.0,11076.613869863015,350.0,11426.613869863015,True
SKU0119,AY,0.97,0.75,1.0,1.0,0.85,309.0,0.0,203.65098091130864,1.0,1.0,179.0650406504065,0.0,11076.613869863015,350.0,11426.613869863015,True
SKU0119,AY,0.97,0.75,1.0,1.0,0.9,309.0,4.069602070149525,207.72058298145816,1.0,1.0,184.08943089430895,0.0,11387.412842465754,350.0,11737.412842465754,True
SKU0119,AY,0.97,0.75,1.0,1.0,0.95,309.0,11.196597560427602,214.84757847173623,1.0,1.0,194.1382113821138,0.0,12009.010787671232,350.0,12359.010787671232,True
SKU0119,AY,0.97,0.75,1.0,1.0,0.97,309.0,12.289731767515036,215.94071267882367,1.0,1.0,194.1382113821138,0.0,12009.010787671232,350.0,12359.010787671232,True
SKU0119,AY,0.97,0.75,1.0,1.0,0.99,309.0,13.399390004607147,217.05037091591578,1.0,1.0,194.1382113821138,0.0,12009.010787671232,350.0,12359.010787671232,True
SKU0119,AY,0.97,1.0,1.0,1.0,0.75,411.0,0.0,203.65098091130864,1.0,1.0,233.91869918699186,0.0,14469.754109589041,300.0,14769.754109589041,True
SKU0119,AY,0.97,1.0,1.0,1.0,0.8,411.0,0.0,203.65098091130864,1.0,1.0,233.91869918699186,0.0,14469.754109589041,300.0,14769.754109589041,True
SKU0119,AY,0.97,1.0,1.0,1.0,0.85,411.0,0.0,203.65098091130864,1.0,1.0,233.91869918699186,0.0,14469.754109589041,300.0,14769.754109589041,True
SKU0119,AY,0.97,1.0,1.0,1.0,0.9,411.0,4.069602070149525,207.72058298145816,1.0,1.0,237.260162601626,0.0,14676.45051369863,300.0,14976.45051369863,True
SKU0119,AY,0.97,1.0,1.0,1.0,0.95,411.0,11.196597560427602,214.84757847173623,1.0,1.0,240.60162601626016,0.0,14883.146917808219,300.0,15183.146917808219,True
SKU0119,AY,0.97,1.0,1.0,1.0,0.97,411.0,12.289731767515036,215.94071267882367,1.0,1.0,240.60162601626016,0.0,14883.146917808219,300.0,15183.146917808219,True
SKU0119,AY,0.97,1.0,1.0,1.0,0.99,411.0,13.399390004607147,217.05037091591578,1.0,1.0,240.60162601626016,0.0,14883.146917808219,300.0,15183.146917808219,True
SKU0119,AY,0.97,1.25,1.0,1.0,0.75,514.0,0.0,203.65098091130864,1.0,1.0,284.650406504065,0.0,17607.918493150682,250.0,17857.918493150682,True
SKU0119,AY,0.97,1.25,1.0,1.0,0.8,514.0,0.0,203.65098091130864,1.0,1.0,284.650406504065,0.0,17607.918493150682,250.0,17857.918493150682,True
SKU0119,AY,0.97,1.25,1.0,1.0,0.85,514.0,0.0,203.65098091130864,1.0,1.0,284.650406504065,0.0,17607.918493150682,250.0,17857.918493150682,True
SKU0119,AY,0.97,1.25,1.0,1.0,0.9,514.0,4.069602070149525,207.72058298145816,1.0,1.0,288.8292682926829,0.0,17866.414726027397,250.0,18116.414726027397,True
SKU0119,AY,0.97,1.25,1.0,1.0,0.95,514.0,11.196597560427602,214.84757847173623,1.0,1.0,297.1869918699187,0.0,18383.40719178082,250.0,18633.40719178082,True
SKU0119,AY,0.97,1.25,1.0,1.0,0.97,514.0,12.289731767515036,215.94071267882367,1.0,1.0,297.1869918699187,0.0,18383.40719178082,250.0,18633.40719178082,True
SKU0119,AY,0.97,1.25,1.0,1.0,0.99,514.0,13.399390004607147,217.05037091591578,1.0,1.0,297.1869918699187,0.0,18383.40719178082,250.0,18633.40719178082,True
SKU0119,AY,0.97,1.5,1.0,1.0,0.75,617.0,0.0,203.65098091130864,1.0,1.0,320.1707317073171,0.0,19805.136472602742,200.0,20005.136472602742,True
SKU0119,AY,0.97,1.5,1.0,1.0,0.8,617.0,0.0,203.65098091130864,1.0,1.0,320.1707317073171,0.0,19805.136472602742,200.0,20005.136472602742,True
SKU0119,AY,0.97,1.5,1.0,1.0,0.85,617.0,0.0,203.65098091130864,1.0,1.0,320.1707317073171,0.0,19805.136472602742,200.0,20005.136472602742,True
SKU0119,AY,0.97,1.5,1.0,1.0,0.9,617.0,4.069602070149525,207.72058298145816,1.0,1.0,320.1707317073171,0.0,19805.136472602742,200.0,20005.136472602742,True
SKU0119,AY,0.97,1.5,1.0,1.0,0.95,617.0,11.196597560427602,214.84757847173623,1.0,1.0,325.1869918699187,0.0,20115.432534246575,200.0,20315.432534246575,True
SKU0119,AY,0.97,1.5,1.0,1.0,0.97,617.0,12.289731767515036,215.94071267882367,1.0,1.0,325.1869918699187,0.0,20115.432534246575,200.0,20315.432534246575,True
SKU0119,AY,0.97,1.5,1.0,1.0,0.99,617.0,13.399390004607147,217.05037091591578,1.0,1.0,325.1869918699187,0.0,20115.432534246575,200.0,20315.432534246575,True
SKU0120,AY,0.97,0.5,1.0,1.0,0.75,277.0,9.401401527717095,117.82938303093685,0.9942708333333333,0.8571428571428571,149.47967479674796,17579.43,14511.59126027397,300.0,32391.02126027397,True
SKU0120,AY,0.97,0.5,1.0,1.0,0.8,277.0,11.907927953082224,120.33590945630198,0.9942708333333333,0.8571428571428571,151.73170731707316,17579.43,14730.22015068493,300.0,32609.65015068493,True
SKU0120,AY,0.97,0.5,1.0,1.0,0.85,277.0,16.014481130492772,124.44246263371252,0.9942708333333333,0.8571428571428571,153.98373983739836,17579.43,14948.84904109589,300.0,32828.27904109589,True
SKU0120,AY,0.97,0.5,1.0,1.0,0.9,277.0,16.998003753377745,125.4259852565975,0.9942708333333333,0.8571428571428571,153.98373983739836,17579.43,14948.84904109589,300.0,32828.27904109589,True
SKU0120,AY,0.97,0.5,1.0,1.0,0.95,277.0,20.194544083454858,128.6225255866746,0.9942708333333333,0.8571428571428571,156.2357723577236,17579.43,15167.47793150685,300.0,33046.90793150685,True
SKU0120,AY,0.97,0.5,1.0,1.0,0.97,277.0,22.47741818926364,130.9053996924834,0.9989583333333333,0.8571428571428571,158.1219512195122,3196.2599999999998,15350.589493150685,300.0,18846.849493150683,True
SKU0120,AY,0.97,0.5,1.0,1.0,0.99,277.0,24.22249660203703,132.65047810525678,1.0,1.0,164.65040650406505,0.0,15984.376493150685,300.0,16284.376493150685,True
SKU0120,AY,0.97,0.75,1.0,1.0,0.75,416.0,9.401401527717095,117.82938303093685,0.9947916666666666,0.8,226.6910569105691,15981.3,22007.32617808219,200.0,38188.62617808219,True
SKU0120,AY,0.97,0.75,1.0,1.0,0.8,416.0,11.907927953082224,120.33590945630198,0.9947916666666666,0.8,226.6910569105691,15981.3,22007.32617808219,200.0,38188.62617808219,True
SKU0120,AY,0.97,0.75,1.0,1.0,0.85,416.0,16.014481130492772,124.44246263371252,0.9947916666666666,0.8,230.0731707317073,15981.3,22335.664150684926,200.0,38516.96415068493,True
SKU0120,AY,0.97,0.75,1.0,1.0,0.9,416.0,16.998003753377745,125.4259852565975,0.9947916666666666,0.8,233.45528455284554,15981.3,22664.00212328767,200.0,38845.30212328767,True
SKU0120,AY,0.97,0.75,1.0,1.0,0.95,416.0,20.194544083454858,128.6225255866746,0.9947916666666666,0.8,236.83739837398375,15981.3,22992.34009589041,200.0,39173.64009589041,True
SKU0120,AY,0.97,0.75,1.0,1.0,0.97,416.0,22.47741818926364,130.9053996924834,0.9947916666666666,0.8,236.83739837398375,15981.3,22992.34009589041,200.0,39173.64009589041,True
SKU0120,AY,0.97,0.75,1.0,1.0,0.99,416.0,24.22249660203703,132.65047810525678,1.0,1.0,242.34959349593495,0.0,23527.467849315068,200.0,23727.467849315068,True
SKU0120,AY,0.97,1.0,1.0,1.0,0.75,554.0,9.401401527717095,117.82938303093685,1.0,1.0,275.0,0.0,26697.19212328767,150.0,26847.19212328767,True
SKU0120,AY,0.97,1.0,1.0,1.0,0.8,554.0,11.907927953082224,120.33590945630198,1.0,1.0,279.5040650406504,0.0,27134.449904109588,150.0,27284.449904109588,True
SKU0120,AY,0.97,1.0,1.0,1.0,0.85,554.0,16.014481130492772,124.44246263371252,1.0,1.0,279.5040650406504,0.0,27134.449904109588,150.0,27284.449904109588,True
SKU0120,AY,0.97,1.0,1.0,1.0,0.9,554.0,16.998003753377745,125.4259852565975,1.0,1.0,279.5040650406504,0.0,27134.449904109588,150.0,27284.449904109588,True
SKU0120,AY,0.97,1.0,1.0,1.0,0.95,554.0,20.194544083454858,128.6225255866746,1.0,1.0,284.0081300813008,0.0,27571.707684931505,150.0,27721.707684931505,True
SKU0120,AY,0.97,1.0,1.0,1.0,0.97,554.0,22.47741818926364,130.9053996924834,1.0,1.0,284.0081300813008,0.0,27571.707684931505,150.0,27721.707684931505,True
SKU0120,AY,0.97,1.0,1.0,1.0,0.99,554.0,24.22249660203703,132.65047810525678,1.0,1.0,284.0081300813008,0.0,27571.707684931505,150.0,27721.707684931505,True
SKU0120,AY,0.97,1.25,1.0,1.0,0.75,693.0,9.401401527717095,117.82938303093685,0.9953125,0.75,334.130081300813,14383.169999999998,32437.581726027394,150.0,46970.75172602739,True
SKU0120,AY,0.97,1.25,1.0,1.0,0.8,693.0,11.907927953082224,120.33590945630198,0.9994791666666667,0.75,338.9186991869919,1598.1299999999999,32902.464095890406,150.0,34650.5940958904,True
SKU0120,AY,0.97,1.25,1.0,1.0,0.85,693.0,16.014481130492772,124.44246263371252,0.9994791666666667,0.75,338.9186991869919,1598.1299999999999,32902.464095890406,150.0,34650.5940958904,True
SKU0120,AY,0.97,1.25,1.0,1.0,0.9,693.0,16.998003753377745,125.4259852565975,0.9994791666666667,0.75,338.9186991869919,1598.1299999999999,32902.464095890406,150.0,34650.5940958904,True
SKU0120,AY,0.97,1.25,1.0,1.0,0.95,693.0,20.194544083454858,128.6225255866746,0.9994791666666667,0.75,344.5528455284553,1598.1299999999999,33449.43095890411,150.0,35197.560958904105,True
SKU0120,AY,0.97,1.25,1.0,1.0,0.97,693.0,22.47741818926364,130.9053996924834,0.9994791666666667,0.75,344.5528455284553,1598.1299999999999,33449.43095890411,150.0,35197.560958904105,True
SKU0120,AY,0.97,1.25,1.0,1.0,0.99,693.0,24.22249660203703,132.65047810525678,0.9994791666666667,0.75,344.5528455284553,1598.1299999999999,33449.43095890411,150.0,35197.560958904105,True
SKU0120,AY,0.97,1.5,1.0,1.0,0.75,831.0,9.401401527717095,117.82938303093685,0.9942708333333333,0.6666666666666666,394.9512195121951,17579.43,38342.14031506849,100.0,56021.57031506849,True
SKU0120,AY,0.97,1.5,1.0,1.0,0.8,831.0,11.907927953082224,120.33590945630198,0.9942708333333333,0.6666666666666666,394.9512195121951,17579.43,38342.14031506849,100.0,56021.57031506849,True
SKU0120,AY,0.97,1.5,1.0,1.0,0.85,831.0,16.014481130492772,124.44246263371252,0.9942708333333333,0.6666666666666666,394.9512195121951,17579.43,38342.14031506849,100.0,56021.57031506849,True
SKU0120,AY,0.97,1.5,1.0,1.0,0.9,831.0,16.998003753377745,125.4259852565975,0.9942708333333333,0.6666666666666666,394.9512195121951,17579.43,38342.14031506849,100.0,56021.57031506849,True
SKU0120,AY,0.97,1.5,1.0,1.0,0.95,831.0,20.194544083454858,128.6225255866746,0.9942708333333333,0.6666666666666666,394.9512195121951,17579.43,38342.14031506849,100.0,56021.57031506849,True
SKU0120,AY,0.97,1.5,1.0,1.0,0.97,831.0,22.47741818926364,130.9053996924834,1.0,1.0,396.609756097561,0.0,38503.15220547945,100.0,38603.15220547945,True
SKU0120,AY,0.97,1.5,1.0,1.0,0.99,831.0,24.22249660203703,132.65047810525678,1.0,1.0,410.1219512195122,0.0,39814.925547945204,100.0,39914.925547945204,True
SKU0121,AY,0.97,0.5,1.0,1.0,0.75,301.0,13.380545487141166,271.0434772776093,0.9955027304850627,0.9,180.739837398374,15062.039999999999,16129.047301369863,500.0,31691.087301369866,True
SKU0121,AY,0.97,0.5,1.0,1.0,0.8,301.0,14.599532656176052,272.26246444664423,0.9955027304850627,0.9,180.739837398374,15062.039999999999,16129.047301369863,500.0,31691.087301369866,True
SKU0121,AY,0.97,0.5,1.0,1.0,0.85,301.0,15.609185991623503,273.2721177820917,0.9955027304850627,0.9,185.6341463414634,15062.039999999999,16565.810671232877,500.0,32127.850671232874,True
SKU0121,AY,0.97,0.5,1.0,1.0,0.9,301.0,22.7744031296084,280.4373349200766,1.0,1.0,193.9430894308943,0.0,17307.292671232874,500.0,17807.292671232874,True
SKU0121,AY,0.97,0.5,1.0,1.0,0.95,301.0,31.17412305250701,288.8370548429752,1.0,1.0,206.1788617886179,0.0,18399.20109589041,500.0,18899.20109589041,True
SKU0121,AY,0.97,0.5,1.0,1.0,0.97,301.0,32.71540462528934,290.37833641575753,1.0,1.0,206.1788617886179,0.0,18399.20109589041,500.0,18899.20109589041,True
SKU0121,AY,0.97,0.5,1.0,1.0,0.99,301.0,38.39193699278132,296.0548687832495,1.0,1.0,208.6260162601626,0.0,18617.58278082192,500.0,19117.58278082192,True
SKU0121,AY,0.97,0.75,1.0,1.0,0.75,452.0,13.380545487141166,271.0434772776093,0.9974301317057501,0.8571428571428571,244.59349593495935,8606.88,21827.285684931507,350.0,30784.165684931504,True
SKU0121,AY,0.97,0.75,1.0,1.0,0.8,452.0,14.599532656176052,272.26246444664423,0.9974301317057501,0.8571428571428571,244.59349593495935,8606.88,21827.285684931507,350.0,30784.165684931504,True
SKU0121,AY,0.97,0.75,1.0,1.0,0.85,452.0,15.609185991623503,273.2721177820917,0.9974301317057501,0.8571428571428571,248.26829268292684,8606.88,22155.22097260274,350.0,31112.10097260274,True
SKU0121,AY,0.97,0.75,1.0,1.0,0.9,452.0,22.7744031296084,280.4373349200766,0.9974301317057501,0.8571428571428571,255.6178861788618,8606.88,22811.091547945205,350.0,31767.971547945206,True
SKU0121,AY,0.97,0.75,1.0,1.0,0.95,452.0,31.17412305250701,288.8370548429752,0.9974301317057501,0.8571428571428571,266.6422764227642,8606.88,23794.8974109589,350.0,32751.7774109589,True
SKU0121,AY,0.97,0.75,1.0,1.0,0.97,452.0,32.71540462528934,290.37833641575753,0.9974301317057501,0.8571428571428571,266.6422764227642,8606.88,23794.8974109589,350.0,32751.7774109589,True
SKU0121,AY,0.97,0.75,1.0,1.0,0.99,452.0,38.39193699278132,296.0548687832495,0.9974301317057501,0.8571428571428571,273.9918699186992,8606.88,24450.76798630137,350.0,33407.64798630137,True
SKU0121,AY,0.97,1.0,1.0,1.0,0.75,602.0,13.380545487141166,271.0434772776093,1.0,1.0,335.8780487804878,0.0,29973.430397260276,250.0,30223.430397260276,True
SKU0121,AY,0.97,1.0,1.0,1.0,0.8,602.0,14.599532656176052,272.26246444664423,1.0,1.0,335.8780487804878,0.0,29973.430397260276,250.0,30223.430397260276,True
SKU0121,AY,0.97,1.0,1.0,1.0,0.85,602.0,15.609185991623503,273.2721177820917,1.0,1.0,340.7723577235772,0.0,30410.193767123284,250.0,30660.193767123284,True
SKU0121,AY,0.97,1.0,1.0,1.0,0.9,602.0,22.7744031296084,280.4373349200766,1.0,1.0,340.7723577235772,0.0,30410.193767123284,250.0,30660.193767123284,True
SKU0121,AY,0.97,1.0,1.0,1.0,0.95,602.0,31.17412305250701,288.8370548429752,1.0,1.0,350.5609756097561,0.0,31283.720506849313,250.0,31533.720506849313,True
SKU0121,AY,0.97,1.0,1.0,1.0,0.97,602.0,32.71540462528934,290.37833641575753,1.0,1.0,350.5609756097561,0.0,31283.720506849313,250.0,31533.720506849313,True
SKU0121,AY,0.97,1.0,1.0,1.0,0.99,602.0,38.39193699278132,296.0548687832495,1.0,1.0,350.5609756097561,0.0,31283.720506849313,250.0,31533.720506849313,True
SKU0121,AY,0.97,1.25,1.0,1.0,0.75,753.0,13.380545487141166,271.0434772776093,1.0,1.0,403.0487804878049,0.0,35967.68116438356,200.0,36167.68116438356,True
SKU0121,AY,0.97,1.25,1.0,1.0,0.8,753.0,14.599532656176052,272.26246444664423,1.0,1.0,409.1707317073171,0.0,36513.9981369863,200.0,36713.9981369863,True
SKU0121,AY,0.97,1.25,1.0,1.0,0.85,753.0,15.609185991623503,273.2721177820917,1.0,1.0,415.2926829268293,0.0,37060.31510958904,200.0,37260.31510958904,True
SKU0121,AY,0.97,1.25,1.0,1.0,0.9,753.0,22.7744031296084,280.4373349200766,1.0,1.0,415.2926829268293,0.0,37060.31510958904,200.0,37260.31510958904,True
SKU0121,AY,0.97,1.25,1.0,1.0,0.95,753.0,31.17412305250701,288.8370548429752,1.0,1.0,415.2926829268293,0.0,37060.31510958904,200.0,37260.31510958904,True
SKU0121,AY,0.97,1.25,1.0,1.0,0.97,753.0,32.71540462528934,290.37833641575753,1.0,1.0,415.2926829268293,0.0,37060.31510958904,200.0,37260.31510958904,True
SKU0121,AY,0.97,1.25,1.0,1.0,0.99,753.0,38.39193699278132,296.0548687832495,1.0,1.0,433.6585365853659,0.0,38699.266027397265,200.0,38899.266027397265,True
SKU0121,AY,0.97,1.5,1.0,1.0,0.75,903.0,13.380545487141166,271.0434772776093,1.0,1.0,453.3414634146341,0.0,40455.7512739726,200.0,40655.7512739726,True
SKU0121,AY,0.97,1.5,1.0,1.0,0.8,903.0,14.599532656176052,272.26246444664423,1.0,1.0,453.3414634146341,0.0,40455.7512739726,200.0,40655.7512739726,True
SKU0121,AY,0.97,1.5,1.0,1.0,0.85,903.0,15.609185991623503,273.2721177820917,1.0,1.0,460.6829268292683,0.0,41110.89632876712,200.0,41310.89632876712,True
SKU0121,AY,0.97,1.5,1.0,1.0,0.9,903.0,22.7744031296084,280.4373349200766,1.0,1.0,460.6829268292683,0.0,41110.89632876712,200.0,41310.89632876712,True
SKU0121,AY,0.97,1.5,1.0,1.0,0.95,903.0,31.17412305250701,288.8370548429752,1.0,1.0,475.3658536585366,0.0,42421.18643835617,200.0,42621.18643835617,True
SKU0121,AY,0.97,1.5,1.0,1.0,0.97,903.0,32.71540462528934,290.37833641575753,1.0,1.0,475.3658536585366,0.0,42421.18643835617,200.0,42621.18643835617,True
SKU0121,AY,0.97,1.5,1.0,1.0,0.99,903.0,38.39193699278132,296.0548687832495,1.0,1.0,475.3658536585366,0.0,42421.18643835617,200.0,42621.18643835617,True
SKU0122,CX,0.95,0.5,1.0,1.0,0.75,353.0,4.0,209.6910569105691,0.8891988840175369,0.75,228.2357723577236,20822.199999999997,2391.7811438356166,350.0,23563.981143835612,False
SKU0122,CX,0.95,0.5,1.0,1.0,0.8,353.0,6.0,211.6910569105691,0.8891988840175369,0.75,231.10569105691056,20822.199999999997,2421.8562602739726,350.0,23594.05626027397,False
SKU0122,CX,0.95,0.5,1.0,1.0,0.85,353.0,8.0,213.6910569105691,0.8891988840175369,0.75,231.10569105691056,20822.199999999997,2421.8562602739726,350.0,23594.05626027397,False
SKU0122,CX,0.95,0.5,1.0,1.0,0.9,353.0,10.0,215.6910569105691,0.8891988840175369,0.75,231.10569105691056,20822.199999999997,2421.8562602739726,350.0,23594.05626027397,False
SKU0122,CX,0.95,0.5,1.0,1.0,0.95,353.0,13.0,218.6910569105691,0.8891988840175369,0.75,231.10569105691056,20822.199999999997,2421.8562602739726,350.0,23594.05626027397,False
SKU0122,CX,0.95,0.5,1.0,1.0,0.97,353.0,15.61,221.30105691056912,0.8891988840175369,0.75,231.10569105691056,20822.199999999997,2421.8562602739726,350.0,23594.05626027397,False
SKU0122,CX,0.95,0.5,1.0,1.0,0.99,353.0,20.74000000000001,226.4310569105691,0.8891988840175369,0.75,231.10569105691056,20822.199999999997,2421.8562602739726,350.0,23594.05626027397,False
SKU0122,CX,0.95,0.75,1.0,1.0,0.75,530.0,4.0,209.6910569105691,0.889996014348346,0.8333333333333334,311.4634146341463,20672.399999999998,3263.959520547945,250.0,24186.359520547943,False
SKU0122,CX,0.95,0.75,1.0,1.0,0.8,530.0,6.0,211.6910569105691,0.889996014348346,0.8333333333333334,315.7723577235772,20672.399999999998,3309.114794520548,250.0,24231.514794520546,False
SKU0122,CX,0.95,0.75,1.0,1.0,0.85,530.0,8.0,213.6910569105691,0.889996014348346,0.8333333333333334,315.7723577235772,20672.399999999998,3309.114794520548,250.0,24231.514794520546,False
SKU0122,CX,0.95,0.75,1.0,1.0,0.9,530.0,10.0,215.6910569105691,0.889996014348346,0.8333333333333334,315.7723577235772,20672.399999999998,3309.114794520548,250.0,24231.514794520546,False
SKU0122,CX,0.95,0.75,1.0,1.0,0.95,530.0,13.0,218.6910569105691,0.889996014348346,0.8333333333333334,315.7723577235772,20672.399999999998,3309.114794520548,250.0,24231.514794520546,False
SKU0122,CX,0.95,0.75,1.0,1.0,0.97,530.0,15.61,221.30105691056912,0.889996014348346,0.8333333333333334,315.7723577235772,20672.399999999998,3309.114794520548,250.0,24231.514794520546,False
SKU0122,CX,0.95,0.75,1.0,1.0,0.99,530.0,20.74000000000001,226.4310569105691,0.889996014348346,0.8333333333333334,315.7723577235772,20672.399999999998,3309.114794520548,250.0,24231.514794520546,False
SKU0122,CX,0.95,1.0,1.0,1.0,0.75,706.0,4.0,209.6910569105691,0.8891988840175369,0.6,374.6016260162602,20822.199999999997,3925.612082191781,200.0,24947.812082191776,False
SKU0122,CX,0.95,1.0,1.0,1.0,0.8,706.0,6.0,211.6910569105691,0.8891988840175369,0.6,374.6016260162602,20822.199999999997,3925.612082191781,200.0,24947.812082191776,False
SKU0122,CX,0.95,1.0,1.0,1.0,0.85,706.0,8.0,213.6910569105691,0.8891988840175369,0.6,374.6016260162602,20822.199999999997,3925.612082191781,200.0,24947.812082191776,False
SKU0122,CX,0.95,1.0,1.0,1.0,0.9,706.0,10.0,215.6910569105691,0.8891988840175369,0.6,374.6016260162602,20822.199999999997,3925.612082191781,200.0,24947.812082191776,False
SKU0122,CX,0.95,1.0,1.0,1.0,0.95,706.0,13.0,218.6910569105691,0.8891988840175369,0.6,374.6016260162602,20822.199999999997,3925.612082191781,200.0,24947.812082191776,False
SKU0122,CX,0.95,1.0,1.0,1.0,0.97,706.0,15.61,221.30105691056912,0.8891988840175369,0.6,374.6016260162602,20822.199999999997,3925.612082191781,200.0,24947.812082191776,False
SKU0122,CX,0.95,1.0,1.0,1.0,0.99,706.0,20.74000000000001,226.4310569105691,0.8891988840175369,0.6,374.6016260162602,20822.199999999997,3925.612082191781,200.0,24947.812082191776,False
SKU0122,CX,0.95,1.25,1.0,1.0,0.75,883.0,4.0,209.6910569105691,0.889996014348346,0.75,494.6829268292683,20672.399999999998,5183.995849315069,150.0,26006.395849315068,False
SKU0122,CX,0.95,1.25,1.0,1.0,0.8,883.0,6.0,211.6910569105691,0.889996014348346,0.75,494.6829268292683,20672.399999999998,5183.995849315069,150.0,26006.395849315068,False
SKU0122,CX,0.95,1.25,1.0,1.0,0.85,883.0,8.0,213.6910569105691,0.889996014348346,0.75,494.6829268292683,20672.399999999998,5183.995849315069,150.0,26006.395849315068,False
SKU0122,CX,0.95,1.25,1.0,1.0,0.9,883.0,10.0,215.6910569105691,0.889996014348346,0.75,494.6829268292683,20672.399999999998,5183.995849315069,150.0,26006.395849315068,False
SKU0122,CX,0.95,1.25,1.0,1.0,0.95,883.0,13.0,218.6910569105691,0.889996014348346,0.75,494.6829268292683,20672.399999999998,5183.995849315069,150.0,26006.395849315068,False
SKU0122,CX,0.95,1.25,1.0,1.0,0.97,883.0,15.61,221.30105691056912,0.889996014348346,0.75,494.6829268292683,20672.399999999998,5183.995849315069,150.0,26006.395849315068,False
SKU0122,CX,0.95,1.25,1.0,1.0,0.99,883.0,20.74000000000001,226.4310569105691,0.889996014348346,0.75,494.6829268292683,20672.399999999998,5183.995849315069,150.0,26006.395849315068,False
SKU0122,CX,0.95,1.5,1.0,1.0,0.75,1059.0,4.0,209.6910569105691,0.889996014348346,0.75,559.7479674796748,20672.399999999998,5865.84048630137,150.0,26688.24048630137,False
SKU0122,CX,0.95,1.5,1.0,1.0,0.8,1059.0,6.0,211.6910569105691,0.889996014348346,0.75,559.7479674796748,20672.399999999998,5865.84048630137,150.0,26688.24048630137,False
SKU0122,CX,0.95,1.5,1.0,1.0,0.85,1059.0,8.0,213.6910569105691,0.889996014348346,0.75,559.7479674796748,20672.399999999998,5865.84048630137,150.0,26688.24048630137,False
SKU0122,CX,0.95,1.5,1.0,1.0,0.9,1059.0,10.0,215.6910569105691,0.889996014348346,0.75,559.7479674796748,20672.399999999998,5865.84048630137,150.0,26688.24048630137,False
SKU0122,CX,0.95,1.5,1.0,1.0,0.95,1059.0,13.0,218.6910569105691,0.889996014348346,0.75,559.7479674796748,20672.399999999998,5865.84048630137,150.0,26688.24048630137,False
SKU0122,CX,0.95,1.5,1.0,1.0,0.97,1059.0,15.61,221.30105691056912,0.889996014348346,0.75,559.7479674796748,20672.399999999998,5865.84048630137,150.0,26688.24048630137,False
SKU0122,CX,0.95,1.5,1.0,1.0,0.99,1059.0,20.74000000000001,226.4310569105691,0.889996014348346,0.75,559.7479674796748,20672.399999999998,5865.84048630137,150.0,26688.24048630137,False
SKU0123,AX,0.97,0.5,1.0,1.0,0.75,253.0,7.341357222481861,132.89181303920216,0.9902027027027027,0.8333333333333334,141.5609756097561,19324.149999999998,5300.403616438356,550.0,25174.553616438352,True
SKU0123,AX,0.97,0.5,1.0,1.0,0.8,253.0,11.648304966669569,137.19876078338987,1.0,1.0,145.7642276422764,0.0,5457.78408219178,550.0,6007.78408219178,True
SKU0123,AX,0.97,0.5,1.0,1.0,0.85,253.0,16.71405491375162,142.26451073047193,1.0,1.0,158.10569105691056,0.0,5919.879917808219,550.0,6469.879917808219,True
SKU0123,AX,0.97,0.5,1.0,1.0,0.9,253.0,19.226283543280704,144.77673936000102,1.0,1.0,158.10569105691056,0.0,5919.879917808219,550.0,6469.879917808219,True
SKU0123,AX,0.97,0.5,1.0,1.0,0.95,253.0,23.236931783209602,148.7873875999299,1.0,1.0,166.33333333333334,0.0,6227.943808219179,550.0,6777.943808219179,True
SKU0123,AX,0.97,0.5,1.0,1.0,0.97,253.0,25.388563723507573,150.9390195402279,1.0,1.0,168.390243902439,0.0,6304.959780821918,550.0,6854.959780821918,True
SKU0123,AX,0.97,0.5,1.0,1.0,0.99,253.0,33.87822354208597,159.42867935880628,1.0,1.0,176.6178861788618,0.0,6613.023671232876,550.0,7163.023671232876,True
SKU0123,AX,0.97,0.75,1.0,1.0,0.75,380.0,7.341357222481861,132.89181303920216,0.9912162162162163,0.875,201.260162601626,17325.1,7535.693287671233,350.0,25210.79328767123,True
SKU0123,AX,0.97,0.75,1.0,1.0,0.8,380.0,11.648304966669569,137.19876078338987,0.9912162162162163,0.875,207.4390243902439,17325.1,7767.045616438356,350.0,25442.145616438356,True
SKU0123,AX,0.97,0.75,1.0,1.0,0.85,380.0,16.71405491375162,142.26451073047193,1.0,1.0,213.53658536585365,0.0,7995.353835616438,350.0,8345.353835616439,True
SKU0123,AX,0.97,0.75,1.0,1.0,0.9,380.0,19.226283543280704,144.77673936000102,1.0,1.0,213.53658536585365,0.0,7995.353835616438,350.0,8345.353835616439,True
SKU0123,AX,0.97,0.75,1.0,1.0,0.95,380.0,23.236931783209602,148.7873875999299,1.0,1.0,219.71544715447155,0.0,8226.70616438356,350.0,8576.70616438356,True
SKU0123,AX,0.97,0.75,1.0,1.0,0.97,380.0,25.388563723507573,150.9390195402279,1.0,1.0,228.98373983739836,0.0,8573.734657534245,350.0,8923.734657534245,True
SKU0123,AX,0.97,0.75,1.0,1.0,0.99,380.0,33.87822354208597,159.42867935880628,1.0,1.0,238.2520325203252,0.0,8920.763150684932,400.0,9320.763150684932,True
SKU0123,AX,0.97,1.0,1.0,1.0,0.75,506.0,7.341357222481861,132.89181303920216,0.9983108108108109,0.8571428571428571,262.0487804878049,3331.7499999999995,9811.774027397261,300.0,13443.524027397261,True
SKU0123,AX,0.97,1.0,1.0,1.0,0.8,506.0,11.648304966669569,137.19876078338987,1.0,1.0,269.1788617886179,0.0,10078.742438356165,300.0,10378.742438356165,True
SKU0123,AX,0.97,1.0,1.0,1.0,0.85,506.0,16.71405491375162,142.26451073047193,1.0,1.0,285.6341463414634,0.0,10694.870219178081,300.0,10994.870219178081,True
SKU0123,AX,0.97,1.0,1.0,1.0,0.9,506.0,19.226283543280704,144.77673936000102,1.0,1.0,285.6341463414634,0.0,10694.870219178081,300.0,10994.870219178081,True
SKU0123,AX,0.97,1.0,1.0,1.0,0.95,506.0,23.236931783209602,148.7873875999299,1.0,1.0,289.7479674796748,0.0,10848.902164383562,300.0,11148.902164383562,True
SKU0123,AX,0.97,1.0,1.0,1.0,0.97,506.0,25.388563723507573,150.9390195402279,1.0,1.0,293.8617886178862,0.0,11002.934109589041,300.0,11302.934109589041,True
SKU0123,AX,0.97,1.0,1.0,1.0,0.99,506.0,33.87822354208597,159.42867935880628,1.0,1.0,306.2032520325203,0.0,11465.029945205479,300.0,11765.029945205479,True
SKU0123,AX,0.97,1.25,1.0,1.0,0.75,633.0,7.341357222481861,132.89181303920216,1.0,1.0,315.6829268292683,0.0,11819.973123287671,250.0,12069.973123287671,True
SKU0123,AX,0.97,1.25,1.0,1.0,0.8,633.0,11.648304966669569,137.19876078338987,1.0,1.0,320.8292682926829,0.0,12012.665260273972,250.0,12262.665260273972,True
SKU0123,AX,0.97,1.25,1.0,1.0,0.85,633.0,16.71405491375162,142.26451073047193,1.0,1.0,325.9756097560976,0.0,12205.357397260275,250.0,12455.357397260275,True
SKU0123,AX,0.97,1.25,1.0,1.0,0.9,633.0,19.226283543280704,144.77673936000102,1.0,1.0,325.9756097560976,0.0,12205.357397260275,250.0,12455.357397260275,True
SKU0123,AX,0.97,1.25,1.0,1.0,0.95,633.0,23.236931783209602,148.7873875999299,1.0,1.0,325.9756097560976,0.0,12205.357397260275,250.0,12455.357397260275,True
SKU0123,AX,0.97,1.25,1.0,1.0,0.97,633.0,25.388563723507573,150.9390195402279,1.0,1.0,336.2682926829268,0.0,12590.741671232876,250.0,12840.741671232876,True
SKU0123,AX,0.97,1.25,1.0,1.0,0.99,633.0,33.87822354208597,159.42867935880628,1.0,1.0,346.5609756097561,0.0,12976.12594520548,250.0,13226.12594520548,True
SKU0123,AX,0.97,1.5,1.0,1.0,0.75,759.0,7.341357222481861,132.89181303920216,0.9902027027027027,0.8,394.0731707317073,19324.149999999998,14755.103589041097,200.0,34279.253589041095,True
SKU0123,AX,0.97,1.5,1.0,1.0,0.8,759.0,11.648304966669569,137.19876078338987,1.0,1.0,396.7073170731707,0.0,14853.732739726025,200.0,15053.732739726025,True
SKU0123,AX,0.97,1.5,1.0,1.0,0.85,759.0,16.71405491375162,142.26451073047193,1.0,1.0,409.0487804878049,0.0,15315.828575342468,200.0,15515.828575342468,True
SKU0123,AX,0.97,1.5,1.0,1.0,0.9,759.0,19.226283543280704,144.77673936000102,1.0,1.0,409.0487804878049,0.0,15315.828575342468,200.0,15515.828575342468,True
SKU0123,AX,0.97,1.5,1.0,1.0,0.95,759.0,23.236931783209602,148.7873875999299,1.0,1.0,421.390243902439,0.0,15777.924410958904,200.0,15977.924410958904,True
SKU0123,AX,0.97,1.5,1.0,1.0,0.97,759.0,25.388563723507573,150.9390195402279,1.0,1.0,427.5609756097561,0.0,16008.972328767124,200.0,16208.972328767124,True
SKU0123,AX,0.97,1.5,1.0,1.0,0.99,759.0,33.87822354208597,159.42867935880628,1.0,1.0,439.9024390243902,0.0,16471.06816438356,200.0,16671.06816438356,True
SKU0124,AY,0.97,0.5,1.0,1.0,0.75,264.0,9.286446710790855,86.67202326300732,0.9961076873175478,0.9166666666666666,148.14634146341464,5847.120000000003,12862.984684931505,550.0,19260.10468493151,True
SKU0124,AY,0.97,0.5,1.0,1.0,0.8,264.0,12.985436254840309,90.37101280705677,0.9961076873175478,0.9166666666666666,150.29268292682926,5847.120000000003,13049.34336986301,550.0,19446.463369863013,True
SKU0124,AY,0.97,0.5,1.0,1.0,0.85,264.0,15.834652524076429,93.2202290762929,0.9961076873175478,0.9166666666666666,154.58536585365854,5847.120000000003,13422.060739726026,550.0,19819.180739726027,True
SKU0124,AY,0.97,0.5,1.0,1.0,0.9,264.0,17.726016556018568,95.11159310823503,1.0,1.0,158.0,0.0,13718.540465753424,550.0,14268.540465753424,True
SKU0124,AY,0.97,0.5,1.0,1.0,0.95,264.0,23.914337793277664,101.29991434549413,1.0,1.0,158.0,0.0,13718.540465753424,550.0,14268.540465753424,True
SKU0124,AY,0.97,0.5,1.0,1.0,0.97,264.0,26.88930195360909,104.27487850582555,1.0,1.0,160.14634146341464,0.0,13904.89915068493,550.0,14454.89915068493,True
SKU0124,AY,0.97,0.5,1.0,1.0,0.99,264.0,28.802934041877634,106.1885105940941,1.0,1.0,162.29268292682926,0.0,14091.257835616436,550.0,14641.257835616436,True
SKU0124,AY,0.97,0.75,1.0,1.0,0.75,396.0,9.286446710790855,86.67202326300732,1.0,1.0,202.0,0.0,17538.893506849316,400.0,17938.893506849316,True
SKU0124,AY,0.97,0.75,1.0,1.0,0.8,396.0,12.985436254840309,90.37101280705677,1.0,1.0,211.65853658536585,0.0,18377.50758904109,400.0,18777.50758904109,True
SKU0124,AY,0.97,0.75,1.0,1.0,0.85,396.0,15.834652524076429,93.2202290762929,1.0,1.0,214.8780487804878,0.0,18657.045616438354,400.0,19057.045616438354,True
SKU0124,AY,0.97,0.75,1.0,1.0,0.9,396.0,17.726016556018568,95.11159310823503,1.0,1.0,214.8780487804878,0.0,18657.045616438354,400.0,19057.045616438354,True
SKU0124,AY,0.97,0.75,1.0,1.0,0.95,396.0,23.914337793277664,101.29991434549413,1.0,1.0,218.09756097560975,0.0,18936.583643835613,400.0,19336.583643835613,True
SKU0124,AY,0.97,0.75,1.0,1.0,0.97,396.0,26.88930195360909,104.27487850582555,1.0,1.0,224.53658536585365,0.0,19495.659698630134,400.0,19895.659698630134,True
SKU0124,AY,0.97,0.75,1.0,1.0,0.99,396.0,28.802934041877634,106.1885105940941,1.0,1.0,224.53658536585365,0.0,19495.659698630134,400.0,19895.659698630134,True
SKU0124,AY,0.97,1.0,1.0,1.0,0.75,528.0,9.286446710790855,86.67202326300732,0.9961076873175478,0.8571428571428571,272.6341463414634,5847.120000000003,23671.7884109589,300.0,29818.908410958902,True
SKU0124,AY,0.97,1.0,1.0,1.0,0.8,528.0,12.985436254840309,90.37101280705677,0.9961076873175478,0.8571428571428571,272.6341463414634,5847.120000000003,23671.7884109589,300.0,29818.908410958902,True
SKU0124,AY,0.97,1.0,1.0,1.0,0.85,528.0,15.834652524076429,93.2202290762929,0.9961076873175478,0.8571428571428571,272.6341463414634,5847.120000000003,23671.7884109589,300.0,29818.908410958902,True
SKU0124,AY,0.97,1.0,1.0,1.0,0.9,528.0,17.726016556018568,95.11159310823503,1.0,1.0,280.3414634146341,0.0,24340.985506849313,300.0,24640.985506849313,True
SKU0124,AY,0.97,1.0,1.0,1.0,0.95,528.0,23.914337793277664,101.29991434549413,1.0,1.0,280.3414634146341,0.0,24340.985506849313,300.0,24640.985506849313,True
SKU0124,AY,0.97,1.0,1.0,1.0,0.97,528.0,26.88930195360909,104.27487850582555,1.0,1.0,284.6341463414634,0.0,24713.702876712327,300.0,25013.702876712327,True
SKU0124,AY,0.97,1.0,1.0,1.0,0.99,528.0,28.802934041877634,106.1885105940941,1.0,1.0,288.9268292682927,0.0,25086.42024657534,300.0,25386.42024657534,True
SKU0124,AY,0.97,1.25,1.0,1.0,0.75,660.0,9.286446710790855,86.67202326300732,0.9902692182938696,0.6666666666666666,338.6585365853659,14617.800000000007,29404.435684931508,250.0,44272.23568493151,True
SKU0124,AY,0.97,1.25,1.0,1.0,0.8,660.0,12.985436254840309,90.37101280705677,0.9902692182938696,0.6666666666666666,338.6585365853659,14617.800000000007,29404.435684931508,250.0,44272.23568493151,True
SKU0124,AY,0.97,1.25,1.0,1.0,0.85,660.0,15.834652524076429,93.2202290762929,0.9961076873175478,0.8333333333333334,345.609756097561,5847.120000000003,30007.983698630134,250.0,36105.10369863013,True
SKU0124,AY,0.97,1.25,1.0,1.0,0.9,660.0,17.726016556018568,95.11159310823503,1.0,1.0,350.0975609756098,0.0,30397.64276712329,250.0,30647.64276712329,True
SKU0124,AY,0.97,1.25,1.0,1.0,0.95,660.0,23.914337793277664,101.29991434549413,1.0,1.0,350.0975609756098,0.0,30397.64276712329,250.0,30647.64276712329,True
SKU0124,AY,0.97,1.25,1.0,1.0,0.97,660.0,26.88930195360909,104.27487850582555,1.0,1.0,350.0975609756098,0.0,30397.64276712329,250.0,30647.64276712329,True
SKU0124,AY,0.97,1.25,1.0,1.0,0.99,660.0,28.802934041877634,106.1885105940941,1.0,1.0,350.0975609756098,0.0,30397.64276712329,250.0,30647.64276712329,True
SKU0124,AY,0.97,1.5,1.0,1.0,0.75,792.0,9.286446710790855,86.67202326300732,1.0,1.0,424.1463414634146,0.0,36827.01739726027,200.0,37027.01739726027,True
SKU0124,AY,0.97,1.5,1.0,1.0,0.8,792.0,12.985436254840309,90.37101280705677,1.0,1.0,430.5853658536585,0.0,37386.09345205479,200.0,37586.09345205479,True
SKU0124,AY,0.97,1.5,1.0,1.0,0.85,792.0,15.834652524076429,93.2202290762929,1.0,1.0,437.0243902439024,0.0,37945.16950684931,200.0,38145.16950684931,True
SKU0124,AY,0.97,1.5,1.0,1.0,0.9,792.0,17.726016556018568,95.11159310823503,1.0,1.0,437.0243902439024,0.0,37945.16950684931,200.0,38145.16950684931,True
SKU0124,AY,0.97,1.5,1.0,1.0,0.95,792.0,23.914337793277664,101.29991434549413,1.0,1.0,437.0243902439024,0.0,37945.16950684931,200.0,38145.16950684931,True
SKU0124,AY,0.97,1.5,1.0,1.0,0.97,792.0,26.88930195360909,104.27487850582555,1.0,1.0,437.0243902439024,0.0,37945.16950684931,200.0,38145.16950684931,True
SKU0124,AY,0.97,1.5,1.0,1.0,0.99,792.0,28.802934041877634,106.1885105940941,1.0,1.0,437.0243902439024,0.0,37945.16950684931,200.0,38145.16950684931,True
SKU0125,AY,0.97,0.5,1.0,1.0,0.75,320.0,2.0743129450832427,56.11491223854558,1.0,1.0,164.5609756097561,0.0,7366.892178082192,300.0,7666.892178082192,True
SKU0125,AY,0.97,0.5,1.0,1.0,0.8,320.0,5.431276326928327,59.47187562039066,1.0,1.0,167.16260162601625,0.0,7483.35902739726,300.0,7783.35902739726,True
SKU0125,AY,0.97,0.5,1.0,1.0,0.85,320.0,7.039282856679407,61.07988215014174,1.0,1.0,167.16260162601625,0.0,7483.35902739726,300.0,7783.35902739726,True
SKU0125,AY,0.97,0.5,1.0,1.0,0.9,320.0,9.893482061644644,63.93408135510698,1.0,1.0,169.7642276422764,0.0,7599.825876712328,300.0,7899.825876712328,True
SKU0125,AY,0.97,0.5,1.0,1.0,0.95,320.0,13.091092305977606,67.13169159943995,1.0,1.0,172.3658536585366,0.0,7716.292726027397,300.0,8016.292726027397,True
SKU0125,AY,0.97,0.5,1.0,1.0,0.97,320.0,16.491617244103324,70.53221653756566,1.0,1.0,174.96747967479675,0.0,7832.759575342466,300.0,8132.759575342466,True
SKU0125,AY,0.97,0.5,1.0,1.0,0.99,320.0,18.776652035063833,72.81725132852617,1.0,1.0,182.77235772357724,0.0,8182.160123287672,300.0,8482.160123287671,True
SKU0125,AY,0.97,0.75,1.0,1.0,0.75,480.0,2.0743129450832427,56.11491223854558,1.0,1.0,237.40650406504065,0.0,10627.963958904109,200.0,10827.963958904109,True
SKU0125,AY,0.97,0.75,1.0,1.0,0.8,480.0,5.431276326928327,59.47187562039066,1.0,1.0,241.3089430894309,0.0,10802.664232876714,200.0,11002.664232876714,True
SKU0125,AY,0.97,0.75,1.0,1.0,0.85,480.0,7.039282856679407,61.07988215014174,1.0,1.0,241.3089430894309,0.0,10802.664232876714,200.0,11002.664232876714,True
SKU0125,AY,0.97,0.75,1.0,1.0,0.9,480.0,9.893482061644644,63.93408135510698,1.0,1.0,241.3089430894309,0.0,10802.664232876714,200.0,11002.664232876714,True
SKU0125,AY,0.97,0.75,1.0,1.0,0.95,480.0,13.091092305977606,67.13169159943995,1.0,1.0,249.1138211382114,0.0,11152.06478082192,200.0,11352.06478082192,True
SKU0125,AY,0.97,0.75,1.0,1.0,0.97,480.0,16.491617244103324,70.53221653756566,1.0,1.0,249.1138211382114,0.0,11152.06478082192,200.0,11352.06478082192,True
SKU0125,AY,0.97,0.75,1.0,1.0,0.99,480.0,18.776652035063833,72.81725132852617,1.0,1.0,253.01626016260164,0.0,11326.765054794521,200.0,11526.765054794521,True
SKU0125,AY,0.97,1.0,1.0,1.0,0.75,640.0,2.0743129450832427,56.11491223854558,1.0,1.0,307.650406504065,0.0,13772.568890410957,150.0,13922.568890410957,True
SKU0125,AY,0.97,1.0,1.0,1.0,0.8,640.0,5.431276326928327,59.47187562039066,1.0,1.0,307.650406504065,0.0,13772.568890410957,150.0,13922.568890410957,True
SKU0125,AY,0.97,1.0,1.0,1.0,0.85,640.0,7.039282856679407,61.07988215014174,1.0,1.0,307.650406504065,0.0,13772.568890410957,150.0,13922.568890410957,True
SKU0125,AY,0.97,1.0,1.0,1.0,0.9,640.0,9.893482061644644,63.93408135510698,1.0,1.0,312.8536585365854,0.0,14005.502589041098,150.0,14155.502589041098,True
SKU0125,AY,0.97,1.0,1.0,1.0,0.95,640.0,13.091092305977606,67.13169159943995,1.0,1.0,318.0569105691057,0.0,14238.436287671233,150.0,14388.436287671233,True
SKU0125,AY,0.97,1.0,1.0,1.0,0.97,640.0,16.491617244103324,70.53221653756566,1.0,1.0,318.0569105691057,0.0,14238.436287671233,150.0,14388.436287671233,True
SKU0125,AY,0.97,1.0,1.0,1.0,0.99,640.0,18.776652035063833,72.81725132852617,1.0,1.0,323.260162601626,0.0,14471.36998630137,150.0,14621.36998630137,True
SKU0125,AY,0.97,1.25,1.0,1.0,0.75,800.0,2.0743129450832427,56.11491223854558,1.0,1.0,427.3252032520325,0.0,19130.04395890411,150.0,19280.04395890411,True
SKU0125,AY,0.97,1.25,1.0,1.0,0.8,800.0,5.431276326928327,59.47187562039066,1.0,1.0,427.3252032520325,0.0,19130.04395890411,150.0,19280.04395890411,True
SKU0125,AY,0.97,1.25,1.0,1.0,0.85,800.0,7.039282856679407,61.07988215014174,1.0,1.0,427.3252032520325,0.0,19130.04395890411,150.0,19280.04395890411,True
SKU0125,AY,0.97,1.25,1.0,1.0,0.9,800.0,9.893482061644644,63.93408135510698,1.0,1.0,427.3252032520325,0.0,19130.04395890411,150.0,19280.04395890411,True
SKU0125,AY,0.97,1.25,1.0,1.0,0.95,800.0,13.091092305977606,67.13169159943995,1.0,1.0,433.8292682926829,0.0,19421.211082191778,150.0,19571.211082191778,True
SKU0125,AY,0.97,1.25,1.0,1.0,0.97,800.0,16.491617244103324,70.53221653756566,1.0,1.0,433.8292682926829,0.0,19421.211082191778,150.0,19571.211082191778,True
SKU0125,AY,0.97,1.25,1.0,1.0,0.99,800.0,18.776652035063833,72.81725132852617,1.0,1.0,440.3333333333333,0.0,19712.37820547945,150.0,19862.37820547945,True
SKU0125,AY,0.97,1.5,1.0,1.0,0.75,960.0,2.0743129450832427,56.11491223854558,1.0,1.0,440.3333333333333,0.0,19712.37820547945,100.0,19812.37820547945,True
SKU0125,AY,0.97,1.5,1.0,1.0,0.8,960.0,5.431276326928327,59.47187562039066,1.0,1.0,440.3333333333333,0.0,19712.37820547945,100.0,19812.37820547945,True
SKU0125,AY,0.97,1.5,1.0,1.0,0.85,960.0,7.039282856679407,61.07988215014174,1.0,1.0,440.3333333333333,0.0,19712.37820547945,100.0,19812.37820547945,True
SKU0125,AY,0.97,1.5,1.0,1.0,0.9,960.0,9.893482061644644,63.93408135510698,1.0,1.0,440.3333333333333,0.0,19712.37820547945,100.0,19812.37820547945,True
SKU0125,AY,0.97,1.5,1.0,1.0,0.95,960.0,13.091092305977606,67.13169159943995,1.0,1.0,448.1382113821138,0.0,20061.77875342466,100.0,20161.77875342466,True
SKU0125,AY,0.97,1.5,1.0,1.0,0.97,960.0,16.491617244103324,70.53221653756566,1.0,1.0,448.1382113821138,0.0,20061.77875342466,100.0,20161.77875342466,True
SKU0125,AY,0.97,1.5,1.0,1.0,0.99,960.0,18.776652035063833,72.81725132852617,1.0,1.0,455.9430894308943,0.0,20411.179301369863,100.0,20511.179301369863,True
SKU0127,BZ,0.98,0.5,1.0,1.0,0.75,183.0,0.0,90.8609998283911,1.0,1.0,129.390243902439,0.0,4237.314246575343,200.0,4437.314246575343,True
SKU0127,BZ,0.98,0.5,1.0,1.0,0.8,183.0,0.18687570729456165,91.04787553568566,1.0,1.0,130.8780487804878,0.0,4286.037369863014,200.0,4486.037369863014,True
SKU0127,BZ,0.98,0.5,1.0,1.0,0.85,183.0,3.247374115354973,94.10837394374607,1.0,1.0,132.3658536585366,0.0,4334.760493150686,200.0,4534.760493150686,True
SKU0127,BZ,0.98,0.5,1.0,1.0,0.9,183.0,6.8942959530988155,97.75529578148992,1.0,1.0,136.82926829268294,0.0,4480.929863013699,200.0,4680.929863013699,True
SKU0127,BZ,0.98,0.5,1.0,1.0,0.95,183.0,14.598811838040724,105.45981166643182,1.0,1.0,142.78048780487805,0.0,4675.8223561643845,200.0,4875.8223561643845,True
SKU0127,BZ,0.98,0.5,1.0,1.0,0.97,183.0,16.855769207240076,107.71676903563117,1.0,1.0,142.78048780487805,0.0,4675.8223561643845,200.0,4875.8223561643845,True
SKU0127,BZ,0.98,0.5,1.0,1.0,0.99,183.0,22.092081495287776,112.95308132367887,1.0,1.0,148.73170731707316,0.0,4870.714849315068,200.0,5070.714849315068,True
SKU0127,BZ,0.98,0.75,1.0,1.0,0.75,274.0,0.0,90.8609998283911,1.0,1.0,163.6910569105691,0.0,5360.608547945206,150.0,5510.608547945206,True
SKU0127,BZ,0.98,0.75,1.0,1.0,0.8,274.0,0.18687570729456165,91.04787553568566,1.0,1.0,163.6910569105691,0.0,5360.608547945206,150.0,5510.608547945206,True
SKU0127,BZ,0.98,0.75,1.0,1.0,0.85,274.0,3.247374115354973,94.10837394374607,1.0,1.0,163.6910569105691,0.0,5360.608547945206,150.0,5510.608547945206,True
SKU0127,BZ,0.98,0.75,1.0,1.0,0.9,274.0,6.8942959530988155,97.75529578148992,1.0,1.0,170.3739837398374,0.0,5579.463232876713,150.0,5729.463232876713,True
SKU0127,BZ,0.98,0.75,1.0,1.0,0.95,274.0,14.598811838040724,105.45981166643182,1.0,1.0,174.82926829268294,0.0,5725.366356164384,150.0,5875.366356164384,True
SKU0127,BZ,0.98,0.75,1.0,1.0,0.97,274.0,16.855769207240076,107.71676903563117,1.0,1.0,174.82926829268294,0.0,5725.366356164384,150.0,5875.366356164384,True
SKU0127,BZ,0.98,0.75,1.0,1.0,0.99,274.0,22.092081495287776,112.95308132367887,1.0,1.0,183.739837398374,0.0,6017.172602739727,150.0,6167.172602739727,True
SKU0127,BZ,0.98,1.0,1.0,1.0,0.75,365.0,0.0,90.8609998283911,1.0,1.0,201.1951219512195,0.0,6588.804,100.0,6688.804,True
SKU0127,BZ,0.98,1.0,1.0,1.0,0.8,365.0,0.18687570729456165,91.04787553568566,1.0,1.0,201.1951219512195,0.0,6588.804,100.0,6688.804,True
SKU0127,BZ,0.98,1.0,1.0,1.0,0.85,365.0,3.247374115354973,94.10837394374607,1.0,1.0,201.1951219512195,0.0,6588.804,100.0,6688.804,True
SKU0127,BZ,0.98,1.0,1.0,1.0,0.9,365.0,6.8942959530988155,97.75529578148992,1.0,1.0,204.16260162601625,0.0,6685.9839999999995,100.0,6785.9839999999995,True
SKU0127,BZ,0.98,1.0,1.0,1.0,0.95,365.0,14.598811838040724,105.45981166643182,1.0,1.0,210.09756097560975,0.0,6880.344,100.0,6980.344,True
SKU0127,BZ,0.98,1.0,1.0,1.0,0.97,365.0,16.855769207240076,107.71676903563117,1.0,1.0,210.09756097560975,0.0,6880.344,100.0,6980.344,True
SKU0127,BZ,0.98,1.0,1.0,1.0,0.99,365.0,22.092081495287776,112.95308132367887,1.0,1.0,213.0650406504065,0.0,6977.524,150.0,7127.524,True
SKU0127,BZ,0.98,1.25,1.0,1.0,0.75,457.0,0.0,90.8609998283911,1.0,1.0,246.4390243902439,0.0,8070.466191780823,100.0,8170.466191780823,True
SKU0127,BZ,0.98,1.25,1.0,1.0,0.8,457.0,0.18687570729456165,91.04787553568566,1.0,1.0,246.4390243902439,0.0,8070.466191780823,100.0,8170.466191780823,True
SKU0127,BZ,0.98,1.25,1.0,1.0,0.85,457.0,3.247374115354973,94.10837394374607,1.0,1.0,246.4390243902439,0.0,8070.466191780823,100.0,8170.466191780823,True
SKU0127,BZ,0.98,1.25,1.0,1.0,0.9,457.0,6.8942959530988155,97.75529578148992,1.0,1.0,253.869918699187,0.0,8313.815561643836,100.0,8413.815561643836,True
SKU0127,BZ,0.98,1.25,1.0,1.0,0.95,457.0,14.598811838040724,105.45981166643182,1.0,1.0,261.3008130081301,0.0,8557.164931506852,100.0,8657.164931506852,True
SKU0127,BZ,0.98,1.25,1.0,1.0,0.97,457.0,16.855769207240076,107.71676903563117,1.0,1.0,261.3008130081301,0.0,8557.164931506852,100.0,8657.164931506852,True
SKU0127,BZ,0.98,1.25,1.0,1.0,0.99,457.0,22.092081495287776,112.95308132367887,1.0,1.0,265.0162601626016,0.0,8678.839616438356,100.0,8778.839616438356,True
SKU0127,BZ,0.98,1.5,1.0,1.0,0.75,548.0,0.0,90.8609998283911,1.0,1.0,281.7560975609756,0.0,9227.041315068494,100.0,9327.041315068494,True
SKU0127,BZ,0.98,1.5,1.0,1.0,0.8,548.0,0.18687570729456165,91.04787553568566,1.0,1.0,281.7560975609756,0.0,9227.041315068494,100.0,9327.041315068494,True
SKU0127,BZ,0.98,1.5,1.0,1.0,0.85,548.0,3.247374115354973,94.10837394374607,1.0,1.0,281.7560975609756,0.0,9227.041315068494,100.0,9327.041315068494,True
SKU0127,BZ,0.98,1.5,1.0,1.0,0.9,548.0,6.8942959530988155,97.75529578148992,1.0,1.0,290.6666666666667,0.0,9518.847561643837,100.0,9618.847561643837,True
SKU0127,BZ,0.98,1.5,1.0,1.0,0.95,548.0,14.598811838040724,105.45981166643182,1.0,1.0,299.5772357723577,0.0,9810.653808219178,100.0,9910.653808219178,True
SKU0127,BZ,0.98,1.5,1.0,1.0,0.97,548.0,16.855769207240076,107.71676903563117,1.0,1.0,299.5772357723577,0.0,9810.653808219178,100.0,9910.653808219178,True
SKU0127,BZ,0.98,1.5,1.0,1.0,0.99,548.0,22.092081495287776,112.95308132367887,1.0,1.0,308.4878048780488,0.0,10102.460054794523,100.0,10202.460054794523,True
SKU0128,AX,0.97,0.5,1.0,1.0,0.75,187.0,9.147607331656157,195.65692928172427,0.9378076062639821,0.75,116.9430894308943,233422.69999999998,11420.10783561644,600.0,245442.80783561643,False
SKU0128,AX,0.97,0.5,1.0,1.0,0.8,187.0,13.291742181435499,199.8010641315036,0.9378076062639821,0.75,119.98373983739837,233422.69999999998,11717.043342465753,600.0,245739.74334246572,False
SKU0128,AX,0.97,0.5,1.0,1.0,0.85,187.0,15.392832961985858,201.90215491205396,0.9378076062639821,0.75,121.5040650406504,233422.69999999998,11865.511095890412,600.0,245888.21109589038,False
SKU0128,AX,0.97,0.5,1.0,1.0,0.9,187.0,23.66133622908004,210.17065817914815,0.9498881431767338,0.8461538461538461,129.7479674796748,188081.6,12670.571534246576,600.0,201352.1715342466,False
SKU0128,AX,0.97,0.5,1.0,1.0,0.95,187.0,34.00819196536479,220.51751391543291,0.9498881431767338,0.8461538461538461,135.82926829268294,188081.6,13264.44254794521,600.0,201946.04254794522,False
SKU0128,AX,0.97,0.5,1.0,1.0,0.97,187.0,45.179059113824096,231.68838106389222,0.9498881431767338,0.8461538461538461,143.4308943089431,188081.6,14006.781315068494,600.0,202688.3813150685,False
SKU0128,AX,0.97,0.5,1.0,1.0,0.99,187.0,51.102463673691005,237.61178562375912,0.9530201342281879,0.9230769230769231,146.9918699186992,176326.5,14354.529315068494,600.0,191281.0293150685,False
SKU0128,AX,0.97,0.75,1.0,1.0,0.75,281.0,9.147607331656157,195.65692928172427,0.9351230425055929,0.7777777777777778,151.9430894308943,243498.5,14838.041945205481,400.0,258736.54194520548,False
SKU0128,AX,0.97,0.75,1.0,1.0,0.8,281.0,13.291742181435499,199.8010641315036,0.9351230425055929,0.7777777777777778,151.9430894308943,243498.5,14838.041945205481,400.0,258736.54194520548,False
SKU0128,AX,0.97,0.75,1.0,1.0,0.85,281.0,15.392832961985858,201.90215491205396,0.9351230425055929,0.7777777777777778,154.22764227642276,243498.5,15061.140547945206,400.0,258959.6405479452,False
SKU0128,AX,0.97,0.75,1.0,1.0,0.9,281.0,23.66133622908004,210.17065817914815,0.9351230425055929,0.7777777777777778,165.65040650406505,243498.5,16176.633561643837,400.0,260075.13356164383,False
SKU0128,AX,0.97,0.75,1.0,1.0,0.95,281.0,34.00819196536479,220.51751391543291,0.9463087248322147,0.7777777777777778,178.02439024390245,201516.0,17385.018164383564,400.0,219301.01816438357,False
SKU0128,AX,0.97,0.75,1.0,1.0,0.97,281.0,45.179059113824096,231.68838106389222,0.9530201342281879,0.8888888888888888,191.72357723577235,176326.5,18722.81583561644,400.0,195449.31583561643,False
SKU0128,AX,0.97,0.75,1.0,1.0,0.99,281.0,51.102463673691005,237.61178562375912,0.9530201342281879,0.8888888888888888,203.14634146341464,176326.5,19838.30884931507,400.0,196564.80884931507,False
SKU0128,AX,0.97,1.0,1.0,1.0,0.75,374.0,9.147607331656157,195.65692928172427,0.9521252796420582,0.7142857142857143,201.91869918699186,179685.1,19718.42312328767,300.0,199703.52312328768,False
SKU0128,AX,0.97,1.0,1.0,1.0,0.8,374.0,13.291742181435499,199.8010641315036,0.9521252796420582,0.7142857142857143,204.95934959349594,179685.1,20015.35863013699,300.0,200000.458630137,False
SKU0128,AX,0.97,1.0,1.0,1.0,0.85,374.0,15.392832961985858,201.90215491205396,0.9530201342281879,0.8571428571428571,207.8048780487805,176326.5,20293.239452054797,300.0,196919.73945205478,False
SKU0128,AX,0.97,1.0,1.0,1.0,0.9,374.0,23.66133622908004,210.17065817914815,0.9530201342281879,0.8571428571428571,219.96747967479675,176326.5,21480.981479452057,300.0,198107.48147945205,False
SKU0128,AX,0.97,1.0,1.0,1.0,0.95,374.0,34.00819196536479,220.51751391543291,0.9530201342281879,0.8571428571428571,226.0487804878049,176326.5,22074.852493150687,300.0,198701.35249315068,False
SKU0128,AX,0.97,1.0,1.0,1.0,0.97,374.0,45.179059113824096,231.68838106389222,0.9530201342281879,0.8571428571428571,232.130081300813,176326.5,22668.723506849314,300.0,199295.22350684932,False
SKU0128,AX,0.97,1.0,1.0,1.0,0.99,374.0,51.102463673691005,237.61178562375912,0.9530201342281879,0.8571428571428571,235.17073170731706,176326.5,22965.65901369863,300.0,199592.15901369863,False
SKU0128,AX,0.97,1.25,1.0,1.0,0.75,468.0,9.147607331656157,195.65692928172427,0.9387024608501119,0.5,241.52845528455285,230064.1,23586.524164383565,250.0,253900.62416438357,False
SKU0128,AX,0.97,1.25,1.0,1.0,0.8,468.0,13.291742181435499,199.8010641315036,0.9387024608501119,0.5,241.52845528455285,230064.1,23586.524164383565,250.0,253900.62416438357,False
SKU0128,AX,0.97,1.25,1.0,1.0,0.85,468.0,15.392832961985858,201.90215491205396,0.9387024608501119,0.5,241.52845528455285,230064.1,23586.524164383565,250.0,253900.62416438357,False
SKU0128,AX,0.97,1.25,1.0,1.0,0.9,468.0,23.66133622908004,210.17065817914815,0.9503355704697987,0.6666666666666666,246.82926829268294,186402.3,24104.176438356168,250.0,210756.47643835616,False
SKU0128,AX,0.97,1.25,1.0,1.0,0.95,468.0,34.00819196536479,220.51751391543291,0.9503355704697987,0.6666666666666666,258.2439024390244,186402.3,25218.875506849316,250.0,211871.1755068493,False
SKU0128,AX,0.97,1.25,1.0,1.0,0.97,468.0,45.179059113824096,231.68838106389222,0.9503355704697987,0.6666666666666666,265.8536585365854,186402.3,25962.008219178086,250.0,212614.30821917808,False
SKU0128,AX,0.97,1.25,1.0,1.0,0.99,468.0,51.102463673691005,237.61178562375912,0.9530201342281879,0.8333333333333334,273.8048780487805,176326.5,26738.48663013699,250.0,203314.986630137,False
SKU0128,AX,0.97,1.5,1.0,1.0,0.75,561.0,9.147607331656157,195.65692928172427,0.9530201342281879,0.8,303.5853658536585,176326.5,29646.70791780822,200.0,206173.2079178082,False
SKU0128,AX,0.97,1.5,1.0,1.0,0.8,561.0,13.291742181435499,199.8010641315036,0.9530201342281879,0.8,303.5853658536585,176326.5,29646.70791780822,200.0,206173.2079178082,False
SKU0128,AX,0.97,1.5,1.0,1.0,0.85,561.0,15.392832961985858,201.90215491205396,0.9530201342281879,0.8,303.5853658536585,176326.5,29646.70791780822,200.0,206173.2079178082,False
SKU0128,AX,0.97,1.5,1.0,1.0,0.9,561.0,23.66133622908004,210.17065817914815,0.9530201342281879,0.8,308.1463414634146,176326.5,30092.11117808219,200.0,206618.61117808218,False
SKU0128,AX,0.97,1.5,1.0,1.0,0.95,561.0,34.00819196536479,220.51751391543291,0.9530201342281879,0.8,317.2682926829268,176326.5,30982.91769863014,200.0,207509.41769863013,False
SKU0128,AX,0.97,1.5,1.0,1.0,0.97,561.0,45.179059113824096,231.68838106389222,0.9530201342281879,0.8,326.390243902439,176326.5,31873.724219178082,200.0,208400.22421917808,False
SKU0128,AX,0.97,1.5,1.0,1.0,0.99,561.0,51.102463673691005,237.61178562375912,0.9530201342281879,0.8,330.9512195121951,176326.5,32319.127479452058,200.0,208845.62747945206,False
SKU0129,CZ,0.98,0.5,1.0,1.0,0.75,367.0,1.2880441203686726,21.84343549813795,1.0,1.0,209.27642276422765,0.0,12518.941410958903,50.0,12568.941410958903,True
SKU0129,CZ,0.98,0.5,1.0,1.0,0.8,367.0,2.2994499092844576,22.854841287053734,1.0,1.0,209.27642276422765,0.0,12518.941410958903,50.0,12568.941410958903,True
SKU0129,CZ,0.98,0.5,1.0,1.0,0.85,367.0,5.250015567570057,25.80540694533933,1.0,1.0,209.27642276422765,0.0,12518.941410958903,50.0,12568.941410958903,True
SKU0129,CZ,0.98,0.5,1.0,1.0,0.9,367.0,6.365937982591006,26.921329360360282,1.0,1.0,209.27642276422765,0.0,12518.941410958903,50.0,12568.941410958903,True
SKU0129,CZ,0.98,0.5,1.0,1.0,0.95,367.0,9.340927848030818,29.89631922580009,1.0,1.0,212.260162601626,0.0,12697.429095890411,50.0,12747.429095890411,True
SKU0129,CZ,0.98,0.5,1.0,1.0,0.97,367.0,12.323496834117623,32.8788882118869,1.0,1.0,212.260162601626,0.0,12697.429095890411,50.0,12747.429095890411,True
SKU0129,CZ,0.98,0.5,1.0,1.0,0.99,367.0,12.383662723424088,32.93905410119336,1.0,1.0,212.260162601626,0.0,12697.429095890411,50.0,12747.429095890411,True
SKU0129,CZ,0.98,0.75,1.0,1.0,0.75,551.0,1.2880441203686726,21.84343549813795,1.0,1.0,308.0081300813008,0.0,18425.08431506849,50.0,18475.08431506849,True
SKU0129,CZ,0.98,0.75,1.0,1.0,0.8,551.0,2.2994499092844576,22.854841287053734,1.0,1.0,308.0081300813008,0.0,18425.08431506849,50.0,18475.08431506849,True
SKU0129,CZ,0.98,0.75,1.0,1.0,0.85,551.0,5.250015567570057,25.80540694533933,1.0,1.0,308.0081300813008,0.0,18425.08431506849,50.0,18475.08431506849,True
SKU0129,CZ,0.98,0.75,1.0,1.0,0.9,551.0,6.365937982591006,26.921329360360282,1.0,1.0,308.0081300813008,0.0,18425.08431506849,50.0,18475.08431506849,True
SKU0129,CZ,0.98,0.75,1.0,1.0,0.95,551.0,9.340927848030818,29.89631922580009,1.0,1.0,312.4878048780488,0.0,18693.05901369863,50.0,18743.05901369863,True
SKU0129,CZ,0.98,0.75,1.0,1.0,0.97,551.0,12.323496834117623,32.8788882118869,1.0,1.0,312.4878048780488,0.0,18693.05901369863,50.0,18743.05901369863,True
SKU0129,CZ,0.98,0.75,1.0,1.0,0.99,551.0,12.383662723424088,32.93905410119336,1.0,1.0,312.4878048780488,0.0,18693.05901369863,50.0,18743.05901369863,True
SKU0129,CZ,0.98,1.0,1.0,1.0,0.75,734.0,1.2880441203686726,21.84343549813795,1.0,1.0,406.2032520325203,0.0,24299.128616438353,50.0,24349.128616438353,True
SKU0129,CZ,0.98,1.0,1.0,1.0,0.8,734.0,2.2994499092844576,22.854841287053734,1.0,1.0,406.2032520325203,0.0,24299.128616438353,50.0,24349.128616438353,True
SKU0129,CZ,0.98,1.0,1.0,1.0,0.85,734.0,5.250015567570057,25.80540694533933,1.0,1.0,406.2032520325203,0.0,24299.128616438353,50.0,24349.128616438353,True
SKU0129,CZ,0.98,1.0,1.0,1.0,0.9,734.0,6.365937982591006,26.921329360360282,1.0,1.0,406.2032520325203,0.0,24299.128616438353,50.0,24349.128616438353,True
SKU0129,CZ,0.98,1.0,1.0,1.0,0.95,734.0,9.340927848030818,29.89631922580009,1.0,1.0,412.1707317073171,0.0,24656.103986301372,50.0,24706.103986301372,True
SKU0129,CZ,0.98,1.0,1.0,1.0,0.97,734.0,12.323496834117623,32.8788882118869,1.0,1.0,412.1707317073171,0.0,24656.103986301372,50.0,24706.103986301372,True
SKU0129,CZ,0.98,1.0,1.0,1.0,0.99,734.0,12.383662723424088,32.93905410119336,1.0,1.0,412.1707317073171,0.0,24656.103986301372,50.0,24706.103986301372,True
SKU0129,CZ,0.98,1.25,1.0,1.0,0.75,918.0,1.2880441203686726,21.84343549813795,1.0,1.0,504.9349593495935,0.0,30205.27152054794,50.0,30255.27152054794,True
SKU0129,CZ,0.98,1.25,1.0,1.0,0.8,918.0,2.2994499092844576,22.854841287053734,1.0,1.0,504.9349593495935,0.0,30205.27152054794,50.0,30255.27152054794,True
SKU0129,CZ,0.98,1.25,1.0,1.0,0.85,918.0,5.250015567570057,25.80540694533933,1.0,1.0,504.9349593495935,0.0,30205.27152054794,50.0,30255.27152054794,True
SKU0129,CZ,0.98,1.25,1.0,1.0,0.9,918.0,6.365937982591006,26.921329360360282,1.0,1.0,504.9349593495935,0.0,30205.27152054794,50.0,30255.27152054794,True
SKU0129,CZ,0.98,1.25,1.0,1.0,0.95,918.0,9.340927848030818,29.89631922580009,1.0,1.0,512.3983739837398,0.0,30651.733904109584,50.0,30701.733904109584,True
SKU0129,CZ,0.98,1.25,1.0,1.0,0.97,918.0,12.323496834117623,32.8788882118869,1.0,1.0,512.3983739837398,0.0,30651.733904109584,50.0,30701.733904109584,True
SKU0129,CZ,0.98,1.25,1.0,1.0,0.99,918.0,12.383662723424088,32.93905410119336,1.0,1.0,512.3983739837398,0.0,30651.733904109584,50.0,30701.733904109584,True
SKU0129,CZ,0.98,1.5,1.0,1.0,0.75,1101.0,1.2880441203686726,21.84343549813795,1.0,1.0,603.130081300813,0.0,36079.31582191781,50.0,36129.31582191781,True
SKU0129,CZ,0.98,1.5,1.0,1.0,0.8,1101.0,2.2994499092844576,22.854841287053734,1.0,1.0,603.130081300813,0.0,36079.31582191781,50.0,36129.31582191781,True
SKU0129,CZ,0.98,1.5,1.0,1.0,0.85,1101.0,5.250015567570057,25.80540694533933,1.0,1.0,603.130081300813,0.0,36079.31582191781,50.0,36129.31582191781,True
SKU0129,CZ,0.98,1.5,1.0,1.0,0.9,1101.0,6.365937982591006,26.921329360360282,1.0,1.0,603.130081300813,0.0,36079.31582191781,50.0,36129.31582191781,True
SKU0129,CZ,0.98,1.5,1.0,1.0,0.95,1101.0,9.340927848030818,29.89631922580009,1.0,1.0,612.0813008130082,0.0,36614.77887671233,50.0,36664.77887671233,True
SKU0129,CZ,0.98,1.5,1.0,1.0,0.97,1101.0,12.323496834117623,32.8788882118869,1.0,1.0,612.0813008130082,0.0,36614.77887671233,50.0,36664.77887671233,True
SKU0129,CZ,0.98,1.5,1.0,1.0,0.99,1101.0,12.383662723424088,32.93905410119336,1.0,1.0,612.0813008130082,0.0,36614.77887671233,50.0,36664.77887671233,True
SKU0130,BZ,0.98,0.5,1.0,1.0,0.75,201.0,0.0,41.03122264613887,1.0,1.0,191.77235772357724,0.0,14504.03501369863,50.0,14554.03501369863,True
SKU0130,BZ,0.98,0.5,1.0,1.0,0.8,201.0,0.48578630182746496,41.51700894796634,1.0,1.0,191.77235772357724,0.0,14504.03501369863,50.0,14554.03501369863,True
SKU0130,BZ,0.98,0.5,1.0,1.0,0.85,201.0,1.7999805315532305,42.8312031776921,1.0,1.0,193.40650406504065,0.0,14627.627986301371,50.0,14677.627986301371,True
SKU0130,BZ,0.98,0.5,1.0,1.0,0.9,201.0,3.7224928719307417,44.75371551806961,1.0,1.0,195.04065040650406,0.0,14751.220958904109,50.0,14801.220958904109,True
SKU0130,BZ,0.98,0.5,1.0,1.0,0.95,201.0,5.419491886727046,46.450714532865916,1.0,1.0,195.04065040650406,0.0,14751.220958904109,50.0,14801.220958904109,True
SKU0130,BZ,0.98,0.5,1.0,1.0,0.97,201.0,6.408717528402134,47.43994017454101,1.0,1.0,195.04065040650406,0.0,14751.220958904109,50.0,14801.220958904109,True
SKU0130,BZ,0.98,0.5,1.0,1.0,0.99,201.0,6.762837761728397,47.79406040786727,1.0,1.0,195.04065040650406,0.0,14751.220958904109,50.0,14801.220958904109,True
SKU0130,BZ,0.98,0.75,1.0,1.0,0.75,302.0,0.0,41.03122264613887,1.0,1.0,222.15447154471545,0.0,16801.880479452055,50.0,16851.880479452055,True
SKU0130,BZ,0.98,0.75,1.0,1.0,0.8,302.0,0.48578630182746496,41.51700894796634,1.0,1.0,222.15447154471545,0.0,16801.880479452055,50.0,16851.880479452055,True
SKU0130,BZ,0.98,0.75,1.0,1.0,0.85,302.0,1.7999805315532305,42.8312031776921,1.0,1.0,224.609756097561,0.0,16987.577383561646,50.0,17037.577383561646,True
SKU0130,BZ,0.98,0.75,1.0,1.0,0.9,302.0,3.7224928719307417,44.75371551806961,1.0,1.0,227.0650406504065,0.0,17173.274287671233,50.0,17223.274287671233,True
SKU0130,BZ,0.98,0.75,1.0,1.0,0.95,302.0,5.419491886727046,46.450714532865916,1.0,1.0,227.0650406504065,0.0,17173.274287671233,50.0,17223.274287671233,True
SKU0130,BZ,0.98,0.75,1.0,1.0,0.97,302.0,6.408717528402134,47.43994017454101,1.0,1.0,227.0650406504065,0.0,17173.274287671233,50.0,17223.274287671233,True
SKU0130,BZ,0.98,0.75,1.0,1.0,0.99,302.0,6.762837761728397,47.79406040786727,1.0,1.0,227.0650406504065,0.0,17173.274287671233,50.0,17223.274287671233,True
SKU0130,BZ,0.98,1.0,1.0,1.0,0.75,402.0,0.0,41.03122264613887,1.0,1.0,252.2357723577236,0.0,19076.975000000002,50.0,19126.975000000002,True
SKU0130,BZ,0.98,1.0,1.0,1.0,0.8,402.0,0.48578630182746496,41.51700894796634,1.0,1.0,252.2357723577236,0.0,19076.975000000002,50.0,19126.975000000002,True
SKU0130,BZ,0.98,1.0,1.0,1.0,0.85,402.0,1.7999805315532305,42.8312031776921,1.0,1.0,255.5040650406504,0.0,19324.16094520548,50.0,19374.16094520548,True
SKU0130,BZ,0.98,1.0,1.0,1.0,0.9,402.0,3.7224928719307417,44.75371551806961,1.0,1.0,258.7723577235772,0.0,19571.346890410958,50.0,19621.346890410958,True
SKU0130,BZ,0.98,1.0,1.0,1.0,0.95,402.0,5.419491886727046,46.450714532865916,1.0,1.0,258.7723577235772,0.0,19571.346890410958,50.0,19621.346890410958,True
SKU0130,BZ,0.98,1.0,1.0,1.0,0.97,402.0,6.408717528402134,47.43994017454101,1.0,1.0,258.7723577235772,0.0,19571.346890410958,50.0,19621.346890410958,True
SKU0130,BZ,0.98,1.0,1.0,1.0,0.99,402.0,6.762837761728397,47.79406040786727,1.0,1.0,258.7723577235772,0.0,19571.346890410958,50.0,19621.346890410958,True
SKU0130,BZ,0.98,1.25,1.0,1.0,0.75,503.0,0.0,41.03122264613887,1.0,1.0,282.6178861788618,0.0,21374.820465753426,50.0,21424.820465753426,True
SKU0130,BZ,0.98,1.25,1.0,1.0,0.8,503.0,0.48578630182746496,41.51700894796634,1.0,1.0,282.6178861788618,0.0,21374.820465753426,50.0,21424.820465753426,True
SKU0130,BZ,0.98,1.25,1.0,1.0,0.85,503.0,1.7999805315532305,42.8312031776921,1.0,1.0,286.7073170731707,0.0,21684.110342465752,50.0,21734.110342465752,True
SKU0130,BZ,0.98,1.25,1.0,1.0,0.9,503.0,3.7224928719307417,44.75371551806961,1.0,1.0,290.7967479674797,0.0,21993.400219178082,50.0,22043.400219178082,True
SKU0130,BZ,0.98,1.25,1.0,1.0,0.95,503.0,5.419491886727046,46.450714532865916,1.0,1.0,290.7967479674797,0.0,21993.400219178082,50.0,22043.400219178082,True
SKU0130,BZ,0.98,1.25,1.0,1.0,0.97,503.0,6.408717528402134,47.43994017454101,1.0,1.0,290.7967479674797,0.0,21993.400219178082,50.0,22043.400219178082,True
SKU0130,BZ,0.98,1.25,1.0,1.0,0.99,503.0,6.762837761728397,47.79406040786727,1.0,1.0,290.7967479674797,0.0,21993.400219178082,50.0,22043.400219178082,True
SKU0130,BZ,0.98,1.5,1.0,1.0,0.75,603.0,0.0,41.03122264613887,1.0,1.0,312.6991869918699,0.0,23649.91498630137,50.0,23699.91498630137,True
SKU0130,BZ,0.98,1.5,1.0,1.0,0.8,603.0,0.48578630182746496,41.51700894796634,1.0,1.0,312.6991869918699,0.0,23649.91498630137,50.0,23699.91498630137,True
SKU0130,BZ,0.98,1.5,1.0,1.0,0.85,603.0,1.7999805315532305,42.8312031776921,1.0,1.0,317.6016260162602,0.0,24020.693904109594,50.0,24070.693904109594,True
SKU0130,BZ,0.98,1.5,1.0,1.0,0.9,603.0,3.7224928719307417,44.75371551806961,1.0,1.0,322.5040650406504,0.0,24391.47282191781,50.0,24441.47282191781,True
SKU0130,BZ,0.98,1.5,1.0,1.0,0.95,603.0,5.419491886727046,46.450714532865916,1.0,1.0,322.5040650406504,0.0,24391.47282191781,50.0,24441.47282191781,True
SKU0130,BZ,0.98,1.5,1.0,1.0,0.97,603.0,6.408717528402134,47.43994017454101,1.0,1.0,322.5040650406504,0.0,24391.47282191781,50.0,24441.47282191781,True
SKU0130,BZ,0.98,1.5,1.0,1.0,0.99,603.0,6.762837761728397,47.79406040786727,1.0,1.0,322.5040650406504,0.0,24391.47282191781,50.0,24441.47282191781,True
SKU0131,BZ,0.98,0.5,1.0,1.0,0.75,361.0,1.8564643229912434,36.60358289132684,0.9986130374479889,0.6666666666666666,191.8130081300813,630.18,16407.4771369863,100.0,17137.6571369863,True
SKU0131,BZ,0.98,0.5,1.0,1.0,0.8,361.0,2.1939497991161083,36.941068367451706,0.9986130374479889,0.6666666666666666,191.8130081300813,630.18,16407.4771369863,100.0,17137.6571369863,True
SKU0131,BZ,0.98,0.5,1.0,1.0,0.85,361.0,3.8737935737426463,38.62091214207824,1.0,1.0,194.0650406504065,0.0,16600.113561643837,100.0,16700.113561643837,True
SKU0131,BZ,0.98,0.5,1.0,1.0,0.9,361.0,4.9696499768326685,39.716768545168264,1.0,1.0,197.0,0.0,16851.16680821918,100.0,16951.16680821918,True
SKU0131,BZ,0.98,0.5,1.0,1.0,0.95,361.0,7.899518022528327,42.64663659086392,1.0,1.0,199.9349593495935,0.0,17102.22005479452,100.0,17202.22005479452,True
SKU0131,BZ,0.98,0.5,1.0,1.0,0.97,361.0,8.415519818672529,43.16263838700812,1.0,1.0,199.9349593495935,0.0,17102.22005479452,100.0,17202.22005479452,True
SKU0131,BZ,0.98,0.5,1.0,1.0,0.99,361.0,9.910464029988795,44.65758259832439,1.0,1.0,202.869918699187,0.0,17353.273301369863,100.0,17453.273301369863,True
SKU0131,BZ,0.98,0.75,1.0,1.0,0.75,541.0,1.8564643229912434,36.60358289132684,0.9986130374479889,0.5,257.5121951219512,630.18,22027.314493150683,50.0,22707.494493150683,True
SKU0131,BZ,0.98,0.75,1.0,1.0,0.8,541.0,2.1939497991161083,36.941068367451706,0.9986130374479889,0.5,257.5121951219512,630.18,22027.314493150683,50.0,22707.494493150683,True
SKU0131,BZ,0.98,0.75,1.0,1.0,0.85,541.0,3.8737935737426463,38.62091214207824,1.0,1.0,261.2276422764228,0.0,22345.12982191781,50.0,22395.12982191781,True
SKU0131,BZ,0.98,0.75,1.0,1.0,0.9,541.0,4.9696499768326685,39.716768545168264,1.0,1.0,261.2276422764228,0.0,22345.12982191781,50.0,22395.12982191781,True
SKU0131,BZ,0.98,0.75,1.0,1.0,0.95,541.0,7.899518022528327,42.64663659086392,1.0,1.0,265.6260162601626,0.0,22721.36197260274,50.0,22771.36197260274,True
SKU0131,BZ,0.98,0.75,1.0,1.0,0.97,541.0,8.415519818672529,43.16263838700812,1.0,1.0,265.6260162601626,0.0,22721.36197260274,50.0,22771.36197260274,True
SKU0131,BZ,0.98,0.75,1.0,1.0,0.99,541.0,9.910464029988795,44.65758259832439,1.0,1.0,270.0243902439024,0.0,23097.594123287672,50.0,23147.594123287672,True
SKU0131,BZ,0.98,1.0,1.0,1.0,0.75,721.0,1.8564643229912434,36.60358289132684,0.9986130374479889,0.5,378.9756097560976,630.18,32417.163534246578,50.0,33097.343534246575,True
SKU0131,BZ,0.98,1.0,1.0,1.0,0.8,721.0,2.1939497991161083,36.941068367451706,0.9986130374479889,0.5,378.9756097560976,630.18,32417.163534246578,50.0,33097.343534246575,True
SKU0131,BZ,0.98,1.0,1.0,1.0,0.85,721.0,3.8737935737426463,38.62091214207824,1.0,1.0,384.1544715447154,0.0,32860.15776712329,50.0,32910.15776712329,True
SKU0131,BZ,0.98,1.0,1.0,1.0,0.9,721.0,4.9696499768326685,39.716768545168264,1.0,1.0,384.1544715447154,0.0,32860.15776712329,50.0,32910.15776712329,True
SKU0131,BZ,0.98,1.0,1.0,1.0,0.95,721.0,7.899518022528327,42.64663659086392,1.0,1.0,390.0162601626016,0.0,33361.56882191781,50.0,33411.56882191781,True
SKU0131,BZ,0.98,1.0,1.0,1.0,0.97,721.0,8.415519818672529,43.16263838700812,1.0,1.0,390.0162601626016,0.0,33361.56882191781,50.0,33411.56882191781,True
SKU0131,BZ,0.98,1.0,1.0,1.0,0.99,721.0,9.910464029988795,44.65758259832439,1.0,1.0,395.8780487804878,0.0,33862.97987671233,50.0,33912.97987671233,True
SKU0131,BZ,0.98,1.25,1.0,1.0,0.75,902.0,1.8564643229912434,36.60358289132684,0.9986130374479889,0.5,501.1138211382114,630.18,42864.73395890411,50.0,43544.91395890411,True
SKU0131,BZ,0.98,1.25,1.0,1.0,0.8,902.0,2.1939497991161083,36.941068367451706,0.9986130374479889,0.5,501.1138211382114,630.18,42864.73395890411,50.0,43544.91395890411,True
SKU0131,BZ,0.98,1.25,1.0,1.0,0.85,902.0,3.8737935737426463,38.62091214207824,1.0,1.0,507.7642276422764,0.0,43433.60253424657,50.0,43483.60253424657,True
SKU0131,BZ,0.98,1.25,1.0,1.0,0.9,902.0,4.9696499768326685,39.716768545168264,1.0,1.0,507.7642276422764,0.0,43433.60253424657,50.0,43483.60253424657,True
SKU0131,BZ,0.98,1.25,1.0,1.0,0.95,902.0,7.899518022528327,42.64663659086392,1.0,1.0,515.0975609756098,0.0,44060.887931506855,50.0,44110.887931506855,True
SKU0131,BZ,0.98,1.25,1.0,1.0,0.97,902.0,8.415519818672529,43.16263838700812,1.0,1.0,515.0975609756098,0.0,44060.887931506855,50.0,44110.887931506855,True
SKU0131,BZ,0.98,1.25,1.0,1.0,0.99,902.0,9.910464029988795,44.65758259832439,1.0,1.0,522.430894308943,0.0,44688.173328767116,50.0,44738.173328767116,True
SKU0131,BZ,0.98,1.5,1.0,1.0,0.75,1082.0,1.8564643229912434,36.60358289132684,0.9986130374479889,0.5,622.5772357723578,630.18,53254.583000000006,50.0,53934.763000000006,True
SKU0131,BZ,0.98,1.5,1.0,1.0,0.8,1082.0,2.1939497991161083,36.941068367451706,0.9986130374479889,0.5,622.5772357723578,630.18,53254.583000000006,50.0,53934.763000000006,True
SKU0131,BZ,0.98,1.5,1.0,1.0,0.85,1082.0,3.8737935737426463,38.62091214207824,1.0,1.0,630.6910569105692,0.0,53948.63047945206,50.0,53998.63047945206,True
SKU0131,BZ,0.98,1.5,1.0,1.0,0.9,1082.0,4.9696499768326685,39.716768545168264,1.0,1.0,630.6910569105692,0.0,53948.63047945206,50.0,53998.63047945206,True
SKU0131,BZ,0.98,1.5,1.0,1.0,0.95,1082.0,7.899518022528327,42.64663659086392,1.0,1.0,639.4878048780488,0.0,54701.09478082192,50.0,54751.09478082192,True
SKU0131,BZ,0.98,1.5,1.0,1.0,0.97,1082.0,8.415519818672529,43.16263838700812,1.0,1.0,639.4878048780488,0.0,54701.09478082192,50.0,54751.09478082192,True
SKU0131,BZ,0.98,1.5,1.0,1.0,0.99,1082.0,9.910464029988795,44.65758259832439,1.0,1.0,648.2845528455284,0.0,55453.55908219179,50.0,55503.55908219179,True
SKU0133,AY,0.97,0.5,1.0,1.0,0.75,276.0,2.277401816754953,42.388198242681504,1.0,1.0,191.6829268292683,0.0,15956.945897260273,200.0,16156.945897260273,True
SKU0133,AY,0.97,0.5,1.0,1.0,0.8,276.0,4.310667372569776,44.421463798496326,1.0,1.0,191.6829268292683,0.0,15956.945897260273,200.0,16156.945897260273,True
SKU0133,AY,0.97,0.5,1.0,1.0,0.85,276.0,5.567463178511911,45.678259604438466,1.0,1.0,191.6829268292683,0.0,15956.945897260273,200.0,16156.945897260273,True
SKU0133,AY,0.97,0.5,1.0,1.0,0.9,276.0,8.003583568939643,48.1143799948662,1.0,1.0,196.17073170731706,0.0,16330.540253424657,200.0,16530.540253424657,True
SKU0133,AY,0.97,0.5,1.0,1.0,0.95,276.0,10.930182108163788,51.04097853409034,1.0,1.0,196.17073170731706,0.0,16330.540253424657,200.0,16530.540253424657,True
SKU0133,AY,0.97,0.5,1.0,1.0,0.97,276.0,11.974900262963333,52.08569668888988,1.0,1.0,196.17073170731706,0.0,16330.540253424657,200.0,16530.540253424657,True
SKU0133,AY,0.97,0.5,1.0,1.0,0.99,276.0,16.623155129336048,56.7339515552626,1.0,1.0,202.90243902439025,0.0,16890.93178767123,200.0,17090.93178767123,True
SKU0133,AY,0.97,0.75,1.0,1.0,0.75,414.0,2.277401816754953,42.388198242681504,1.0,1.0,254.5121951219512,0.0,21187.266883561642,150.0,21337.266883561642,True
SKU0133,AY,0.97,0.75,1.0,1.0,0.8,414.0,4.310667372569776,44.421463798496326,1.0,1.0,254.5121951219512,0.0,21187.266883561642,150.0,21337.266883561642,True
SKU0133,AY,0.97,0.75,1.0,1.0,0.85,414.0,5.567463178511911,45.678259604438466,1.0,1.0,257.8780487804878,0.0,21467.46265068493,150.0,21617.46265068493,True
SKU0133,AY,0.97,0.75,1.0,1.0,0.9,414.0,8.003583568939643,48.1143799948662,1.0,1.0,261.2439024390244,0.0,21747.65841780822,150.0,21897.65841780822,True
SKU0133,AY,0.97,0.75,1.0,1.0,0.95,414.0,10.930182108163788,51.04097853409034,1.0,1.0,261.2439024390244,0.0,21747.65841780822,150.0,21897.65841780822,True
SKU0133,AY,0.97,0.75,1.0,1.0,0.97,414.0,11.974900262963333,52.08569668888988,1.0,1.0,261.2439024390244,0.0,21747.65841780822,150.0,21897.65841780822,True
SKU0133,AY,0.97,0.75,1.0,1.0,0.99,414.0,16.623155129336048,56.7339515552626,1.0,1.0,264.609756097561,0.0,22027.854184931508,150.0,22177.854184931508,True
SKU0133,AY,0.97,1.0,1.0,1.0,0.75,551.0,2.277401816754953,42.388198242681504,1.0,1.0,289.3739837398374,0.0,24089.391157534246,100.0,24189.391157534246,True
SKU0133,AY,0.97,1.0,1.0,1.0,0.8,551.0,4.310667372569776,44.421463798496326,1.0,1.0,289.3739837398374,0.0,24089.391157534246,100.0,24189.391157534246,True
SKU0133,AY,0.97,1.0,1.0,1.0,0.85,551.0,5.567463178511911,45.678259604438466,1.0,1.0,289.3739837398374,0.0,24089.391157534246,100.0,24189.391157534246,True
SKU0133,AY,0.97,1.0,1.0,1.0,0.9,551.0,8.003583568939643,48.1143799948662,1.0,1.0,293.8536585365854,0.0,24462.308712328766,100.0,24562.308712328766,True
SKU0133,AY,0.97,1.0,1.0,1.0,0.95,551.0,10.930182108163788,51.04097853409034,1.0,1.0,293.8536585365854,0.0,24462.308712328766,100.0,24562.308712328766,True
SKU0133,AY,0.97,1.0,1.0,1.0,0.97,551.0,11.974900262963333,52.08569668888988,1.0,1.0,293.8536585365854,0.0,24462.308712328766,100.0,24562.308712328766,True
SKU0133,AY,0.97,1.0,1.0,1.0,0.99,551.0,16.623155129336048,56.7339515552626,1.0,1.0,302.8130081300813,0.0,25208.14382191781,100.0,25308.14382191781,True
SKU0133,AY,0.97,1.25,1.0,1.0,0.75,689.0,2.277401816754953,42.388198242681504,1.0,1.0,365.7642276422764,0.0,30448.616828767124,100.0,30548.616828767124,True
SKU0133,AY,0.97,1.25,1.0,1.0,0.8,689.0,4.310667372569776,44.421463798496326,1.0,1.0,365.7642276422764,0.0,30448.616828767124,100.0,30548.616828767124,True
SKU0133,AY,0.97,1.25,1.0,1.0,0.85,689.0,5.567463178511911,45.678259604438466,1.0,1.0,365.7642276422764,0.0,30448.616828767124,100.0,30548.616828767124,True
SKU0133,AY,0.97,1.25,1.0,1.0,0.9,689.0,8.003583568939643,48.1143799948662,1.0,1.0,371.3658536585366,0.0,30914.93297260274,100.0,31014.93297260274,True
SKU0133,AY,0.97,1.25,1.0,1.0,0.95,689.0,10.930182108163788,51.04097853409034,1.0,1.0,376.9674796747967,0.0,31381.249116438354,100.0,31481.249116438354,True
SKU0133,AY,0.97,1.25,1.0,1.0,0.97,689.0,11.974900262963333,52.08569668888988,1.0,1.0,376.9674796747967,0.0,31381.249116438354,100.0,31481.249116438354,True
SKU0133,AY,0.97,1.25,1.0,1.0,0.99,689.0,16.623155129336048,56.7339515552626,1.0,1.0,382.5691056910569,0.0,31847.565260273972,100.0,31947.565260273972,True
SKU0133,AY,0.97,1.5,1.0,1.0,0.75,827.0,2.277401816754953,42.388198242681504,1.0,1.0,415.2276422764228,0.0,34566.276363013705,100.0,34666.276363013705,True
SKU0133,AY,0.97,1.5,1.0,1.0,0.8,827.0,4.310667372569776,44.421463798496326,1.0,1.0,415.2276422764228,0.0,34566.276363013705,100.0,34666.276363013705,True
SKU0133,AY,0.97,1.5,1.0,1.0,0.85,827.0,5.567463178511911,45.678259604438466,1.0,1.0,415.2276422764228,0.0,34566.276363013705,100.0,34666.276363013705,True
SKU0133,AY,0.97,1.5,1.0,1.0,0.9,827.0,8.003583568939643,48.1143799948662,1.0,1.0,421.9512195121951,0.0,35125.99109589041,100.0,35225.99109589041,True
SKU0133,AY,0.97,1.5,1.0,1.0,0.95,827.0,10.930182108163788,51.04097853409034,1.0,1.0,421.9512195121951,0.0,35125.99109589041,100.0,35225.99109589041,True
SKU0133,AY,0.97,1.5,1.0,1.0,0.97,827.0,11.974900262963333,52.08569668888988,1.0,1.0,421.9512195121951,0.0,35125.99109589041,100.0,35225.99109589041,True
SKU0133,AY,0.97,1.5,1.0,1.0,0.99,827.0,16.623155129336048,56.7339515552626,1.0,1.0,428.6747967479675,0.0,35685.705828767124,100.0,35785.705828767124,True
SKU0134,AX,0.97,0.5,1.0,1.0,0.75,263.0,8.761713172647768,137.45366100201548,0.9951028403525954,0.9166666666666666,145.8130081300813,4393.049999999999,5336.768082191781,550.0,10279.818082191781,True
SKU0134,AX,0.97,0.5,1.0,1.0,0.8,263.0,11.62633130574154,140.31827913510924,0.999347045380346,0.9166666666666666,148.9512195121951,585.7399999999999,5451.626876712328,550.0,6587.366876712328,True
SKU0134,AX,0.97,0.5,1.0,1.0,0.85,263.0,14.206851905286472,142.89879973465418,1.0,1.0,152.70731707317074,0.0,5589.100356164385,550.0,6139.100356164385,True
SKU0134,AX,0.97,0.5,1.0,1.0,0.9,263.0,18.311928663986833,147.00387649335454,1.0,1.0,154.84552845528455,0.0,5667.3590684931505,550.0,6217.3590684931505,True
SKU0134,AX,0.97,0.5,1.0,1.0,0.95,263.0,21.449827778395697,150.1417756077634,1.0,1.0,159.1219512195122,0.0,5823.876493150685,550.0,6373.876493150685,True
SKU0134,AX,0.97,0.5,1.0,1.0,0.97,263.0,22.77946433827972,151.47141216764743,1.0,1.0,161.260162601626,0.0,5902.1352054794515,550.0,6452.1352054794515,True
SKU0134,AX,0.97,0.5,1.0,1.0,0.99,263.0,24.25832649089581,152.95027432026353,1.0,1.0,163.39837398373984,0.0,5980.393917808219,550.0,6530.393917808219,True
SKU0134,AX,0.97,0.75,1.0,1.0,0.75,394.0,8.761713172647768,137.45366100201548,0.999347045380346,0.875,215.1869918699187,585.7399999999999,7875.861589041096,400.0,8861.601589041094,True
SKU0134,AX,0.97,0.75,1.0,1.0,0.8,394.0,11.62633130574154,140.31827913510924,0.999347045380346,0.875,215.1869918699187,585.7399999999999,7875.861589041096,400.0,8861.601589041094,True
SKU0134,AX,0.97,0.75,1.0,1.0,0.85,394.0,14.206851905286472,142.89879973465418,0.999347045380346,0.875,215.1869918699187,585.7399999999999,7875.861589041096,400.0,8861.601589041094,True
SKU0134,AX,0.97,0.75,1.0,1.0,0.9,394.0,18.311928663986833,147.00387649335454,0.999347045380346,0.875,218.390243902439,585.7399999999999,7993.100876712328,400.0,8978.840876712327,True
SKU0134,AX,0.97,0.75,1.0,1.0,0.95,394.0,21.449827778395697,150.1417756077634,1.0,1.0,221.2520325203252,0.0,8097.842575342465,400.0,8497.842575342465,True
SKU0134,AX,0.97,0.75,1.0,1.0,0.97,394.0,22.77946433827972,151.47141216764743,1.0,1.0,221.2520325203252,0.0,8097.842575342465,400.0,8497.842575342465,True
SKU0134,AX,0.97,0.75,1.0,1.0,0.99,394.0,24.25832649089581,152.95027432026353,1.0,1.0,221.2520325203252,0.0,8097.842575342465,400.0,8497.842575342465,True
SKU0134,AX,0.97,1.0,1.0,1.0,0.75,525.0,8.761713172647768,137.45366100201548,0.9937969311132876,0.7142857142857143,259.9918699186992,5564.529999999999,9515.723808219178,300.0,15380.253808219177,True
SKU0134,AX,0.97,1.0,1.0,1.0,0.8,525.0,11.62633130574154,140.31827913510924,0.9980411361410382,0.7142857142857143,265.2520325203252,1757.2199999999998,9708.246191780821,300.0,11765.46619178082,True
SKU0134,AX,0.97,1.0,1.0,1.0,0.85,525.0,14.206851905286472,142.89879973465418,0.999347045380346,0.8571428571428571,272.7479674796748,585.7399999999999,9982.598027397262,300.0,10868.338027397262,True
SKU0134,AX,0.97,1.0,1.0,1.0,0.9,525.0,18.311928663986833,147.00387649335454,1.0,1.0,280.0,0.0,10248.02301369863,300.0,10548.02301369863,True
SKU0134,AX,0.97,1.0,1.0,1.0,0.95,525.0,21.449827778395697,150.1417756077634,1.0,1.0,280.0,0.0,10248.02301369863,300.0,10548.02301369863,True
SKU0134,AX,0.97,1.0,1.0,1.0,0.97,525.0,22.77946433827972,151.47141216764743,1.0,1.0,280.0,0.0,10248.02301369863,300.0,10548.02301369863,True
SKU0134,AX,0.97,1.0,1.0,1.0,0.99,525.0,24.25832649089581,152.95027432026353,1.0,1.0,284.2682926829268,0.0,10404.242876712327,300.0,10704.242876712327,True
SKU0134,AX,0.97,1.25,1.0,1.0,0.75,657.0,8.761713172647768,137.45366100201548,1.0,1.0,331.0243902439024,0.0,12115.519890410958,250.0,12365.519890410958,True
SKU0134,AX,0.97,1.25,1.0,1.0,0.8,657.0,11.62633130574154,140.31827913510924,1.0,1.0,336.3658536585366,0.0,12311.01789041096,250.0,12561.01789041096,True
SKU0134,AX,0.97,1.25,1.0,1.0,0.85,657.0,14.206851905286472,142.89879973465418,1.0,1.0,336.3658536585366,0.0,12311.01789041096,250.0,12561.01789041096,True
SKU0134,AX,0.97,1.25,1.0,1.0,0.9,657.0,18.311928663986833,147.00387649335454,1.0,1.0,347.0487804878049,0.0,12702.013890410959,250.0,12952.013890410959,True
SKU0134,AX,0.97,1.25,1.0,1.0,0.95,657.0,21.449827778395697,150.1417756077634,1.0,1.0,347.0487804878049,0.0,12702.013890410959,250.0,12952.013890410959,True
SKU0134,AX,0.97,1.25,1.0,1.0,0.97,657.0,22.77946433827972,151.47141216764743,1.0,1.0,347.0487804878049,0.0,12702.013890410959,250.0,12952.013890410959,True
SKU0134,AX,0.97,1.25,1.0,1.0,0.99,657.0,24.25832649089581,152.95027432026353,1.0,1.0,347.0487804878049,0.0,12702.013890410959,250.0,12952.013890410959,True
SKU0134,AX,0.97,1.5,1.0,1.0,0.75,788.0,8.761713172647768,137.45366100201548,0.999347045380346,0.8,420.1951219512195,585.7399999999999,15379.176000000001,200.0,16164.916000000001,True
SKU0134,AX,0.97,1.5,1.0,1.0,0.8,788.0,11.62633130574154,140.31827913510924,0.999347045380346,0.8,420.1951219512195,585.7399999999999,15379.176000000001,200.0,16164.916000000001,True
SKU0134,AX,0.97,1.5,1.0,1.0,0.85,788.0,14.206851905286472,142.89879973465418,0.999347045380346,0.8,420.1951219512195,585.7399999999999,15379.176000000001,200.0,16164.916000000001,True
SKU0134,AX,0.97,1.5,1.0,1.0,0.9,788.0,18.311928663986833,147.00387649335454,0.999347045380346,0.8,420.1951219512195,585.7399999999999,15379.176000000001,200.0,16164.916000000001,True
SKU0134,AX,0.97,1.5,1.0,1.0,0.95,788.0,21.449827778395697,150.1417756077634,1.0,1.0,426.260162601626,0.0,15601.156986301368,200.0,15801.156986301368,True
SKU0134,AX,0.97,1.5,1.0,1.0,0.97,788.0,22.77946433827972,151.47141216764743,1.0,1.0,426.260162601626,0.0,15601.156986301368,200.0,15801.156986301368,True
SKU0134,AX,0.97,1.5,1.0,1.0,0.99,788.0,24.25832649089581,152.95027432026353,1.0,1.0,426.260162601626,0.0,15601.156986301368,200.0,15801.156986301368,True
SKU0136,AY,0.97,0.5,1.0,1.0,0.75,303.0,6.418699169955027,111.12890159616575,0.9976057462090981,0.875,188.02439024390245,3639.12,16404.171184931507,350.0,20393.291184931506,True
SKU0136,AY,0.97,0.5,1.0,1.0,0.8,303.0,8.959245906050771,113.66944833226148,0.9976057462090981,0.875,188.02439024390245,3639.12,16404.171184931507,350.0,20393.291184931506,True
SKU0136,AY,0.97,0.5,1.0,1.0,0.85,303.0,10.78728630882439,115.4974887350351,0.9976057462090981,0.875,188.02439024390245,3639.12,16404.171184931507,350.0,20393.291184931506,True
SKU0136,AY,0.97,0.5,1.0,1.0,0.9,303.0,18.42080133540521,123.13100376161591,0.9976057462090981,0.875,195.41463414634146,3639.12,17048.932356164383,350.0,21038.052356164382,True
SKU0136,AY,0.97,0.5,1.0,1.0,0.95,303.0,23.125570781268053,127.83577320747877,0.9976057462090981,0.875,200.34146341463415,3639.12,17478.7731369863,350.0,21467.8931369863,True
SKU0136,AY,0.97,0.5,1.0,1.0,0.97,303.0,27.905389033726475,132.61559145993718,0.9976057462090981,0.875,202.8048780487805,3639.12,17693.69352739726,350.0,21682.81352739726,True
SKU0136,AY,0.97,0.5,1.0,1.0,0.99,303.0,32.68794802710585,137.39815045331656,0.9976057462090981,0.875,207.73170731707316,3639.12,18123.534308219176,350.0,22112.654308219175,True
SKU0136,AY,0.97,0.75,1.0,1.0,0.75,454.0,6.418699169955027,111.12890159616575,0.9968076616121309,0.8333333333333334,255.95934959349594,4852.16,22331.15066438356,250.0,27433.31066438356,True
SKU0136,AY,0.97,0.75,1.0,1.0,0.8,454.0,8.959245906050771,113.66944833226148,0.9968076616121309,0.8333333333333334,255.95934959349594,4852.16,22331.15066438356,250.0,27433.31066438356,True
SKU0136,AY,0.97,0.75,1.0,1.0,0.85,454.0,10.78728630882439,115.4974887350351,0.9968076616121309,0.8333333333333334,255.95934959349594,4852.16,22331.15066438356,250.0,27433.31066438356,True
SKU0136,AY,0.97,0.75,1.0,1.0,0.9,454.0,18.42080133540521,123.13100376161591,0.9968076616121309,0.8333333333333334,255.95934959349594,4852.16,22331.15066438356,250.0,27433.31066438356,True
SKU0136,AY,0.97,0.75,1.0,1.0,0.95,454.0,23.125570781268053,127.83577320747877,0.9968076616121309,0.8333333333333334,255.95934959349594,4852.16,22331.15066438356,250.0,27433.31066438356,True
SKU0136,AY,0.97,0.75,1.0,1.0,0.97,454.0,27.905389033726475,132.61559145993718,0.9968076616121309,0.8333333333333334,263.3414634146341,4852.16,22975.202527397258,250.0,28077.362527397258,True
SKU0136,AY,0.97,0.75,1.0,1.0,0.99,454.0,32.68794802710585,137.39815045331656,0.9968076616121309,0.8333333333333334,267.0325203252033,4852.16,23297.22845890411,250.0,28399.388458904108,True
SKU0136,AY,0.97,1.0,1.0,1.0,0.75,605.0,6.418699169955027,111.12890159616575,0.9964086193136472,0.8,314.4634146341463,5458.68,27435.332609589033,200.0,33094.01260958903,True
SKU0136,AY,0.97,1.0,1.0,1.0,0.8,605.0,8.959245906050771,113.66944833226148,0.9964086193136472,0.8,314.4634146341463,5458.68,27435.332609589033,200.0,33094.01260958903,True
SKU0136,AY,0.97,1.0,1.0,1.0,0.85,605.0,10.78728630882439,115.4974887350351,0.9964086193136472,0.8,314.4634146341463,5458.68,27435.332609589033,200.0,33094.01260958903,True
SKU0136,AY,0.97,1.0,1.0,1.0,0.9,605.0,18.42080133540521,123.13100376161591,0.9964086193136472,0.8,319.3821138211382,5458.68,27864.46408219178,200.0,33523.14408219178,True
SKU0136,AY,0.97,1.0,1.0,1.0,0.95,605.0,23.125570781268053,127.83577320747877,0.9964086193136472,0.8,324.3008130081301,5458.68,28293.595554794523,200.0,33952.27555479453,True
SKU0136,AY,0.97,1.0,1.0,1.0,0.97,605.0,27.905389033726475,132.61559145993718,0.9964086193136472,0.8,324.3008130081301,5458.68,28293.595554794523,200.0,33952.27555479453,True
SKU0136,AY,0.97,1.0,1.0,1.0,0.99,605.0,32.68794802710585,137.39815045331656,0.9964086193136472,0.8,324.3008130081301,5458.68,28293.595554794523,200.0,33952.27555479453,True
SKU0136,AY,0.97,1.25,1.0,1.0,0.75,757.0,6.418699169955027,111.12890159616575,1.0,1.0,393.650406504065,0.0,34343.99466438356,150.0,34493.99466438356,True
SKU0136,AY,0.97,1.25,1.0,1.0,0.8,757.0,8.959245906050771,113.66944833226148,1.0,1.0,393.650406504065,0.0,34343.99466438356,150.0,34493.99466438356,True
SKU0136,AY,0.97,1.25,1.0,1.0,0.85,757.0,10.78728630882439,115.4974887350351,1.0,1.0,393.650406504065,0.0,34343.99466438356,150.0,34493.99466438356,True
SKU0136,AY,0.97,1.25,1.0,1.0,0.9,757.0,18.42080133540521,123.13100376161591,1.0,1.0,405.9593495934959,0.0,35417.88730821918,150.0,35567.88730821918,True
SKU0136,AY,0.97,1.25,1.0,1.0,0.95,757.0,23.125570781268053,127.83577320747877,1.0,1.0,412.1138211382114,0.0,35954.833630136985,150.0,36104.833630136985,True
SKU0136,AY,0.97,1.25,1.0,1.0,0.97,757.0,27.905389033726475,132.61559145993718,1.0,1.0,412.1138211382114,0.0,35954.833630136985,150.0,36104.833630136985,True
SKU0136,AY,0.97,1.25,1.0,1.0,0.99,757.0,32.68794802710585,137.39815045331656,1.0,1.0,418.2682926829268,0.0,36491.77995205479,150.0,36641.77995205479,True
SKU0136,AY,0.97,1.5,1.0,1.0,0.75,908.0,6.418699169955027,111.12890159616575,0.9968076616121309,0.75,447.8943089430894,4852.16,39076.49910273973,150.0,44078.65910273972,True
SKU0136,AY,0.97,1.5,1.0,1.0,0.8,908.0,8.959245906050771,113.66944833226148,0.9968076616121309,0.75,447.8943089430894,4852.16,39076.49910273973,150.0,44078.65910273972,True
SKU0136,AY,0.97,1.5,1.0,1.0,0.85,908.0,10.78728630882439,115.4974887350351,0.9968076616121309,0.75,447.8943089430894,4852.16,39076.49910273973,150.0,44078.65910273972,True
SKU0136,AY,0.97,1.5,1.0,1.0,0.9,908.0,18.42080133540521,123.13100376161591,0.9968076616121309,0.75,447.8943089430894,4852.16,39076.49910273973,150.0,44078.65910273972,True
SKU0136,AY,0.97,1.5,1.0,1.0,0.95,908.0,23.125570781268053,127.83577320747877,0.9968076616121309,0.75,447.8943089430894,4852.16,39076.49910273973,150.0,44078.65910273972,True
SKU0136,AY,0.97,1.5,1.0,1.0,0.97,908.0,27.905389033726475,132.61559145993718,0.9968076616121309,0.75,455.2764227642276,4852.16,39720.55096575342,150.0,44722.71096575342,True
SKU0136,AY,0.97,1.5,1.0,1.0,0.99,908.0,32.68794802710585,137.39815045331656,0.9968076616121309,0.75,455.2764227642276,4852.16,39720.55096575342,150.0,44722.71096575342,True
SKU0137,AY,0.97,0.5,1.0,1.0,0.75,199.0,0.0,62.35499500394244,0.9907407407407407,0.8,106.45528455284553,7856.19,8346.169410958904,250.0,16452.359410958903,True
SKU0137,AY,0.97,0.5,1.0,1.0,0.8,199.0,0.0,62.35499500394244,0.9907407407407407,0.8,106.45528455284553,7856.19,8346.169410958904,250.0,16452.359410958903,True
SKU0137,AY,0.97,0.5,1.0,1.0,0.85,199.0,0.0,62.35499500394244,0.9907407407407407,0.8,106.45528455284553,7856.19,8346.169410958904,250.0,16452.359410958903,True
SKU0137,AY,0.97,0.5,1.0,1.0,0.9,199.0,0.4353720138413213,62.790367017783765,0.9907407407407407,0.8,106.45528455284553,7856.19,8346.169410958904,250.0,16452.359410958903,True
SKU0137,AY,0.97,0.5,1.0,1.0,0.95,199.0,6.0419839603484515,68.3969789642909,1.0,1.0,108.55284552845528,0.0,8510.619671232876,250.0,8760.619671232876,True
SKU0137,AY,0.97,0.5,1.0,1.0,0.97,199.0,9.236060322393168,71.5910553263356,1.0,1.0,111.78861788617886,0.0,8764.306506849314,250.0,9014.306506849314,True
SKU0137,AY,0.97,0.5,1.0,1.0,0.99,199.0,15.790973165849833,78.14596816979227,1.0,1.0,115.02439024390245,0.0,9017.993342465754,250.0,9267.993342465754,True
SKU0137,AY,0.97,0.75,1.0,1.0,0.75,298.0,0.0,62.35499500394244,0.9907407407407407,0.75,159.01626016260164,7856.19,12466.986979452056,150.0,20473.176979452055,True
SKU0137,AY,0.97,0.75,1.0,1.0,0.8,298.0,0.0,62.35499500394244,0.9907407407407407,0.75,159.01626016260164,7856.19,12466.986979452056,150.0,20473.176979452055,True
SKU0137,AY,0.97,0.75,1.0,1.0,0.85,298.0,0.0,62.35499500394244,0.9907407407407407,0.75,159.01626016260164,7856.19,12466.986979452056,150.0,20473.176979452055,True
SKU0137,AY,0.97,0.75,1.0,1.0,0.9,298.0,0.4353720138413213,62.790367017783765,0.9907407407407407,0.75,159.01626016260164,7856.19,12466.986979452056,150.0,20473.176979452055,True
SKU0137,AY,0.97,0.75,1.0,1.0,0.95,298.0,6.0419839603484515,68.3969789642909,1.0,1.0,165.9430894308943,0.0,13010.055280821918,150.0,13160.055280821918,True
SKU0137,AY,0.97,0.75,1.0,1.0,0.97,298.0,9.236060322393168,71.5910553263356,1.0,1.0,165.9430894308943,0.0,13010.055280821918,150.0,13160.055280821918,True
SKU0137,AY,0.97,0.75,1.0,1.0,0.99,298.0,15.790973165849833,78.14596816979227,1.0,1.0,170.78861788617886,0.0,13389.948130136985,150.0,13539.948130136985,True
SKU0137,AY,0.97,1.0,1.0,1.0,0.75,397.0,0.0,62.35499500394244,0.9907407407407407,0.6666666666666666,184.4227642276423,7856.19,14458.87482191781,150.0,22465.06482191781,True
SKU0137,AY,0.97,1.0,1.0,1.0,0.8,397.0,0.0,62.35499500394244,0.9907407407407407,0.6666666666666666,184.4227642276423,7856.19,14458.87482191781,150.0,22465.06482191781,True
SKU0137,AY,0.97,1.0,1.0,1.0,0.85,397.0,0.0,62.35499500394244,0.9907407407407407,0.6666666666666666,184.4227642276423,7856.19,14458.87482191781,150.0,22465.06482191781,True
SKU0137,AY,0.97,1.0,1.0,1.0,0.9,397.0,0.4353720138413213,62.790367017783765,0.9907407407407407,0.6666666666666666,184.4227642276423,7856.19,14458.87482191781,150.0,22465.06482191781,True
SKU0137,AY,0.97,1.0,1.0,1.0,0.95,397.0,6.0419839603484515,68.3969789642909,1.0,1.0,186.4959349593496,0.0,14621.412869863014,150.0,14771.412869863014,True
SKU0137,AY,0.97,1.0,1.0,1.0,0.97,397.0,9.236060322393168,71.5910553263356,1.0,1.0,186.4959349593496,0.0,14621.412869863014,150.0,14771.412869863014,True
SKU0137,AY,0.97,1.0,1.0,1.0,0.99,397.0,15.790973165849833,78.14596816979227,1.0,1.0,196.1788617886179,0.0,15380.561164383564,150.0,15530.561164383564,True
SKU0137,AY,0.97,1.25,1.0,1.0,0.75,497.0,0.0,62.35499500394244,0.9907407407407407,0.6666666666666666,254.70731707317074,7856.19,19969.23334931507,100.0,27925.423349315068,True
SKU0137,AY,0.97,1.25,1.0,1.0,0.8,497.0,0.0,62.35499500394244,0.9907407407407407,0.6666666666666666,254.70731707317074,7856.19,19969.23334931507,100.0,27925.423349315068,True
SKU0137,AY,0.97,1.25,1.0,1.0,0.85,497.0,0.0,62.35499500394244,0.9907407407407407,0.6666666666666666,254.70731707317074,7856.19,19969.23334931507,100.0,27925.423349315068,True
SKU0137,AY,0.97,1.25,1.0,1.0,0.9,497.0,0.4353720138413213,62.790367017783765,0.9907407407407407,0.6666666666666666,254.70731707317074,7856.19,19969.23334931507,100.0,27925.423349315068,True
SKU0137,AY,0.97,1.25,1.0,1.0,0.95,497.0,6.0419839603484515,68.3969789642909,1.0,1.0,263.260162601626,0.0,20639.78247260274,100.0,20739.78247260274,True
SKU0137,AY,0.97,1.25,1.0,1.0,0.97,497.0,9.236060322393168,71.5910553263356,1.0,1.0,263.260162601626,0.0,20639.78247260274,100.0,20739.78247260274,True
SKU0137,AY,0.97,1.25,1.0,1.0,0.99,497.0,15.790973165849833,78.14596816979227,1.0,1.0,271.3414634146341,0.0,21273.362157534244,100.0,21373.362157534244,True
SKU0137,AY,0.97,1.5,1.0,1.0,0.75,596.0,0.0,62.35499500394244,0.9907407407407407,0.6666666666666666,309.2276422764228,7856.19,24243.665308219177,100.0,32199.855308219176,True
SKU0137,AY,0.97,1.5,1.0,1.0,0.8,596.0,0.0,62.35499500394244,0.9907407407407407,0.6666666666666666,309.2276422764228,7856.19,24243.665308219177,100.0,32199.855308219176,True
SKU0137,AY,0.97,1.5,1.0,1.0,0.85,596.0,0.0,62.35499500394244,0.9907407407407407,0.6666666666666666,309.2276422764228,7856.19,24243.665308219177,100.0,32199.855308219176,True
SKU0137,AY,0.97,1.5,1.0,1.0,0.9,596.0,0.4353720138413213,62.790367017783765,0.9907407407407407,0.6666666666666666,309.2276422764228,7856.19,24243.665308219177,100.0,32199.855308219176,True
SKU0137,AY,0.97,1.5,1.0,1.0,0.95,596.0,6.0419839603484515,68.3969789642909,1.0,1.0,321.0,0.0,25166.62645890411,100.0,25266.62645890411,True
SKU0137,AY,0.97,1.5,1.0,1.0,0.97,596.0,9.236060322393168,71.5910553263356,1.0,1.0,321.0,0.0,25166.62645890411,100.0,25266.62645890411,True
SKU0137,AY,0.97,1.5,1.0,1.0,0.99,596.0,15.790973165849833,78.14596816979227,1.0,1.0,325.8455284552846,0.0,25546.51930821918,100.0,25646.51930821918,True
SKU0139,BZ,0.98,0.5,1.0,1.0,0.75,293.0,1.0696479355093271,35.57035907779733,1.0,1.0,150.2520325203252,0.0,8173.665287671233,100.0,8273.665287671232,True
SKU0139,BZ,0.98,0.5,1.0,1.0,0.8,293.0,3.3010599336580158,37.801771075946014,1.0,1.0,152.6341463414634,0.0,8303.251561643836,100.0,8403.251561643836,True
SKU0139,BZ,0.98,0.5,1.0,1.0,0.85,293.0,5.605159936880764,40.105871079168764,1.0,1.0,155.01626016260164,0.0,8432.83783561644,100.0,8532.83783561644,True
SKU0139,BZ,0.98,0.5,1.0,1.0,0.9,293.0,7.555235362821881,42.05594650510988,1.0,1.0,157.39837398373984,0.0,8562.424109589043,100.0,8662.424109589043,True
SKU0139,BZ,0.98,0.5,1.0,1.0,0.95,293.0,9.363716873356141,43.86442801564414,1.0,1.0,157.39837398373984,0.0,8562.424109589043,100.0,8662.424109589043,True
SKU0139,BZ,0.98,0.5,1.0,1.0,0.97,293.0,11.83906902678968,46.33978016907768,1.0,1.0,157.39837398373984,0.0,8562.424109589043,100.0,8662.424109589043,True
SKU0139,BZ,0.98,0.5,1.0,1.0,0.99,293.0,15.39866963629235,49.89938077858035,1.0,1.0,162.16260162601625,0.0,8821.596657534246,100.0,8921.596657534246,True
SKU0139,BZ,0.98,0.75,1.0,1.0,0.75,439.0,1.0696479355093271,35.57035907779733,1.0,1.0,209.3658536585366,0.0,11389.439342465754,100.0,11489.439342465754,True
SKU0139,BZ,0.98,0.75,1.0,1.0,0.8,439.0,3.3010599336580158,37.801771075946014,1.0,1.0,216.5040650406504,0.0,11777.75589041096,100.0,11877.75589041096,True
SKU0139,BZ,0.98,0.75,1.0,1.0,0.85,439.0,5.605159936880764,40.105871079168764,1.0,1.0,220.0731707317073,0.0,11971.914164383561,100.0,12071.914164383561,True
SKU0139,BZ,0.98,0.75,1.0,1.0,0.9,439.0,7.555235362821881,42.05594650510988,1.0,1.0,220.0731707317073,0.0,11971.914164383561,100.0,12071.914164383561,True
SKU0139,BZ,0.98,0.75,1.0,1.0,0.95,439.0,9.363716873356141,43.86442801564414,1.0,1.0,220.0731707317073,0.0,11971.914164383561,100.0,12071.914164383561,True
SKU0139,BZ,0.98,0.75,1.0,1.0,0.97,439.0,11.83906902678968,46.33978016907768,1.0,1.0,227.21138211382114,0.0,12360.230712328766,100.0,12460.230712328766,True
SKU0139,BZ,0.98,0.75,1.0,1.0,0.99,439.0,15.39866963629235,49.89938077858035,1.0,1.0,234.34959349593495,0.0,12748.547260273972,100.0,12848.547260273972,True
SKU0139,BZ,0.98,1.0,1.0,1.0,0.75,585.0,1.0696479355093271,35.57035907779733,1.0,1.0,256.7073170731707,0.0,13964.800684931506,50.0,14014.800684931506,True
SKU0139,BZ,0.98,1.0,1.0,1.0,0.8,585.0,3.3010599336580158,37.801771075946014,1.0,1.0,261.4634146341463,0.0,14223.53095890411,50.0,14273.53095890411,True
SKU0139,BZ,0.98,1.0,1.0,1.0,0.85,585.0,5.605159936880764,40.105871079168764,1.0,1.0,266.219512195122,0.0,14482.261232876714,50.0,14532.261232876714,True
SKU0139,BZ,0.98,1.0,1.0,1.0,0.9,585.0,7.555235362821881,42.05594650510988,1.0,1.0,266.219512195122,0.0,14482.261232876714,50.0,14532.261232876714,True
SKU0139,BZ,0.98,1.0,1.0,1.0,0.95,585.0,9.363716873356141,43.86442801564414,1.0,1.0,266.219512195122,0.0,14482.261232876714,50.0,14532.261232876714,True
SKU0139,BZ,0.98,1.0,1.0,1.0,0.97,585.0,11.83906902678968,46.33978016907768,1.0,1.0,266.219512195122,0.0,14482.261232876714,50.0,14532.261232876714,True
SKU0139,BZ,0.98,1.0,1.0,1.0,0.99,585.0,15.39866963629235,49.89938077858035,1.0,1.0,270.9756097560976,0.0,14740.991506849317,50.0,14790.991506849317,True
SKU0139,BZ,0.98,1.25,1.0,1.0,0.75,732.0,1.0696479355093271,35.57035907779733,1.0,1.0,365.4634146341463,0.0,19881.099616438358,50.0,19931.099616438358,True
SKU0139,BZ,0.98,1.25,1.0,1.0,0.8,732.0,3.3010599336580158,37.801771075946014,1.0,1.0,371.4146341463415,0.0,20204.84416438356,50.0,20254.84416438356,True
SKU0139,BZ,0.98,1.25,1.0,1.0,0.85,732.0,5.605159936880764,40.105871079168764,1.0,1.0,377.3658536585366,0.0,20528.58871232877,50.0,20578.58871232877,True
SKU0139,BZ,0.98,1.25,1.0,1.0,0.9,732.0,7.555235362821881,42.05594650510988,1.0,1.0,377.3658536585366,0.0,20528.58871232877,50.0,20578.58871232877,True
SKU0139,BZ,0.98,1.25,1.0,1.0,0.95,732.0,9.363716873356141,43.86442801564414,1.0,1.0,377.3658536585366,0.0,20528.58871232877,50.0,20578.58871232877,True
SKU0139,BZ,0.98,1.25,1.0,1.0,0.97,732.0,11.83906902678968,46.33978016907768,1.0,1.0,377.3658536585366,0.0,20528.58871232877,50.0,20578.58871232877,True
SKU0139,BZ,0.98,1.25,1.0,1.0,0.99,732.0,15.39866963629235,49.89938077858035,1.0,1.0,383.3170731707317,0.0,20852.333260273972,50.0,20902.333260273972,True
SKU0139,BZ,0.98,1.5,1.0,1.0,0.75,878.0,1.0696479355093271,35.57035907779733,1.0,1.0,473.479674796748,0.0,25757.15161643836,50.0,25807.15161643836,True
SKU0139,BZ,0.98,1.5,1.0,1.0,0.8,878.0,3.3010599336580158,37.801771075946014,1.0,1.0,480.6178861788618,0.0,26145.468164383565,50.0,26195.468164383565,True
SKU0139,BZ,0.98,1.5,1.0,1.0,0.85,878.0,5.605159936880764,40.105871079168764,1.0,1.0,487.7560975609756,0.0,26533.78471232877,50.0,26583.78471232877,True
SKU0139,BZ,0.98,1.5,1.0,1.0,0.9,878.0,7.555235362821881,42.05594650510988,1.0,1.0,487.7560975609756,0.0,26533.78471232877,50.0,26583.78471232877,True
SKU0139,BZ,0.98,1.5,1.0,1.0,0.95,878.0,9.363716873356141,43.86442801564414,1.0,1.0,487.7560975609756,0.0,26533.78471232877,50.0,26583.78471232877,True
SKU0139,BZ,0.98,1.5,1.0,1.0,0.97,878.0,11.83906902678968,46.33978016907768,1.0,1.0,487.7560975609756,0.0,26533.78471232877,50.0,26583.78471232877,True
SKU0139,BZ,0.98,1.5,1.0,1.0,0.99,878.0,15.39866963629235,49.89938077858035,1.0,1.0,494.8943089430894,0.0,26922.101260273976,50.0,26972.101260273976,True
SKU0142,AX,0.97,0.5,1.0,1.0,0.75,367.0,6.0693688481660155,106.91611914844158,0.9991550485847064,0.8571428571428571,199.65853658536585,1499.6000000000001,13210.017328767122,300.0,15009.617328767123,True
SKU0142,AX,0.97,0.5,1.0,1.0,0.8,367.0,8.024933322957773,108.87168362323334,1.0,1.0,202.17073170731706,0.0,13376.231815068493,300.0,13676.231815068493,True
SKU0142,AX,0.97,0.5,1.0,1.0,0.85,367.0,12.079212383396381,112.92596268367194,1.0,1.0,205.15447154471545,0.0,13573.645136986303,300.0,13873.645136986303,True
SKU0142,AX,0.97,0.5,1.0,1.0,0.9,367.0,16.096625626796563,116.94337592707213,1.0,1.0,211.1219512195122,0.0,13968.471780821917,300.0,14268.471780821917,True
SKU0142,AX,0.97,0.5,1.0,1.0,0.95,367.0,19.84319445139579,120.68994475167135,1.0,1.0,211.1219512195122,0.0,13968.471780821917,300.0,14268.471780821917,True
SKU0142,AX,0.97,0.5,1.0,1.0,0.97,367.0,20.05728742068143,120.90403772095699,1.0,1.0,211.1219512195122,0.0,13968.471780821917,300.0,14268.471780821917,True
SKU0142,AX,0.97,0.5,1.0,1.0,0.99,367.0,28.469968181169477,129.31671848144504,1.0,1.0,223.0569105691057,0.0,14758.125068493151,300.0,15058.125068493151,True
SKU0142,AX,0.97,0.75,1.0,1.0,0.75,551.0,6.0693688481660155,106.91611914844158,1.0,1.0,301.6666666666667,0.0,19959.18613013699,200.0,20159.18613013699,True
SKU0142,AX,0.97,0.75,1.0,1.0,0.8,551.0,8.024933322957773,108.87168362323334,1.0,1.0,306.1463414634146,0.0,20255.57506849315,200.0,20455.57506849315,True
SKU0142,AX,0.97,0.75,1.0,1.0,0.85,551.0,12.079212383396381,112.92596268367194,1.0,1.0,306.1463414634146,0.0,20255.57506849315,200.0,20455.57506849315,True
SKU0142,AX,0.97,0.75,1.0,1.0,0.9,551.0,16.096625626796563,116.94337592707213,1.0,1.0,310.6260162601626,0.0,20551.964006849317,200.0,20751.964006849317,True
SKU0142,AX,0.97,0.75,1.0,1.0,0.95,551.0,19.84319445139579,120.68994475167135,1.0,1.0,310.6260162601626,0.0,20551.964006849317,200.0,20751.964006849317,True
SKU0142,AX,0.97,0.75,1.0,1.0,0.97,551.0,20.05728742068143,120.90403772095699,1.0,1.0,310.6260162601626,0.0,20551.964006849317,200.0,20751.964006849317,True
SKU0142,AX,0.97,0.75,1.0,1.0,0.99,551.0,28.469968181169477,129.31671848144504,1.0,1.0,315.1056910569106,0.0,20848.35294520548,200.0,21048.35294520548,True
SKU0142,AX,0.97,1.0,1.0,1.0,0.75,734.0,6.0693688481660155,106.91611914844158,0.9991550485847064,0.75,381.6666666666667,1499.6000000000001,25252.229965753428,150.0,26901.829965753426,True
SKU0142,AX,0.97,1.0,1.0,1.0,0.8,734.0,8.024933322957773,108.87168362323334,1.0,1.0,387.1626016260163,0.0,25615.857773972606,150.0,25765.857773972606,True
SKU0142,AX,0.97,1.0,1.0,1.0,0.85,734.0,12.079212383396381,112.92596268367194,1.0,1.0,387.1626016260163,0.0,25615.857773972606,150.0,25765.857773972606,True
SKU0142,AX,0.97,1.0,1.0,1.0,0.9,734.0,16.096625626796563,116.94337592707213,1.0,1.0,387.1626016260163,0.0,25615.857773972606,150.0,25765.857773972606,True
SKU0142,AX,0.97,1.0,1.0,1.0,0.95,734.0,19.84319445139579,120.68994475167135,1.0,1.0,387.1626016260163,0.0,25615.857773972606,150.0,25765.857773972606,True
SKU0142,AX,0.97,1.0,1.0,1.0,0.97,734.0,20.05728742068143,120.90403772095699,1.0,1.0,387.1626016260163,0.0,25615.857773972606,150.0,25765.857773972606,True
SKU0142,AX,0.97,1.0,1.0,1.0,0.99,734.0,28.469968181169477,129.31671848144504,1.0,1.0,405.0650406504065,0.0,26800.337705479455,150.0,26950.337705479455,True
SKU0142,AX,0.97,1.25,1.0,1.0,0.75,918.0,6.0693688481660155,106.91611914844158,0.9949302915082383,0.75,416.1707317073171,8997.6,27535.124075342464,150.0,36682.72407534246,True
SKU0142,AX,0.97,1.25,1.0,1.0,0.8,918.0,8.024933322957773,108.87168362323334,0.9949302915082383,0.75,416.1707317073171,8997.6,27535.124075342464,150.0,36682.72407534246,True
SKU0142,AX,0.97,1.25,1.0,1.0,0.85,918.0,12.079212383396381,112.92596268367194,0.9949302915082383,0.75,416.1707317073171,8997.6,27535.124075342464,150.0,36682.72407534246,True
SKU0142,AX,0.97,1.25,1.0,1.0,0.9,918.0,16.096625626796563,116.94337592707213,1.0,1.0,425.1463414634146,0.0,28128.9777739726,150.0,28278.9777739726,True
SKU0142,AX,0.97,1.25,1.0,1.0,0.95,918.0,19.84319445139579,120.68994475167135,1.0,1.0,432.609756097561,0.0,28622.780034246578,150.0,28772.780034246578,True
SKU0142,AX,0.97,1.25,1.0,1.0,0.97,918.0,20.05728742068143,120.90403772095699,1.0,1.0,432.609756097561,0.0,28622.780034246578,150.0,28772.780034246578,True
SKU0142,AX,0.97,1.25,1.0,1.0,0.99,918.0,28.469968181169477,129.31671848144504,1.0,1.0,447.5365853658537,0.0,29610.384554794524,150.0,29760.384554794524,True
SKU0142,AX,0.97,1.5,1.0,1.0,0.75,1101.0,6.0693688481660155,106.91611914844158,1.0,1.0,560.219512195122,0.0,37065.83044520548,100.0,37165.83044520548,True
SKU0142,AX,0.97,1.5,1.0,1.0,0.8,1101.0,8.024933322957773,108.87168362323334,1.0,1.0,560.219512195122,0.0,37065.83044520548,100.0,37165.83044520548,True
SKU0142,AX,0.97,1.5,1.0,1.0,0.85,1101.0,12.079212383396381,112.92596268367194,1.0,1.0,560.219512195122,0.0,37065.83044520548,100.0,37165.83044520548,True
SKU0142,AX,0.97,1.5,1.0,1.0,0.9,1101.0,16.096625626796563,116.94337592707213,1.0,1.0,569.170731707317,0.0,37658.070410958906,100.0,37758.070410958906,True
SKU0142,AX,0.97,1.5,1.0,1.0,0.95,1101.0,19.84319445139579,120.68994475167135,1.0,1.0,569.170731707317,0.0,37658.070410958906,100.0,37758.070410958906,True
SKU0142,AX,0.97,1.5,1.0,1.0,0.97,1101.0,20.05728742068143,120.90403772095699,1.0,1.0,569.170731707317,0.0,37658.070410958906,100.0,37758.070410958906,True
SKU0142,AX,0.97,1.5,1.0,1.0,0.99,1101.0,28.469968181169477,129.31671848144504,1.0,1.0,578.1219512195122,0.0,38250.31037671233,100.0,38350.31037671233,True
SKU0143,BZ,0.98,0.5,1.0,1.0,0.75,373.0,0.1270030262030062,58.38076728378453,1.0,1.0,198.33333333333334,0.0,10142.806061643836,150.0,10292.806061643836,True
SKU0143,BZ,0.98,0.5,1.0,1.0,0.8,373.0,2.5953544467393037,60.84911870432083,1.0,1.0,198.33333333333334,0.0,10142.806061643836,150.0,10292.806061643836,True
SKU0143,BZ,0.98,0.5,1.0,1.0,0.85,373.0,5.484746266096111,63.73851052367763,1.0,1.0,201.3658536585366,0.0,10297.889753424659,150.0,10447.889753424659,True
SKU0143,BZ,0.98,0.5,1.0,1.0,0.9,373.0,9.524740611147966,67.77850486872948,1.0,1.0,204.39837398373984,0.0,10452.97344520548,150.0,10602.97344520548,True
SKU0143,BZ,0.98,0.5,1.0,1.0,0.95,373.0,12.210432978656861,70.46419723623839,1.0,1.0,210.46341463414635,0.0,10763.140828767124,150.0,10913.140828767124,True
SKU0143,BZ,0.98,0.5,1.0,1.0,0.97,373.0,13.728593051624054,71.98235730920558,1.0,1.0,210.46341463414635,0.0,10763.140828767124,150.0,10913.140828767124,True
SKU0143,BZ,0.98,0.5,1.0,1.0,0.99,373.0,17.591000712040294,75.84476496962182,1.0,1.0,210.46341463414635,0.0,10763.140828767124,150.0,10913.140828767124,True
SKU0143,BZ,0.98,0.75,1.0,1.0,0.75,560.0,0.1270030262030062,58.38076728378453,1.0,1.0,291.4959349593496,0.0,14907.16001369863,100.0,15007.16001369863,True
SKU0143,BZ,0.98,0.75,1.0,1.0,0.8,560.0,2.5953544467393037,60.84911870432083,1.0,1.0,291.4959349593496,0.0,14907.16001369863,100.0,15007.16001369863,True
SKU0143,BZ,0.98,0.75,1.0,1.0,0.85,560.0,5.484746266096111,63.73851052367763,1.0,1.0,291.4959349593496,0.0,14907.16001369863,100.0,15007.16001369863,True
SKU0143,BZ,0.98,0.75,1.0,1.0,0.9,560.0,9.524740611147966,67.77850486872948,1.0,1.0,300.6016260162602,0.0,15372.826863013699,100.0,15472.826863013699,True
SKU0143,BZ,0.98,0.75,1.0,1.0,0.95,560.0,12.210432978656861,70.46419723623839,1.0,1.0,300.6016260162602,0.0,15372.826863013699,100.0,15472.826863013699,True
SKU0143,BZ,0.98,0.75,1.0,1.0,0.97,560.0,13.728593051624054,71.98235730920558,1.0,1.0,300.6016260162602,0.0,15372.826863013699,100.0,15472.826863013699,True
SKU0143,BZ,0.98,0.75,1.0,1.0,0.99,560.0,17.591000712040294,75.84476496962182,1.0,1.0,300.6016260162602,0.0,15372.826863013699,100.0,15472.826863013699,True
SKU0143,BZ,0.98,1.0,1.0,1.0,0.75,746.0,0.1270030262030062,58.38076728378453,1.0,1.0,401.5121951219512,0.0,20533.413410958903,100.0,20633.413410958903,True
SKU0143,BZ,0.98,1.0,1.0,1.0,0.8,746.0,2.5953544467393037,60.84911870432083,1.0,1.0,401.5121951219512,0.0,20533.413410958903,100.0,20633.413410958903,True
SKU0143,BZ,0.98,1.0,1.0,1.0,0.85,746.0,5.484746266096111,63.73851052367763,1.0,1.0,407.5772357723577,0.0,20843.580794520545,100.0,20943.580794520545,True
SKU0143,BZ,0.98,1.0,1.0,1.0,0.9,746.0,9.524740611147966,67.77850486872948,1.0,1.0,413.6422764227642,0.0,21153.74817808219,100.0,21253.74817808219,True
SKU0143,BZ,0.98,1.0,1.0,1.0,0.95,746.0,12.210432978656861,70.46419723623839,1.0,1.0,419.7073170731707,0.0,21463.915561643833,100.0,21563.915561643833,True
SKU0143,BZ,0.98,1.0,1.0,1.0,0.97,746.0,13.728593051624054,71.98235730920558,1.0,1.0,419.7073170731707,0.0,21463.915561643833,100.0,21563.915561643833,True
SKU0143,BZ,0.98,1.0,1.0,1.0,0.99,746.0,17.591000712040294,75.84476496962182,1.0,1.0,419.7073170731707,0.0,21463.915561643833,100.0,21563.915561643833,True
SKU0143,BZ,0.98,1.25,1.0,1.0,0.75,933.0,0.1270030262030062,58.38076728378453,1.0,1.0,420.1788617886179,0.0,21488.030452054794,100.0,21588.030452054794,True
SKU0143,BZ,0.98,1.25,1.0,1.0,0.8,933.0,2.5953544467393037,60.84911870432083,1.0,1.0,420.1788617886179,0.0,21488.030452054794,100.0,21588.030452054794,True
SKU0143,BZ,0.98,1.25,1.0,1.0,0.85,933.0,5.484746266096111,63.73851052367763,1.0,1.0,420.1788617886179,0.0,21488.030452054794,100.0,21588.030452054794,True
SKU0143,BZ,0.98,1.25,1.0,1.0,0.9,933.0,9.524740611147966,67.77850486872948,1.0,1.0,427.7642276422764,0.0,21875.94756849315,100.0,21975.94756849315,True
SKU0143,BZ,0.98,1.25,1.0,1.0,0.95,933.0,12.210432978656861,70.46419723623839,1.0,1.0,435.349593495935,0.0,22263.86468493151,100.0,22363.86468493151,True
SKU0143,BZ,0.98,1.25,1.0,1.0,0.97,933.0,13.728593051624054,71.98235730920558,1.0,1.0,442.9349593495935,0.0,22651.78180136986,100.0,22751.78180136986,True
SKU0143,BZ,0.98,1.25,1.0,1.0,0.99,933.0,17.591000712040294,75.84476496962182,1.0,1.0,450.520325203252,0.0,23039.698917808215,100.0,23139.698917808215,True
SKU0143,BZ,0.98,1.5,1.0,1.0,0.75,1119.0,0.1270030262030062,58.38076728378453,1.0,1.0,513.7154471544716,0.0,26271.510006849312,50.0,26321.510006849312,True
SKU0143,BZ,0.98,1.5,1.0,1.0,0.8,1119.0,2.5953544467393037,60.84911870432083,1.0,1.0,513.7154471544716,0.0,26271.510006849312,50.0,26321.510006849312,True
SKU0143,BZ,0.98,1.5,1.0,1.0,0.85,1119.0,5.484746266096111,63.73851052367763,1.0,1.0,513.7154471544716,0.0,26271.510006849312,50.0,26321.510006849312,True
SKU0143,BZ,0.98,1.5,1.0,1.0,0.9,1119.0,9.524740611147966,67.77850486872948,1.0,1.0,522.8130081300814,0.0,26736.761082191784,50.0,26786.761082191784,True
SKU0143,BZ,0.98,1.5,1.0,1.0,0.95,1119.0,12.210432978656861,70.46419723623839,1.0,1.0,522.8130081300814,0.0,26736.761082191784,50.0,26786.761082191784,True
SKU0143,BZ,0.98,1.5,1.0,1.0,0.97,1119.0,13.728593051624054,71.98235730920558,1.0,1.0,522.8130081300814,0.0,26736.761082191784,50.0,26786.761082191784,True
SKU0143,BZ,0.98,1.5,1.0,1.0,0.99,1119.0,17.591000712040294,75.84476496962182,1.0,1.0,522.8130081300814,0.0,26736.761082191784,50.0,26786.761082191784,True
SKU0144,AY,0.97,0.5,1.0,1.0,0.75,391.0,1.88458137732,126.45911498195255,1.0,1.0,217.82926829268294,0.0,18287.32358219178,350.0,18637.32358219178,True
SKU0144,AY,0.97,0.5,1.0,1.0,0.8,391.0,5.440712313531156,130.0152459181637,1.0,1.0,221.0081300813008,0.0,18554.197150684933,350.0,18904.197150684933,True
SKU0144,AY,0.97,0.5,1.0,1.0,0.85,391.0,14.881862963677724,139.45639656831028,1.0,1.0,224.1869918699187,0.0,18821.070719178082,350.0,19171.070719178082,True
SKU0144,AY,0.97,0.5,1.0,1.0,0.9,391.0,22.111010997805714,146.68554460243826,1.0,1.0,236.90243902439025,0.0,19888.564993150685,350.0,20238.564993150685,True
SKU0144,AY,0.97,0.5,1.0,1.0,0.95,391.0,27.747714951135997,152.32224855576854,1.0,1.0,243.260162601626,0.0,20422.312130136987,350.0,20772.312130136987,True
SKU0144,AY,0.97,0.5,1.0,1.0,0.97,391.0,28.420076141753324,152.99460974638586,1.0,1.0,243.260162601626,0.0,20422.312130136987,350.0,20772.312130136987,True
SKU0144,AY,0.97,0.5,1.0,1.0,0.99,391.0,40.69136549433697,165.26589909896953,1.0,1.0,252.79674796747966,0.0,21222.932835616437,350.0,21572.932835616437,True
SKU0144,AY,0.97,0.75,1.0,1.0,0.75,586.0,1.88458137732,126.45911498195255,1.0,1.0,322.9105691056911,0.0,27109.167246575347,250.0,27359.167246575347,True
SKU0144,AY,0.97,0.75,1.0,1.0,0.8,586.0,5.440712313531156,130.0152459181637,1.0,1.0,322.9105691056911,0.0,27109.167246575347,250.0,27359.167246575347,True
SKU0144,AY,0.97,0.75,1.0,1.0,0.85,586.0,14.881862963677724,139.45639656831028,1.0,1.0,327.6747967479675,0.0,27509.136328767127,250.0,27759.136328767127,True
SKU0144,AY,0.97,0.75,1.0,1.0,0.9,586.0,22.111010997805714,146.68554460243826,1.0,1.0,337.2032520325203,0.0,28309.07449315068,250.0,28559.07449315068,True
SKU0144,AY,0.97,0.75,1.0,1.0,0.95,586.0,27.747714951135997,152.32224855576854,1.0,1.0,337.2032520325203,0.0,28309.07449315068,250.0,28559.07449315068,True
SKU0144,AY,0.97,0.75,1.0,1.0,0.97,586.0,28.420076141753324,152.99460974638586,1.0,1.0,337.2032520325203,0.0,28309.07449315068,250.0,28559.07449315068,True
SKU0144,AY,0.97,0.75,1.0,1.0,0.99,586.0,40.69136549433697,165.26589909896953,1.0,1.0,365.7886178861789,0.0,30708.888986301372,250.0,30958.888986301372,True
SKU0144,AY,0.97,1.0,1.0,1.0,0.75,781.0,1.88458137732,126.45911498195255,1.0,1.0,403.1626016260163,0.0,33846.53040410959,200.0,34046.53040410959,True
SKU0144,AY,0.97,1.0,1.0,1.0,0.8,781.0,5.440712313531156,130.0152459181637,1.0,1.0,409.5121951219512,0.0,34379.595,200.0,34579.595,True
SKU0144,AY,0.97,1.0,1.0,1.0,0.85,781.0,14.881862963677724,139.45639656831028,1.0,1.0,415.8617886178862,0.0,34912.65959589041,200.0,35112.65959589041,True
SKU0144,AY,0.97,1.0,1.0,1.0,0.9,781.0,22.111010997805714,146.68554460243826,1.0,1.0,441.260162601626,0.0,37044.91797945205,200.0,37244.91797945205,True
SKU0144,AY,0.97,1.0,1.0,1.0,0.95,781.0,27.747714951135997,152.32224855576854,1.0,1.0,441.260162601626,0.0,37044.91797945205,200.0,37244.91797945205,True
SKU0144,AY,0.97,1.0,1.0,1.0,0.97,781.0,28.420076141753324,152.99460974638586,1.0,1.0,441.260162601626,0.0,37044.91797945205,200.0,37244.91797945205,True
SKU0144,AY,0.97,1.0,1.0,1.0,0.99,781.0,40.69136549433697,165.26589909896953,1.0,1.0,460.3089430894309,0.0,38644.11176712329,200.0,38844.11176712329,True
SKU0144,AY,0.97,1.25,1.0,1.0,0.75,977.0,1.88458137732,126.45911498195255,0.9954954954954955,0.75,521.0813008130082,6651.710000000001,43746.10645890411,150.0,50547.81645890411,True
SKU0144,AY,0.97,1.25,1.0,1.0,0.8,977.0,5.440712313531156,130.0152459181637,0.9954954954954955,0.75,529.0243902439024,6651.710000000001,44412.94910958904,150.0,51214.65910958904,True
SKU0144,AY,0.97,1.25,1.0,1.0,0.85,977.0,14.881862963677724,139.45639656831028,0.9954954954954955,0.75,529.0243902439024,6651.710000000001,44412.94910958904,150.0,51214.65910958904,True
SKU0144,AY,0.97,1.25,1.0,1.0,0.9,977.0,22.111010997805714,146.68554460243826,1.0,1.0,544.2926829268292,0.0,45694.76128767123,150.0,45844.76128767123,True
SKU0144,AY,0.97,1.25,1.0,1.0,0.95,977.0,27.747714951135997,152.32224855576854,1.0,1.0,544.2926829268292,0.0,45694.76128767123,150.0,45844.76128767123,True
SKU0144,AY,0.97,1.25,1.0,1.0,0.97,977.0,28.420076141753324,152.99460974638586,1.0,1.0,544.2926829268292,0.0,45694.76128767123,150.0,45844.76128767123,True
SKU0144,AY,0.97,1.25,1.0,1.0,0.99,977.0,40.69136549433697,165.26589909896953,1.0,1.0,544.2926829268292,0.0,45694.76128767123,150.0,45844.76128767123,True
SKU0144,AY,0.97,1.5,1.0,1.0,0.75,1172.0,1.88458137732,126.45911498195255,1.0,1.0,613.5284552845528,0.0,51507.28126027397,150.0,51657.28126027397,True
SKU0144,AY,0.97,1.5,1.0,1.0,0.8,1172.0,5.440712313531156,130.0152459181637,1.0,1.0,613.5284552845528,0.0,51507.28126027397,150.0,51657.28126027397,True
SKU0144,AY,0.97,1.5,1.0,1.0,0.85,1172.0,14.881862963677724,139.45639656831028,1.0,1.0,613.5284552845528,0.0,51507.28126027397,150.0,51657.28126027397,True
SKU0144,AY,0.97,1.5,1.0,1.0,0.9,1172.0,22.111010997805714,146.68554460243826,1.0,1.0,632.5853658536586,0.0,53107.1575890411,150.0,53257.1575890411,True
SKU0144,AY,0.97,1.5,1.0,1.0,0.95,1172.0,27.747714951135997,152.32224855576854,1.0,1.0,632.5853658536586,0.0,53107.1575890411,150.0,53257.1575890411,True
SKU0144,AY,0.97,1.5,1.0,1.0,0.97,1172.0,28.420076141753324,152.99460974638586,1.0,1.0,632.5853658536586,0.0,53107.1575890411,150.0,53257.1575890411,True
SKU0144,AY,0.97,1.5,1.0,1.0,0.99,1172.0,40.69136549433697,165.26589909896953,1.0,1.0,661.170731707317,0.0,55506.97208219178,150.0,55656.97208219178,True
SKU0145,CZ,0.98,0.5,1.0,1.0,0.75,304.0,0.0,58.61450837892015,0.9983136593591906,0.8,157.9512195121951,362.96000000000004,5139.903616438356,200.0,5702.863616438356,True
SKU0145,CZ,0.98,0.5,1.0,1.0,0.8,304.0,2.2382061928528745,60.85271457177302,0.9983136593591906,0.8,160.4227642276423,362.96000000000004,5220.330356164383,200.0,5783.290356164383,True
SKU0145,CZ,0.98,0.5,1.0,1.0,0.85,304.0,4.767622098990548,63.3821304779107,0.9983136593591906,0.8,160.4227642276423,362.96000000000004,5220.330356164383,200.0,5783.290356164383,True
SKU0145,CZ,0.98,0.5,1.0,1.0,0.9,304.0,6.814864735872848,65.429373114793,0.9983136593591906,0.8,162.89430894308944,362.96000000000004,5300.757095890412,200.0,5863.717095890412,True
SKU0145,CZ,0.98,0.5,1.0,1.0,0.95,304.0,9.781854482037621,68.39636286095777,1.0,1.0,171.52845528455285,0.0,5581.721561643835,200.0,5781.721561643835,True
SKU0145,CZ,0.98,0.5,1.0,1.0,0.97,304.0,11.256076053557363,69.87058443247751,1.0,1.0,171.52845528455285,0.0,5581.721561643835,200.0,5781.721561643835,True
SKU0145,CZ,0.98,0.5,1.0,1.0,0.99,304.0,15.748697975754492,74.36320635467465,1.0,1.0,178.9430894308943,0.0,5823.001780821918,200.0,6023.001780821918,True
SKU0145,CZ,0.98,0.75,1.0,1.0,0.75,456.0,0.0,58.61450837892015,1.0,1.0,216.01626016260164,0.0,7029.402876712329,150.0,7179.402876712329,True
SKU0145,CZ,0.98,0.75,1.0,1.0,0.8,456.0,2.2382061928528745,60.85271457177302,1.0,1.0,219.72357723577235,0.0,7150.04298630137,150.0,7300.04298630137,True
SKU0145,CZ,0.98,0.75,1.0,1.0,0.85,456.0,4.767622098990548,63.3821304779107,1.0,1.0,219.72357723577235,0.0,7150.04298630137,150.0,7300.04298630137,True
SKU0145,CZ,0.98,0.75,1.0,1.0,0.9,456.0,6.814864735872848,65.429373114793,1.0,1.0,219.72357723577235,0.0,7150.04298630137,150.0,7300.04298630137,True
SKU0145,CZ,0.98,0.75,1.0,1.0,0.95,456.0,9.781854482037621,68.39636286095777,1.0,1.0,227.1382113821138,0.0,7391.323205479452,150.0,7541.323205479452,True
SKU0145,CZ,0.98,0.75,1.0,1.0,0.97,456.0,11.256076053557363,69.87058443247751,1.0,1.0,230.84552845528455,0.0,7511.963315068493,150.0,7661.963315068493,True
SKU0145,CZ,0.98,0.75,1.0,1.0,0.99,456.0,15.748697975754492,74.36320635467465,1.0,1.0,241.96747967479675,0.0,7873.883643835617,150.0,8023.883643835617,True
SKU0145,CZ,0.98,1.0,1.0,1.0,0.75,607.0,0.0,58.61450837892015,1.0,1.0,321.1056910569106,0.0,10449.126684931507,100.0,10549.126684931507,True
SKU0145,CZ,0.98,1.0,1.0,1.0,0.8,607.0,2.2382061928528745,60.85271457177302,1.0,1.0,321.1056910569106,0.0,10449.126684931507,100.0,10549.126684931507,True
SKU0145,CZ,0.98,1.0,1.0,1.0,0.85,607.0,4.767622098990548,63.3821304779107,1.0,1.0,326.0406504065041,0.0,10609.715602739727,100.0,10709.715602739727,True
SKU0145,CZ,0.98,1.0,1.0,1.0,0.9,607.0,6.814864735872848,65.429373114793,1.0,1.0,326.0406504065041,0.0,10609.715602739727,100.0,10709.715602739727,True
SKU0145,CZ,0.98,1.0,1.0,1.0,0.95,607.0,9.781854482037621,68.39636286095777,1.0,1.0,335.9105691056911,0.0,10930.893438356166,100.0,11030.893438356166,True
SKU0145,CZ,0.98,1.0,1.0,1.0,0.97,607.0,11.256076053557363,69.87058443247751,1.0,1.0,335.9105691056911,0.0,10930.893438356166,100.0,11030.893438356166,True
SKU0145,CZ,0.98,1.0,1.0,1.0,0.99,607.0,15.748697975754492,74.36320635467465,1.0,1.0,335.9105691056911,0.0,10930.893438356166,100.0,11030.893438356166,True
SKU0145,CZ,0.98,1.25,1.0,1.0,0.75,759.0,0.0,58.61450837892015,1.0,1.0,378.1138211382114,0.0,12304.232931506851,100.0,12404.232931506851,True
SKU0145,CZ,0.98,1.25,1.0,1.0,0.8,759.0,2.2382061928528745,60.85271457177302,1.0,1.0,378.1138211382114,0.0,12304.232931506851,100.0,12404.232931506851,True
SKU0145,CZ,0.98,1.25,1.0,1.0,0.85,759.0,4.767622098990548,63.3821304779107,1.0,1.0,378.1138211382114,0.0,12304.232931506851,100.0,12404.232931506851,True
SKU0145,CZ,0.98,1.25,1.0,1.0,0.9,759.0,6.814864735872848,65.429373114793,1.0,1.0,384.2845528455285,0.0,12505.035219178084,100.0,12605.035219178084,True
SKU0145,CZ,0.98,1.25,1.0,1.0,0.95,759.0,9.781854482037621,68.39636286095777,1.0,1.0,402.7967479674797,0.0,13107.442082191781,100.0,13207.442082191781,True
SKU0145,CZ,0.98,1.25,1.0,1.0,0.97,759.0,11.256076053557363,69.87058443247751,1.0,1.0,402.7967479674797,0.0,13107.442082191781,100.0,13207.442082191781,True
SKU0145,CZ,0.98,1.25,1.0,1.0,0.99,759.0,15.748697975754492,74.36320635467465,1.0,1.0,408.9674796747967,0.0,13308.244369863012,100.0,13408.244369863012,True
SKU0145,CZ,0.98,1.5,1.0,1.0,0.75,911.0,0.0,58.61450837892015,1.0,1.0,378.2845528455285,0.0,12309.788726027396,100.0,12409.788726027396,True
SKU0145,CZ,0.98,1.5,1.0,1.0,0.8,911.0,2.2382061928528745,60.85271457177302,1.0,1.0,378.2845528455285,0.0,12309.788726027396,100.0,12409.788726027396,True
SKU0145,CZ,0.98,1.5,1.0,1.0,0.85,911.0,4.767622098990548,63.3821304779107,1.0,1.0,378.2845528455285,0.0,12309.788726027396,100.0,12409.788726027396,True
SKU0145,CZ,0.98,1.5,1.0,1.0,0.9,911.0,6.814864735872848,65.429373114793,1.0,1.0,378.2845528455285,0.0,12309.788726027396,100.0,12409.788726027396,True
SKU0145,CZ,0.98,1.5,1.0,1.0,0.95,911.0,9.781854482037621,68.39636286095777,1.0,1.0,393.0975609756098,0.0,12791.820041095893,100.0,12891.820041095893,True
SKU0145,CZ,0.98,1.5,1.0,1.0,0.97,911.0,11.256076053557363,69.87058443247751,1.0,1.0,393.0975609756098,0.0,12791.820041095893,100.0,12891.820041095893,True
SKU0145,CZ,0.98,1.5,1.0,1.0,0.99,911.0,15.748697975754492,74.36320635467465,1.0,1.0,407.9105691056911,0.0,13273.851356164385,100.0,13373.851356164385,True
SKU0147,AX,0.97,0.5,1.0,1.0,0.75,233.0,1.7641881510095665,124.68386581703766,0.9966459032103497,0.7777777777777778,133.98373983739836,8761.899999999998,10170.417534246573,400.0,19332.31753424657,True
SKU0147,AX,0.97,0.5,1.0,1.0,0.8,233.0,3.922259094098729,126.84193676012683,0.9966459032103497,0.7777777777777778,135.8780487804878,8761.899999999998,10314.210452054795,400.0,19476.110452054792,True
SKU0147,AX,0.97,0.5,1.0,1.0,0.85,233.0,5.986607100197098,128.90628476622518,0.9966459032103497,0.8888888888888888,139.4390243902439,8761.899999999998,10584.516452054793,400.0,19746.416452054793,True
SKU0147,AX,0.97,0.5,1.0,1.0,0.9,233.0,9.314654023732974,132.23433168976106,1.0,1.0,144.609756097561,0.0,10977.015575342468,400.0,11377.015575342468,True
SKU0147,AX,0.97,0.5,1.0,1.0,0.95,233.0,13.263753215375187,136.18343088140327,1.0,1.0,146.5040650406504,0.0,11120.808493150686,400.0,11520.808493150686,True
SKU0147,AX,0.97,0.5,1.0,1.0,0.97,233.0,16.9070644579507,139.8267421239788,1.0,1.0,150.29268292682926,0.0,11408.394328767123,400.0,11808.394328767123,True
SKU0147,AX,0.97,0.5,1.0,1.0,0.99,233.0,18.19557605231294,141.11525371834102,1.0,1.0,150.29268292682926,0.0,11408.394328767123,400.0,11808.394328767123,True
SKU0147,AX,0.97,0.75,1.0,1.0,0.75,349.0,1.7641881510095665,124.68386581703766,0.9966459032103497,0.8333333333333334,178.6910569105691,8761.899999999998,13564.053821917809,300.0,22625.953821917807,True
SKU0147,AX,0.97,0.75,1.0,1.0,0.8,349.0,3.922259094098729,126.84193676012683,0.9966459032103497,0.8333333333333334,178.6910569105691,8761.899999999998,13564.053821917809,300.0,22625.953821917807,True
SKU0147,AX,0.97,0.75,1.0,1.0,0.85,349.0,5.986607100197098,128.90628476622518,0.9966459032103497,0.8571428571428571,187.20325203252034,8761.899999999998,14210.196246575342,300.0,23272.09624657534,True
SKU0147,AX,0.97,0.75,1.0,1.0,0.9,349.0,9.314654023732974,132.23433168976106,0.9966459032103497,0.8571428571428571,192.8780487804878,8761.899999999998,14640.957863013697,300.0,23702.857863013694,True
SKU0147,AX,0.97,0.75,1.0,1.0,0.95,349.0,13.263753215375187,136.18343088140327,1.0,1.0,199.0487804878049,0.0,15109.364835616438,300.0,15409.364835616438,True
SKU0147,AX,0.97,0.75,1.0,1.0,0.97,349.0,16.9070644579507,139.8267421239788,1.0,1.0,201.8861788617886,0.0,15324.745643835615,300.0,15624.745643835615,True
SKU0147,AX,0.97,0.75,1.0,1.0,0.99,349.0,18.19557605231294,141.11525371834102,1.0,1.0,201.8861788617886,0.0,15324.745643835615,300.0,15624.745643835615,True
SKU0147,AX,0.97,1.0,1.0,1.0,0.75,465.0,1.7641881510095665,124.68386581703766,1.0,1.0,246.52845528455285,0.0,18713.44483561644,200.0,18913.44483561644,True
SKU0147,AX,0.97,1.0,1.0,1.0,0.8,465.0,3.922259094098729,126.84193676012683,1.0,1.0,246.52845528455285,0.0,18713.44483561644,200.0,18913.44483561644,True
SKU0147,AX,0.97,1.0,1.0,1.0,0.85,465.0,5.986607100197098,128.90628476622518,1.0,1.0,246.52845528455285,0.0,18713.44483561644,200.0,18913.44483561644,True
SKU0147,AX,0.97,1.0,1.0,1.0,0.9,465.0,9.314654023732974,132.23433168976106,1.0,1.0,246.52845528455285,0.0,18713.44483561644,200.0,18913.44483561644,True
SKU0147,AX,0.97,1.0,1.0,1.0,0.95,465.0,13.263753215375187,136.18343088140327,1.0,1.0,254.08943089430895,0.0,19287.382232876713,200.0,19487.382232876713,True
SKU0147,AX,0.97,1.0,1.0,1.0,0.97,465.0,16.9070644579507,139.8267421239788,1.0,1.0,257.869918699187,0.0,19574.350931506848,200.0,19774.350931506848,True
SKU0147,AX,0.97,1.0,1.0,1.0,0.99,465.0,18.19557605231294,141.11525371834102,1.0,1.0,257.869918699187,0.0,19574.350931506848,200.0,19774.350931506848,True
SKU0147,AX,0.97,1.25,1.0,1.0,0.75,582.0,1.7641881510095665,124.68386581703766,1.0,1.0,284.7967479674797,0.0,21618.308630136988,200.0,21818.308630136988,True
SKU0147,AX,0.97,1.25,1.0,1.0,0.8,582.0,3.922259094098729,126.84193676012683,1.0,1.0,289.5284552845528,0.0,21977.48235616438,200.0,22177.48235616438,True
SKU0147,AX,0.97,1.25,1.0,1.0,0.85,582.0,5.986607100197098,128.90628476622518,1.0,1.0,294.260162601626,0.0,22336.65608219178,200.0,22536.65608219178,True
SKU0147,AX,0.97,1.25,1.0,1.0,0.9,582.0,9.314654023732974,132.23433168976106,1.0,1.0,294.260162601626,0.0,22336.65608219178,200.0,22536.65608219178,True
SKU0147,AX,0.97,1.25,1.0,1.0,0.95,582.0,13.263753215375187,136.18343088140327,1.0,1.0,298.9918699186992,0.0,22695.82980821918,200.0,22895.82980821918,True
SKU0147,AX,0.97,1.25,1.0,1.0,0.97,582.0,16.9070644579507,139.8267421239788,1.0,1.0,298.9918699186992,0.0,22695.82980821918,200.0,22895.82980821918,True
SKU0147,AX,0.97,1.25,1.0,1.0,0.99,582.0,18.19557605231294,141.11525371834102,1.0,1.0,298.9918699186992,0.0,22695.82980821918,200.0,22895.82980821918,True
SKU0147,AX,0.97,1.5,1.0,1.0,0.75,698.0,1.7641881510095665,124.68386581703766,1.0,1.0,377.8048780487805,0.0,28678.355753424657,150.0,28828.355753424657,True
SKU0147,AX,0.97,1.5,1.0,1.0,0.8,698.0,3.922259094098729,126.84193676012683,1.0,1.0,377.8048780487805,0.0,28678.355753424657,150.0,28828.355753424657,True
SKU0147,AX,0.97,1.5,1.0,1.0,0.85,698.0,5.986607100197098,128.90628476622518,1.0,1.0,377.8048780487805,0.0,28678.355753424657,150.0,28828.355753424657,True
SKU0147,AX,0.97,1.5,1.0,1.0,0.9,698.0,9.314654023732974,132.23433168976106,1.0,1.0,383.479674796748,0.0,29109.117369863012,150.0,29259.117369863012,True
SKU0147,AX,0.97,1.5,1.0,1.0,0.95,698.0,13.263753215375187,136.18343088140327,1.0,1.0,389.1544715447154,0.0,29539.878986301366,150.0,29689.878986301366,True
SKU0147,AX,0.97,1.5,1.0,1.0,0.97,698.0,16.9070644579507,139.8267421239788,1.0,1.0,389.1544715447154,0.0,29539.878986301366,150.0,29689.878986301366,True
SKU0147,AX,0.97,1.5,1.0,1.0,0.99,698.0,18.19557605231294,141.11525371834102,1.0,1.0,389.1544715447154,0.0,29539.878986301366,150.0,29689.878986301366,True
SKU0150,AY,0.97,0.5,1.0,1.0,0.75,317.0,4.678212195710052,76.52703032396829,0.9994008388256441,0.8,213.58536585365854,1305.8999999999999,17920.960582191783,200.0,19426.860582191784,True
SKU0150,AY,0.97,0.5,1.0,1.0,0.8,317.0,6.69912499029005,78.54794311854829,0.9994008388256441,0.8,216.16260162601625,1305.8999999999999,18137.204520547944,200.0,19643.104520547946,True
SKU0150,AY,0.97,0.5,1.0,1.0,0.85,317.0,8.275694822093792,80.12451295035204,0.9994008388256441,0.8,218.739837398374,1305.8999999999999,18353.44845890411,200.0,19859.34845890411,True
SKU0150,AY,0.97,0.5,1.0,1.0,0.9,317.0,10.411113860797938,82.25993198905618,1.0,1.0,223.21951219512195,0.0,18729.317260273972,200.0,18929.317260273972,True
SKU0150,AY,0.97,0.5,1.0,1.0,0.95,317.0,15.790930838912233,87.63974896717048,1.0,1.0,236.10569105691056,0.0,19810.536952054794,200.0,20010.536952054794,True
SKU0150,AY,0.97,0.5,1.0,1.0,0.97,317.0,17.158747991514005,89.00756611977225,1.0,1.0,236.10569105691056,0.0,19810.536952054794,200.0,20010.536952054794,True
SKU0150,AY,0.97,0.5,1.0,1.0,0.99,317.0,19.843908862290597,91.69272699054883,1.0,1.0,238.6829268292683,0.0,20026.78089041096,200.0,20226.78089041096,True
SKU0150,AY,0.97,0.75,1.0,1.0,0.75,476.0,4.678212195710052,76.52703032396829,0.9994008388256441,0.75,263.1138211382114,1305.8999999999999,22076.66428082192,150.0,23532.56428082192,True
SKU0150,AY,0.97,0.75,1.0,1.0,0.8,476.0,6.69912499029005,78.54794311854829,0.9994008388256441,0.75,263.1138211382114,1305.8999999999999,22076.66428082192,150.0,23532.56428082192,True
SKU0150,AY,0.97,0.75,1.0,1.0,0.85,476.0,8.275694822093792,80.12451295035204,0.9994008388256441,0.75,270.8536585365854,1305.8999999999999,22726.078253424657,150.0,24181.97825342466,True
SKU0150,AY,0.97,0.75,1.0,1.0,0.9,476.0,10.411113860797938,82.25993198905618,1.0,1.0,274.0487804878049,0.0,22994.16616438356,150.0,23144.16616438356,True
SKU0150,AY,0.97,0.75,1.0,1.0,0.95,476.0,15.790930838912233,87.63974896717048,1.0,1.0,285.6585365853659,0.0,23968.287123287675,150.0,24118.287123287675,True
SKU0150,AY,0.97,0.75,1.0,1.0,0.97,476.0,17.158747991514005,89.00756611977225,1.0,1.0,293.3983739837398,0.0,24617.70109589041,150.0,24767.70109589041,True
SKU0150,AY,0.97,0.75,1.0,1.0,0.99,476.0,19.843908862290597,91.69272699054883,1.0,1.0,293.3983739837398,0.0,24617.70109589041,150.0,24767.70109589041,True
SKU0150,AY,0.97,1.0,1.0,1.0,0.75,634.0,4.678212195710052,76.52703032396829,0.9994008388256441,0.6666666666666666,352.7560975609756,1305.8999999999999,29598.133253424658,100.0,31004.03325342466,True
SKU0150,AY,0.97,1.0,1.0,1.0,0.8,634.0,6.69912499029005,78.54794311854829,0.9994008388256441,0.6666666666666666,352.7560975609756,1305.8999999999999,29598.133253424658,100.0,31004.03325342466,True
SKU0150,AY,0.97,1.0,1.0,1.0,0.85,634.0,8.275694822093792,80.12451295035204,0.9994008388256441,0.6666666666666666,352.7560975609756,1305.8999999999999,29598.133253424658,100.0,31004.03325342466,True
SKU0150,AY,0.97,1.0,1.0,1.0,0.9,634.0,10.411113860797938,82.25993198905618,1.0,1.0,362.390243902439,0.0,30406.48993150685,100.0,30506.48993150685,True
SKU0150,AY,0.97,1.0,1.0,1.0,0.95,634.0,15.790930838912233,87.63974896717048,1.0,1.0,367.5447154471545,0.0,30838.97780821918,100.0,30938.97780821918,True
SKU0150,AY,0.97,1.0,1.0,1.0,0.97,634.0,17.158747991514005,89.00756611977225,1.0,1.0,367.5447154471545,0.0,30838.97780821918,100.0,30938.97780821918,True
SKU0150,AY,0.97,1.0,1.0,1.0,0.99,634.0,19.843908862290597,91.69272699054883,1.0,1.0,372.6991869918699,0.0,31271.46568493151,100.0,31371.46568493151,True
SKU0150,AY,0.97,1.25,1.0,1.0,0.75,793.0,4.678212195710052,76.52703032396829,0.9994008388256441,0.6666666666666666,399.5691056910569,1305.8999999999999,33525.99633561644,100.0,34931.89633561644,True
SKU0150,AY,0.97,1.25,1.0,1.0,0.8,793.0,6.69912499029005,78.54794311854829,0.9994008388256441,0.6666666666666666,399.5691056910569,1305.8999999999999,33525.99633561644,100.0,34931.89633561644,True
SKU0150,AY,0.97,1.25,1.0,1.0,0.85,793.0,8.275694822093792,80.12451295035204,0.9994008388256441,0.6666666666666666,406.0162601626016,1305.8999999999999,34066.94726027397,100.0,35472.84726027397,True
SKU0150,AY,0.97,1.25,1.0,1.0,0.9,793.0,10.411113860797938,82.25993198905618,1.0,1.0,411.7886178861789,0.0,34551.27910958904,100.0,34651.27910958904,True
SKU0150,AY,0.97,1.25,1.0,1.0,0.95,793.0,15.790930838912233,87.63974896717048,1.0,1.0,418.2357723577236,0.0,35092.23003424658,100.0,35192.23003424658,True
SKU0150,AY,0.97,1.25,1.0,1.0,0.97,793.0,17.158747991514005,89.00756611977225,1.0,1.0,418.2357723577236,0.0,35092.23003424658,100.0,35192.23003424658,True
SKU0150,AY,0.97,1.25,1.0,1.0,0.99,793.0,19.843908862290597,91.69272699054883,1.0,1.0,418.2357723577236,0.0,35092.23003424658,100.0,35192.23003424658,True
SKU0150,AY,0.97,1.5,1.0,1.0,0.75,951.0,4.678212195710052,76.52703032396829,0.9994008388256441,0.6666666666666666,409.4552845528455,1305.8999999999999,34355.49989726028,100.0,35761.39989726028,True
SKU0150,AY,0.97,1.5,1.0,1.0,0.8,951.0,6.69912499029005,78.54794311854829,0.9994008388256441,0.6666666666666666,409.4552845528455,1305.8999999999999,34355.49989726028,100.0,35761.39989726028,True
SKU0150,AY,0.97,1.5,1.0,1.0,0.85,951.0,8.275694822093792,80.12451295035204,0.9994008388256441,0.6666666666666666,417.1869918699187,1305.8999999999999,35004.23171232877,100.0,36410.13171232877,True
SKU0150,AY,0.97,1.5,1.0,1.0,0.9,951.0,10.411113860797938,82.25993198905618,1.0,1.0,424.2439024390244,0.0,35596.3444520548,100.0,35696.3444520548,True
SKU0150,AY,0.97,1.5,1.0,1.0,0.95,951.0,15.790930838912233,87.63974896717048,1.0,1.0,455.1707317073171,0.0,38191.27171232877,100.0,38291.27171232877,True
SKU0150,AY,0.97,1.5,1.0,1.0,0.97,951.0,17.158747991514005,89.00756611977225,1.0,1.0,455.1707317073171,0.0,38191.27171232877,100.0,38291.27171232877,True
SKU0150,AY,0.97,1.5,1.0,1.0,0.99,951.0,19.843908862290597,91.69272699054883,1.0,1.0,455.1707317073171,0.0,38191.27171232877,100.0,38291.27171232877,True